q_id,web_list
1,"[135, 1567, 16, 403, 1157]"
2,"[1607, 590, 595, 18, 884]"
3,"[110, 116, 1249, 1567, 18]"
4,"[478, 1902, 18, 16, 1204]"
5,"[1586, 1193, 1561, 1520, 1538]"
6,"[480, 1900, 443, 403, 1457]"
7,"[1906, 1528, 1178, 1588, 1529]"
8,"[501, 595, 403, 1809, 590]"
9,"[1193, 886, 1909, 1608, 1025]"
10,"[1884, 48, 16, 1197, 18]"
11,"[114, 18, 44, 807, 16]"
12,"[1611, 1192, 109, 114, 901]"
13,"[1193, 927, 1587, 1884, 1917]"
14,"[1567, 372, 739, 368, 1666]"
15,"[18, 1708, 471, 54, 57]"
16,"[361, 1917, 886, 891, 1666]"
17,"[368, 739, 403, 18, 54]"
18,"[1607, 18, 446, 1472, 1500]"
19,"[403, 1574, 884, 1900, 1249]"
20,"[125, 1675, 811, 1544, 1249]"
21,"[18, 114, 54, 57, 58]"
22,"[1619, 891, 1491, 1894, 492]"
23,"[1809, 1193, 1666, 501, 620]"
24,"[1541, 1118, 1553, 1628, 1887]"
25,"[114, 1610, 1917, 1897, 1922]"
26,"[18, 606, 807, 1063, 403]"
27,"[884, 807, 1320, 18, 1574]"
28,"[1249, 420, 478, 160, 1543]"
29,"[1894, 886, 1516, 478, 606]"
30,"[1884, 1567, 1913, 43, 1194]"
31,"[1618, 113, 731, 739, 1193]"
32,"[116, 1900, 114, 1619, 1610]"
33,"[48, 1900, 16, 18, 1567]"
34,"[1567, 893, 1157, 1677, 522]"
35,"[1725, 608, 739, 368, 791]"
36,"[1063, 1567, 18, 884, 807]"
37,"[608, 739, 1717, 807, 18]"
38,"[1607, 1725, 739, 595, 593]"
39,"[478, 1915, 1894, 1884, 1567]"
40,"[1900, 807, 18, 891, 1574]"
41,"[1524, 1525, 1197, 1559, 37]"
42,"[368, 54, 57, 58, 1006]"
43,"[501, 1404, 1861, 1457, 1772]"
44,"[1197, 16, 1567, 18, 807]"
45,"[1063, 927, 739, 44, 16]"
46,"[425, 1032, 1567, 403, 1574]"
47,"[1627, 1905, 1587, 1527, 113]"
48,"[1588, 1193, 1906, 1113, 1528]"
49,"[1919, 48, 18, 1934, 807]"
50,"[1809, 1666, 1193, 501, 595]"
51,"[608, 1725, 768, 739, 740]"
52,"[1900, 478, 662, 807, 18]"
53,"[135, 1567, 16, 403, 1611]"
54,"[1193, 723, 1249, 606, 18]"
55,"[608, 740, 739, 623, 1778]"
56,"[1587, 1904, 413, 43, 1567]"
57,"[608, 1725, 368, 739, 1157]"
58,"[44, 606, 1249, 1567, 43]"
59,"[471, 114, 18, 807, 16]"
60,"[1178, 439, 1132, 688, 44]"
61,"[1157, 1567, 1186, 501, 595]"
62,"[478, 786, 1434, 1457, 1495]"
63,"[868, 1748, 1618, 1902, 1900]"
64,"[1567, 37, 1063, 43, 53]"
65,"[1567, 16, 534, 1006, 225]"
66,"[1457, 1900, 544, 1249, 1574]"
67,"[336, 16, 44, 606, 1249]"
68,"[628, 658, 1863, 1861, 665]"
69,"[1584, 1340, 606, 1193, 18]"
70,"[1896, 1567, 1608, 1517, 1193]"
71,"[1534, 43, 1560, 1193, 1561]"
72,"[1708, 1679, 1717, 807, 861]"
73,"[1855, 1846, 1861, 236, 237]"
74,"[1574, 1193, 1583, 37, 1612]"
75,"[43, 1588, 1191, 1915, 1529]"
76,"[1193, 886, 1620, 1618, 1204]"
77,"[1917, 728, 359, 1584, 730]"
78,"[116, 1197, 1461, 440, 1618]"
79,"[1574, 1063, 1193, 1567, 43]"
80,"[114, 501, 595, 599, 590]"
81,"[44, 501, 443, 807, 1404]"
82,"[1249, 79, 18, 807, 1457]"
83,"[1249, 606, 1567, 16, 44]"
84,"[468, 54, 57, 58, 18]"
85,"[1920, 1919, 1915, 543, 160]"
86,"[884, 18, 807, 1567, 662]"
87,"[1534, 884, 403, 1778, 1320]"
88,"[1567, 1896, 1607, 1608, 1191]"
89,"[111, 1581, 1900, 403, 443]"
90,"[884, 610, 54, 57, 58]"
91,"[687, 97, 1320, 1701, 1713]"
92,"[1567, 114, 16, 1611, 807]"
93,"[891, 632, 1567, 18, 54]"
94,"[16, 116, 1724, 1197, 1897]"
95,"[37, 1194, 1583, 1917, 1907]"
96,"[44, 18, 443, 1457, 807]"
97,"[927, 1861, 1855, 1772, 16]"
98,"[368, 1191, 1249, 54, 57]"
99,"[1717, 88, 49, 457, 533]"
100,"[16, 114, 1611, 1567, 321]"
101,"[1900, 1917, 1902, 473, 283]"
102,"[1825, 1607, 18, 1472, 1363]"
103,"[739, 403, 1249, 807, 1495]"
104,"[926, 1617, 1555, 1618, 1567]"
105,"[1287, 1772, 18, 606, 807]"
106,"[1676, 1014, 1495, 884, 807]"
107,"[446, 18, 577, 1574, 807]"
108,"[48, 18, 1897, 1922, 54]"
109,"[18, 807, 16, 606, 1567]"
110,"[403, 1490, 1603, 1575, 1809]"
111,"[417, 446, 1630, 1679, 807]"
112,"[1193, 419, 1620, 1520, 406]"
113,"[73, 807, 18, 1772, 798]"
114,"[425, 1900, 1561, 1562, 868]"
115,"[403, 443, 1495, 18, 1772]"
116,"[1193, 1029, 1025, 921, 886]"
117,"[43, 44, 606, 1567, 18]"
118,"[608, 768, 1725, 761, 740]"
119,"[478, 561, 544, 891, 522]"
120,"[16, 1717, 54, 57, 58]"
121,"[608, 368, 1725, 1186, 110]"
122,"[1772, 18, 1574, 593, 587]"
123,"[425, 1520, 1620, 1666, 1574]"
124,"[111, 468, 403, 1581, 73]"
125,"[54, 57, 58, 1567, 16]"
126,"[1869, 446, 1778, 1249, 54]"
127,"[1193, 1618, 421, 1619, 926]"
128,"[16, 114, 1611, 1567, 507]"
129,"[608, 1725, 368, 739, 740]"
130,"[1722, 1617, 292, 1555, 1655]"
131,"[1806, 1708, 471, 1246, 662]"
132,"[1907, 1072, 1885, 1448, 670]"
133,"[478, 446, 1434, 54, 57]"
134,"[478, 1193, 1567, 552, 1249]"
135,"[608, 1825, 739, 18, 1472]"
136,"[401, 393, 1717, 1138, 18]"
137,"[1607, 1608, 111, 884, 1581]"
138,"[1567, 1896, 16, 691, 43]"
139,"[1666, 1517, 1896, 1193, 1249]"
140,"[1861, 18, 807, 606, 1249]"
141,"[1438, 1915, 1772, 531, 18]"
142,"[1899, 1906, 1588, 1526, 1916]"
143,"[1574, 1193, 1583, 1063, 43]"
144,"[18, 403, 807, 606, 1567]"
145,"[48, 18, 807, 1437, 1287]"
146,"[78, 44, 16, 807, 1567]"
147,"[1861, 1567, 18, 1574, 1063]"
148,"[1567, 37, 1063, 43, 95]"
149,"[18, 807, 1204, 1573, 606]"
150,"[1567, 108, 1072, 48, 54]"
151,"[1915, 1861, 18, 1574, 1193]"
152,"[114, 16, 1611, 1249, 1511]"
153,"[886, 537, 1193, 406, 419]"
154,"[44, 1772, 1567, 807, 16]"
155,"[692, 1666, 693, 1601, 677]"
156,"[1567, 18, 807, 1882, 16]"
157,"[18, 1567, 884, 1249, 480]"
158,"[1567, 1071, 1807, 103, 811]"
159,"[44, 1614, 884, 1638, 109]"
160,"[1006, 18, 1574, 1666, 403]"
161,"[1071, 868, 1748, 1884, 48]"
162,"[1567, 1193, 37, 1913, 43]"
163,"[1567, 114, 16, 1913, 37]"
164,"[443, 1894, 1567, 480, 18]"
165,"[1525, 845, 369, 807, 1249]"
166,"[18, 16, 1567, 595, 1772]"
167,"[1541, 1553, 1564, 1197, 628]"
168,"[1006, 18, 1063, 807, 16]"
169,"[1917, 884, 1316, 927, 1574]"
170,"[1772, 590, 1809, 587, 595]"
171,"[892, 1673, 1674, 1593, 1063]"
172,"[1567, 1907, 16, 37, 1208]"
173,"[1287, 807, 401, 1194, 47]"
174,"[1588, 43, 113, 1193, 18]"
175,"[1534, 1313, 867, 1745, 1611]"
176,"[18, 807, 784, 1249, 48]"
177,"[403, 1006, 18, 480, 1574]"
178,"[1588, 1567, 1063, 43, 18]"
179,"[412, 807, 18, 1679, 403]"
180,"[1900, 1204, 1574, 807, 1249]"
181,"[111, 884, 1581, 1715, 1006]"
182,"[18, 606, 807, 44, 54]"
183,"[1900, 1926, 1543, 1561, 1032]"
184,"[417, 1630, 1204, 44, 807]"
185,"[1882, 1805, 1751, 368, 1593]"
186,"[1193, 368, 1607, 1778, 1157]"
187,"[113, 43, 1567, 1063, 44]"
188,"[1884, 1724, 116, 1902, 1900]"
189,"[1708, 1806, 1883, 16, 1854]"
190,"[1900, 1902, 1561, 1915, 473]"
191,"[1710, 1113, 1249, 114, 552]"
192,"[900, 1882, 1778, 1666, 1805]"
193,"[1567, 1495, 1249, 501, 18]"
194,"[1567, 37, 95, 807, 18]"
195,"[1457, 1249, 595, 1495, 403]"
196,"[16, 103, 413, 1567, 48]"
197,"[18, 1825, 739, 1472, 403]"
198,"[1557, 926, 1617, 884, 1277]"
199,"[1747, 865, 863, 773, 468]"
200,"[1884, 1724, 48, 1197, 1900]"
201,"[1193, 927, 43, 1587, 1194]"
202,"[1193, 735, 1900, 620, 470]"
203,"[1708, 1679, 1717, 1806, 18]"
204,"[1607, 1608, 1517, 18, 1825]"
205,"[1804, 478, 1794, 1884, 786]"
206,"[1525, 1717, 18, 1708, 16]"
207,"[16, 884, 48, 807, 1573]"
208,"[1481, 16, 44, 468, 43]"
209,"[606, 1567, 1063, 480, 37]"
210,"[731, 730, 1584, 67, 1649]"
211,"[1924, 16, 478, 48, 1249]"
212,"[868, 413, 1748, 811, 1574]"
213,"[114, 16, 1611, 1567, 1904]"
214,"[568, 598, 1724, 564, 596]"
215,"[1063, 1574, 426, 1898, 1567]"
216,"[1567, 16, 114, 1611, 1191]"
217,"[73, 1708, 18, 807, 594]"
218,"[1885, 1567, 1588, 1193, 513]"
219,"[18, 807, 16, 54, 57]"
220,"[1619, 927, 446, 1929, 1249]"
221,"[1608, 1607, 1896, 1517, 886]"
222,"[1659, 773, 1934, 48, 623]"
223,"[1574, 1913, 1583, 1567, 1907]"
224,"[1567, 1896, 1192, 16, 1611]"
225,"[1276, 1935, 1676, 428, 1906]"
226,"[1666, 412, 416, 632, 1138]"
227,"[413, 1539, 1587, 43, 921]"
228,"[114, 44, 455, 43, 1567]"
229,"[784, 645, 708, 1287, 1666]"
230,"[1193, 927, 1194, 1567, 1063]"
231,"[1249, 1869, 1474, 452, 79]"
232,"[1448, 1567, 1574, 557, 43]"
233,"[114, 16, 1611, 1610, 1567]"
234,"[884, 50, 54, 57, 58]"
235,"[1567, 16, 903, 18, 807]"
236,"[16, 1611, 535, 114, 1461]"
237,"[1063, 1574, 426, 37, 1898]"
238,"[796, 1249, 1869, 1043, 936]"
239,"[439, 1238, 1726, 1596, 1585]"
240,"[1193, 1723, 16, 18, 1567]"
241,"[18, 606, 807, 1204, 1573]"
242,"[1588, 1351, 1025, 1193, 1034]"
243,"[1567, 1618, 16, 495, 1611]"
244,"[1567, 1896, 114, 892, 1611]"
245,"[478, 1567, 403, 1063, 480]"
246,"[368, 1900, 1072, 1902, 1896]"
247,"[73, 403, 480, 18, 468]"
248,"[54, 57, 58, 691, 1567]"
249,"[455, 114, 1113, 1307, 390]"
250,"[807, 18, 798, 1772, 1708]"
251,"[1601, 687, 888, 1006, 1599]"
252,"[1906, 1588, 1528, 1529, 114]"
253,"[443, 807, 1204, 18, 1772]"
254,"[1884, 1902, 1900, 114, 1924]"
255,"[687, 468, 1457, 18, 403]"
256,"[1157, 368, 1186, 1724, 403]"
257,"[570, 1894, 531, 1508, 1511]"
258,"[501, 16, 649, 18, 403]"
259,"[892, 1915, 1618, 43, 1249]"
260,"[1772, 18, 661, 1575, 807]"
261,"[1894, 1567, 1717, 18, 43]"
262,"[1249, 43, 403, 1194, 1567]"
263,"[1193, 419, 406, 407, 927]"
264,"[1603, 368, 108, 891, 655]"
265,"[478, 1924, 786, 1495, 1457]"
266,"[1567, 1193, 37, 1885, 106]"
267,"[1555, 891, 1617, 1655, 1722]"
268,"[1924, 478, 1884, 786, 687]"
269,"[1538, 1567, 43, 1586, 1063]"
270,"[884, 807, 1806, 18, 1204]"
271,"[1154, 886, 1054, 927, 1918]"
272,"[1052, 1666, 1344, 1338, 1193]"
273,"[1900, 1619, 501, 1618, 807]"
274,"[1193, 1608, 1896, 1517, 1194]"
275,"[363, 1459, 1249, 807, 1208]"
276,"[1122, 511, 501, 514, 18]"
277,"[1567, 1785, 259, 1384, 256]"
278,"[114, 18, 807, 1204, 662]"
279,"[1491, 1442, 1412, 1507, 1619]"
280,"[403, 1490, 903, 1249, 595]"
281,"[1608, 1607, 1613, 1896, 1567]"
282,"[1063, 37, 1574, 1567, 426]"
283,"[368, 1930, 1724, 54, 57]"
284,"[1588, 1906, 1528, 1193, 43]"
285,"[807, 18, 1204, 16, 606]"
286,"[892, 1673, 1900, 1543, 1677]"
287,"[18, 606, 1618, 1287, 1204]"
288,"[18, 807, 1679, 1708, 1567]"
289,"[903, 419, 862, 1590, 1675]"
290,"[478, 1902, 1900, 1197, 1434]"
291,"[65, 63, 606, 1457, 595]"
292,"[892, 1886, 118, 113, 124]"
293,"[723, 1902, 420, 1197, 403]"
294,"[1567, 37, 1620, 1520, 933]"
295,"[1917, 1900, 739, 18, 1679]"
296,"[1915, 18, 1666, 1520, 160]"
297,"[1574, 1917, 1900, 1583, 1193]"
298,"[114, 1916, 1585, 1897, 1922]"
299,"[1884, 1562, 1608, 1599, 43]"
300,"[403, 1249, 901, 1613, 1612]"
301,"[796, 403, 1249, 901, 903]"
302,"[443, 18, 807, 1772, 1679]"
303,"[1861, 1301, 1249, 18, 1574]"
304,"[478, 1924, 1884, 807, 1204]"
305,"[1708, 18, 403, 1806, 807]"
306,"[375, 807, 624, 691, 16]"
307,"[1679, 807, 1567, 403, 468]"
308,"[886, 1193, 537, 419, 1620]"
309,"[412, 18, 44, 1536, 1567]"
310,"[135, 865, 1747, 111, 1611]"
311,"[501, 417, 18, 1574, 606]"
312,"[1894, 1525, 1541, 1197, 1516]"
313,"[1861, 18, 1855, 114, 1249]"
314,"[298, 434, 1636, 448, 437]"
315,"[1666, 406, 407, 419, 160]"
316,"[608, 768, 1725, 761, 739]"
317,"[114, 1656, 1610, 16, 1884]"
318,"[1900, 1917, 1066, 1035, 1032]"
319,"[114, 1884, 1902, 1900, 1543]"
320,"[1932, 1917, 1630, 349, 886]"
321,"[114, 1900, 1902, 478, 884]"
322,"[1619, 368, 1896, 1072, 403]"
323,"[1338, 731, 1428, 1006, 1666]"
324,"[44, 16, 114, 43, 1611]"
325,"[807, 1708, 18, 16, 1249]"
326,"[1607, 1725, 608, 739, 1608]"
327,"[413, 811, 868, 1748, 1574]"
328,"[1497, 926, 1618, 1249, 606]"
329,"[723, 606, 1567, 16, 1249]"
330,"[1936, 110, 18, 891, 662]"
331,"[807, 1461, 1204, 16, 1573]"
332,"[1618, 1619, 1249, 501, 1610]"
333,"[1607, 884, 501, 368, 1809]"
334,"[1607, 1608, 1517, 1825, 18]"
335,"[1193, 1630, 1574, 18, 807]"
336,"[1717, 1708, 403, 807, 18]"
337,"[723, 687, 16, 807, 606]"
338,"[1193, 927, 1909, 1588, 1561]"
339,"[111, 884, 1581, 1715, 1006]"
340,"[114, 1567, 18, 16, 1495]"
341,"[18, 807, 403, 1204, 1573]"
342,"[1902, 1900, 420, 1552, 1543]"
343,"[114, 1567, 16, 807, 18]"
344,"[18, 807, 54, 57, 58]"
345,"[1269, 1517, 1544, 403, 1102]"
346,"[114, 16, 1611, 1900, 1915]"
347,"[1601, 109, 677, 116, 16]"
348,"[1249, 927, 1054, 1536, 884]"
349,"[114, 16, 606, 1567, 1249]"
350,"[788, 1619, 544, 786, 18]"
351,"[1924, 478, 1197, 1884, 786]"
352,"[18, 884, 807, 1204, 1573]"
353,"[1320, 1197, 403, 861, 468]"
354,"[1193, 1809, 1620, 425, 735]"
355,"[927, 891, 501, 1249, 884]"
356,"[885, 1915, 114, 1596, 1344]"
357,"[114, 1924, 478, 1204, 44]"
358,"[1772, 587, 16, 18, 593]"
359,"[114, 18, 48, 1900, 1608]"
360,"[1574, 413, 1900, 1583, 43]"
361,"[1193, 1586, 1900, 403, 1574]"
362,"[1574, 413, 1900, 1583, 113]"
363,"[43, 114, 44, 884, 1587]"
364,"[1574, 426, 1898, 413, 88]"
365,"[501, 1809, 595, 599, 1255]"
366,"[1717, 403, 807, 468, 18]"
367,"[1270, 1710, 468, 111, 16]"
368,"[1193, 1340, 1389, 1567, 1029]"
369,"[1861, 1855, 1846, 884, 18]"
370,"[443, 480, 37, 1567, 403]"
371,"[1567, 501, 403, 1404, 1457]"
372,"[73, 1320, 1197, 1574, 403]"
373,"[446, 54, 57, 58, 18]"
374,"[1900, 1197, 406, 407, 478]"
375,"[1524, 1197, 1525, 1559, 73]"
376,"[426, 1913, 1898, 1574, 1453]"
377,"[1900, 1902, 403, 595, 807]"
378,"[1461, 582, 1772, 561, 16]"
379,"[413, 1567, 37, 43, 1063]"
380,"[1574, 413, 426, 1063, 88]"
381,"[368, 1725, 608, 739, 1607]"
382,"[892, 478, 1457, 1900, 1902]"
383,"[54, 57, 58, 368, 1567]"
384,"[1574, 1193, 1608, 426, 1898]"
385,"[44, 403, 1567, 443, 1457]"
386,"[403, 446, 54, 57, 58]"
387,"[1567, 16, 1611, 114, 54]"
388,"[1113, 678, 1056, 992, 43]"
389,"[403, 1249, 1567, 595, 1861]"
390,"[1557, 884, 807, 18, 403]"
391,"[445, 561, 478, 1924, 1934]"
392,"[1897, 1922, 113, 43, 1193]"
393,"[446, 1630, 16, 1249, 687]"
394,"[18, 1679, 807, 1717, 1708]"
395,"[1567, 1896, 16, 37, 1611]"
396,"[478, 645, 1522, 655, 502]"
397,"[114, 455, 1567, 1585, 1897]"
398,"[501, 1457, 1404, 403, 1249]"
399,"[1193, 927, 43, 1316, 1574]"
400,"[1567, 37, 1679, 18, 1063]"
401,"[409, 593, 587, 590, 1583]"
402,"[1884, 48, 1197, 16, 18]"
403,"[110, 1884, 1619, 1618, 1557]"
404,"[18, 807, 54, 57, 58]"
405,"[111, 1557, 501, 1809, 1339]"
406,"[368, 1157, 1113, 1930, 1567]"
407,"[403, 1900, 595, 514, 593]"
408,"[1713, 1900, 1902, 1064, 289]"
409,"[1491, 544, 891, 1197, 860]"
410,"[1193, 1041, 1029, 1587, 43]"
411,"[1193, 1567, 807, 606, 403]"
412,"[1601, 109, 692, 114, 1249]"
413,"[403, 1917, 1900, 1567, 18]"
414,"[649, 593, 18, 1204, 1846]"
415,"[1187, 1476, 1482, 1581, 468]"
416,"[884, 927, 1574, 114, 1588]"
417,"[1618, 1193, 501, 1567, 425]"
418,"[1592, 1680, 1590, 1929, 1154]"
419,"[1157, 608, 1186, 740, 1602]"
420,"[1809, 927, 739, 160, 930]"
421,"[903, 1567, 18, 807, 606]"
422,"[892, 1567, 43, 1063, 18]"
423,"[1772, 587, 542, 514, 18]"
424,"[1725, 608, 739, 1607, 740]"
425,"[608, 1725, 739, 740, 403]"
426,"[446, 1197, 595, 807, 18]"
427,"[1611, 114, 18, 54, 57]"
428,"[1567, 1318, 224, 259, 1056]"
429,"[739, 368, 1647, 1549, 1125]"
430,"[903, 1249, 543, 1567, 110]"
431,"[18, 807, 1063, 1679, 1574]"
432,"[1197, 1567, 1913, 43, 1063]"
433,"[1861, 1900, 1249, 807, 501]"
434,"[1193, 927, 886, 1909, 1025]"
435,"[1567, 135, 16, 1611, 114]"
436,"[403, 1249, 1428, 1917, 1567]"
437,"[1882, 1805, 739, 1778, 1567]"
438,"[1567, 37, 1885, 1894, 95]"
439,"[1772, 18, 514, 587, 502]"
440,"[1574, 1917, 426, 1898, 1900]"
441,"[1412, 807, 18, 662, 443]"
442,"[1567, 18, 1063, 1249, 606]"
443,"[1896, 54, 57, 58, 1708]"
444,"[18, 606, 807, 1573, 1063]"
445,"[1772, 480, 443, 593, 18]"
446,"[1204, 807, 18, 16, 1708]"
447,"[1249, 114, 884, 807, 1574]"
448,"[114, 116, 1249, 125, 1550]"
449,"[1071, 1587, 868, 1748, 1627]"
450,"[1193, 1340, 1909, 1389, 1620]"
451,"[608, 1725, 368, 739, 740]"
452,"[1574, 1917, 426, 1898, 1567]"
453,"[1900, 1902, 403, 443, 892]"
454,"[1666, 443, 160, 1149, 403]"
455,"[261, 259, 224, 218, 1567]"
456,"[413, 43, 1063, 1567, 884]"
457,"[796, 114, 1588, 1043, 18]"
458,"[1900, 1691, 18, 1543, 886]"
459,"[1252, 1302, 1447, 1885, 1457]"
460,"[1936, 552, 1885, 512, 511]"
461,"[884, 18, 16, 807, 1573]"
462,"[807, 1249, 1457, 579, 18]"
463,"[1713, 1884, 1538, 1724, 1561]"
464,"[478, 1900, 501, 1902, 807]"
465,"[73, 468, 111, 54, 57]"
466,"[892, 125, 1886, 1249, 1618]"
467,"[73, 3, 468, 54, 57]"
468,"[1491, 18, 807, 16, 1567]"
469,"[18, 54, 57, 58, 1204]"
470,"[1611, 811, 413, 242, 18]"
471,"[1255, 1824, 1874, 1870, 1304]"
472,"[110, 807, 1567, 16, 18]"
473,"[1193, 1680, 1042, 1043, 796]"
474,"[480, 37, 849, 18, 1567]"
475,"[1554, 892, 1574, 37, 18]"
476,"[1772, 18, 1567, 1504, 514]"
477,"[1567, 443, 403, 18, 132]"
478,"[1193, 927, 43, 1194, 1587]"
479,"[1063, 426, 1898, 88, 1718]"
480,"[608, 1725, 368, 739, 1724]"
481,"[1197, 16, 807, 18, 1708]"
482,"[54, 57, 58, 446, 16]"
483,"[1607, 1725, 608, 739, 1608]"
484,"[1900, 1884, 1902, 1543, 1724]"
485,"[413, 103, 1748, 868, 1453]"
486,"[1607, 1608, 1517, 18, 1825]"
487,"[16, 114, 1611, 1567, 535]"
488,"[1612, 1574, 1620, 1927, 1520]"
489,"[18, 807, 1574, 1679, 1575]"
490,"[1884, 1900, 160, 1902, 48]"
491,"[501, 1404, 1457, 1063, 1567]"
492,"[1607, 368, 1608, 372, 1517]"
493,"[1869, 927, 428, 1902, 1249]"
494,"[1610, 44, 368, 54, 57]"
495,"[1894, 1525, 886, 1567, 43]"
496,"[120, 739, 111, 801, 1062]"
497,"[1193, 368, 1157, 403, 1607]"
498,"[1193, 927, 43, 160, 930]"
499,"[114, 1192, 109, 692, 677]"
500,"[18, 807, 1679, 1708, 884]"
501,"[445, 1906, 114, 43, 1528]"
502,"[478, 1536, 1249, 531, 1596]"
503,"[609, 106, 1596, 1623, 1564]"
504,"[1193, 1567, 1608, 886, 1620]"
505,"[1019, 114, 1193, 853, 1249]"
506,"[927, 18, 807, 1575, 16]"
507,"[1936, 406, 407, 1666, 1561]"
508,"[1906, 1528, 1588, 1916, 1529]"
509,"[1574, 426, 1898, 88, 1718]"
510,"[1619, 891, 114, 18, 807]"
511,"[114, 16, 1611, 535, 507]"
512,"[368, 1607, 1567, 901, 410]"
513,"[1338, 1006, 1063, 43, 541]"
514,"[773, 1613, 484, 363, 1892]"
515,"[1194, 927, 54, 57, 58]"
516,"[18, 1006, 1039, 54, 57]"
517,"[608, 739, 615, 1906, 1603]"
518,"[1917, 1193, 1620, 1032, 1586]"
519,"[220, 229, 891, 16, 691]"
520,"[786, 1884, 544, 524, 1679]"
521,"[73, 132, 18, 1708, 807]"
522,"[1567, 16, 18, 1900, 1249]"
523,"[1915, 1894, 796, 900, 1043]"
524,"[1338, 426, 1917, 88, 1885]"
525,"[661, 1691, 807, 1574, 501]"
526,"[1713, 48, 1249, 1536, 892]"
527,"[926, 620, 470, 1561, 1618]"
528,"[1613, 1530, 1191, 257, 1554]"
529,"[1708, 635, 1806, 18, 595]"
530,"[1899, 1892, 48, 1526, 1907]"
531,"[501, 1457, 1404, 892, 1249]"
532,"[1607, 1675, 1256, 1517, 18]"
533,"[1567, 16, 114, 1611, 1894]"
534,"[403, 443, 18, 1567, 807]"
535,"[1249, 1457, 687, 1567, 901]"
536,"[37, 403, 1490, 620, 470]"
537,"[786, 1924, 478, 1197, 1902]"
538,"[606, 807, 593, 1249, 595]"
539,"[1317, 1567, 256, 720, 224]"
540,"[471, 18, 337, 14, 41]"
541,"[452, 1900, 1929, 1249, 606]"
542,"[1611, 114, 1249, 16, 321]"
543,"[1917, 1676, 739, 1588, 1249]"
544,"[1193, 1567, 1885, 513, 796]"
545,"[403, 1586, 1299, 1906, 1250]"
546,"[927, 1617, 891, 1574, 1249]"
547,"[403, 1250, 1607, 1080, 1896]"
548,"[78, 18, 44, 807, 606]"
549,"[1924, 478, 552, 16, 44]"
550,"[1917, 927, 1900, 160, 1069]"
551,"[1561, 892, 1620, 796, 1574]"
552,"[1056, 1567, 1067, 1066, 1907]"
553,"[1725, 608, 739, 1607, 791]"
554,"[1157, 1607, 368, 884, 501]"
555,"[1536, 1516, 1457, 502, 1567]"
556,"[891, 1567, 807, 16, 114]"
557,"[1567, 16, 114, 735, 1913]"
558,"[868, 1924, 1748, 478, 786]"
559,"[413, 811, 868, 1748, 1063]"
560,"[1894, 1536, 1567, 37, 480]"
561,"[114, 1249, 1611, 116, 16]"
562,"[1900, 1543, 1562, 1567, 1608]"
563,"[18, 1679, 1772, 1567, 1138]"
564,"[1924, 478, 1884, 786, 1434]"
565,"[1193, 419, 1620, 1032, 406]"
566,"[413, 426, 1898, 457, 88]"
567,"[1894, 1525, 1541, 1197, 1516]"
568,"[51, 1457, 807, 18, 606]"
569,"[1193, 1907, 1567, 37, 1885]"
570,"[1607, 18, 1500, 1573, 807]"
571,"[1191, 1588, 1906, 1916, 1528]"
572,"[1193, 606, 114, 1574, 1573]"
573,"[1618, 114, 1619, 886, 1896]"
574,"[1567, 135, 16, 1611, 1249]"
575,"[1557, 1249, 807, 18, 1611]"
576,"[936, 1300, 739, 1799, 1798]"
577,"[18, 807, 514, 567, 606]"
578,"[1193, 1897, 1922, 927, 1909]"
579,"[1574, 500, 95, 884, 1564]"
580,"[1584, 927, 1917, 426, 1898]"
581,"[256, 1153, 1567, 927, 1630]"
582,"[1249, 1619, 900, 1618, 884]"
583,"[1193, 1029, 1561, 1520, 1543]"
584,"[16, 1884, 1611, 114, 1924]"
585,"[18, 660, 1495, 807, 1138]"
586,"[807, 1619, 1249, 1592, 1193]"
587,"[868, 1567, 1193, 37, 1536]"
588,"[1193, 1809, 735, 1620, 1894]"
589,"[1586, 1193, 1561, 1520, 1029]"
590,"[1861, 1846, 1863, 1915, 1869]"
591,"[116, 1897, 1922, 1884, 110]"
592,"[111, 468, 892, 801, 1314]"
593,"[606, 1320, 420, 403, 468]"
594,"[501, 478, 1537, 1915, 1422]"
595,"[501, 891, 1491, 114, 1457]"
596,"[1567, 16, 807, 606, 1573]"
597,"[18, 37, 1567, 1316, 1574]"
598,"[1861, 807, 1691, 1611, 1490]"
599,"[18, 1587, 884, 1249, 54]"
600,"[1619, 1884, 114, 884, 1516]"
601,"[1861, 1863, 735, 403, 1567]"
602,"[1543, 1249, 807, 1457, 18]"
603,"[807, 1708, 18, 16, 1063]"
604,"[16, 1567, 443, 807, 1679]"
605,"[1917, 1900, 1902, 1561, 1193]"
606,"[1193, 886, 425, 1608, 735]"
607,"[403, 1567, 37, 501, 1249]"
608,"[16, 114, 1611, 1567, 739]"
609,"[1924, 478, 114, 1900, 1434]"
610,"[1934, 665, 807, 1573, 1574]"
611,"[54, 57, 58, 1717, 16]"
612,"[692, 693, 677, 884, 116]"
613,"[114, 1567, 535, 16, 1907]"
614,"[544, 1742, 1708, 1567, 16]"
615,"[1457, 1249, 1004, 18, 1003]"
616,"[1936, 580, 600, 585, 1902]"
617,"[1555, 1491, 1618, 611, 1619]"
618,"[606, 1320, 403, 420, 468]"
619,"[1936, 1935, 1561, 1066, 1193]"
620,"[44, 807, 1772, 1708, 16]"
621,"[413, 443, 44, 18, 1567]"
622,"[1075, 1574, 54, 57, 58]"
623,"[1, 1567, 1063, 18, 1266]"
624,"[884, 891, 544, 1567, 18]"
625,"[114, 1204, 1900, 807, 18]"
626,"[632, 446, 606, 1249, 110]"
627,"[443, 1567, 1457, 44, 18]"
628,"[1405, 1459, 1499, 110, 1567]"
629,"[1287, 18, 1622, 807, 111]"
630,"[114, 1147, 16, 1567, 807]"
631,"[1574, 426, 1898, 1193, 905]"
632,"[649, 1884, 114, 1902, 635]"
633,"[1567, 927, 1772, 160, 1861]"
634,"[478, 1917, 1900, 1902, 114]"
635,"[1574, 1193, 426, 1898, 905]"
636,"[18, 807, 1708, 798, 1806]"
637,"[1772, 1552, 18, 429, 1553]"
638,"[1204, 1915, 54, 57, 58]"
639,"[1302, 1255, 1474, 1885, 1490]"
640,"[861, 443, 403, 1567, 1574]"
641,"[1618, 501, 1043, 1929, 1249]"
642,"[1043, 1666, 1929, 1934, 1691]"
643,"[1313, 793, 1541, 1073, 749]"
644,"[114, 1567, 16, 606, 18]"
645,"[403, 903, 1249, 54, 57]"
646,"[608, 1725, 739, 740, 1607]"
647,"[604, 930, 1567, 927, 1249]"
648,"[1063, 1567, 1574, 37, 426]"
649,"[1607, 1608, 1613, 1778, 1896]"
650,"[18, 807, 1204, 662, 1573]"
651,"[1884, 535, 48, 1567, 1434]"
652,"[1725, 1591, 403, 1723, 903]"
653,"[445, 16, 44, 1900, 807]"
654,"[1491, 1619, 1412, 1507, 18]"
655,"[1809, 1193, 886, 927, 1608]"
656,"[1567, 114, 16, 455, 110]"
657,"[1896, 1617, 1567, 292, 1655]"
658,"[1249, 1884, 1900, 1902, 114]"
659,"[455, 114, 1307, 1412, 1618]"
660,"[1567, 114, 16, 1611, 535]"
661,"[1607, 1717, 403, 1249, 44]"
662,"[1924, 478, 1619, 1557, 18]"
663,"[114, 44, 43, 1316, 884]"
664,"[114, 1906, 884, 1567, 1916]"
665,"[648, 114, 884, 606, 43]"
666,"[1619, 1534, 1591, 1561, 1618]"
667,"[420, 1934, 1902, 892, 1063]"
668,"[860, 1574, 807, 18, 1267]"
669,"[445, 44, 606, 1679, 43]"
670,"[1581, 652, 403, 18, 1679]"
671,"[595, 501, 590, 511, 403]"
672,"[886, 1193, 1882, 1805, 1620]"
673,"[884, 1567, 18, 16, 807]"
674,"[608, 1725, 368, 739, 791]"
675,"[1320, 1567, 1888, 403, 1887]"
676,"[445, 16, 1708, 1204, 807]"
677,"[1917, 114, 443, 807, 18]"
678,"[48, 18, 114, 807, 1713]"
679,"[18, 446, 1567, 54, 807]"
680,"[1567, 16, 1611, 114, 1913]"
681,"[635, 659, 16, 1138, 662]"
682,"[368, 108, 54, 57, 58]"
683,"[114, 807, 18, 1063, 606]"
684,"[1366, 1481, 16, 44, 1717]"
685,"[513, 1389, 1899, 1907, 1896]"
686,"[1584, 18, 1574, 1517, 933]"
687,"[1915, 807, 16, 595, 1457]"
688,"[1193, 1567, 1194, 1882, 1900]"
689,"[1113, 992, 1934, 1056, 884]"
690,"[111, 468, 602, 1194, 1596]"
691,"[1193, 1586, 1587, 413, 1538]"
692,"[723, 687, 807, 16, 18]"
693,"[1521, 44, 1656, 649, 884]"
694,"[1504, 1434, 561, 16, 18]"
695,"[687, 1495, 403, 1567, 1249]"
696,"[18, 807, 54, 57, 58]"
697,"[1666, 1915, 406, 407, 1193]"
698,"[368, 534, 1896, 891, 1567]"
699,"[478, 1924, 1194, 1702, 1555]"
700,"[1617, 292, 1722, 1655, 1555]"
701,"[368, 1567, 739, 1157, 16]"
702,"[468, 16, 18, 111, 807]"
703,"[1157, 501, 595, 1186, 593]"
704,"[1193, 1680, 1042, 1592, 1043]"
705,"[18, 534, 1574, 807, 261]"
706,"[927, 1929, 1592, 903, 807]"
707,"[218, 533, 1582, 49, 88]"
708,"[1607, 48, 901, 1603, 1249]"
709,"[1713, 124, 121, 291, 1533]"
710,"[1197, 1708, 16, 18, 807]"
711,"[927, 1915, 1574, 1457, 891]"
712,"[1567, 1896, 16, 37, 1611]"
713,"[111, 1006, 884, 54, 57]"
714,"[421, 1901, 1670, 1547, 1551]"
715,"[1907, 1193, 1574, 1560, 1561]"
716,"[639, 606, 595, 1567, 807]"
717,"[48, 111, 18, 54, 57]"
718,"[1567, 807, 16, 1249, 114]"
719,"[1197, 1567, 44, 16, 807]"
720,"[861, 884, 48, 54, 57]"
721,"[114, 553, 110, 1249, 1567]"
722,"[681, 954, 678, 111, 1538]"
723,"[1900, 1567, 18, 807, 16]"
724,"[73, 468, 111, 54, 57]"
725,"[1607, 1608, 111, 1517, 1896]"
726,"[1531, 349, 54, 57, 58]"
727,"[18, 1772, 1574, 593, 649]"
728,"[1567, 1113, 1896, 1193, 114]"
729,"[606, 16, 1249, 1006, 54]"
730,"[608, 1725, 768, 740, 739]"
731,"[1607, 1725, 608, 739, 1608]"
732,"[1072, 1608, 54, 57, 58]"
733,"[18, 1679, 807, 514, 1772]"
734,"[1902, 1900, 114, 403, 1543]"
735,"[406, 407, 1666, 419, 1548]"
736,"[1708, 16, 1006, 1806, 18]"
737,"[1607, 413, 1904, 1638, 1532]"
738,"[1113, 1619, 114, 1618, 111]"
739,"[135, 1567, 16, 1611, 1721]"
740,"[1601, 582, 109, 677, 1481]"
741,"[16, 1611, 114, 1113, 1567]"
742,"[44, 43, 16, 807, 1772]"
743,"[73, 111, 468, 54, 57]"
744,"[1574, 426, 1898, 1583, 88]"
745,"[1894, 1193, 868, 1574, 43]"
746,"[1239, 1915, 446, 16, 403]"
747,"[1896, 1608, 1607, 1072, 1191]"
748,"[687, 1900, 1902, 891, 1894]"
749,"[403, 443, 1900, 18, 1495]"
750,"[1187, 1287, 1193, 1072, 834]"
751,"[1193, 1620, 1520, 1029, 1666]"
752,"[691, 54, 57, 58, 114]"
753,"[1924, 478, 1884, 1900, 1902]"
754,"[339, 1197, 116, 1900, 1902]"
755,"[468, 403, 54, 57, 58]"
756,"[1567, 1588, 16, 1906, 114]"
757,"[927, 723, 1915, 160, 1574]"
758,"[1708, 807, 606, 18, 1806]"
759,"[1666, 406, 165, 407, 924]"
760,"[1193, 735, 425, 1894, 403]"
761,"[886, 1193, 537, 419, 1620]"
762,"[114, 662, 18, 807, 1249]"
763,"[1608, 1517, 667, 1896, 1544]"
764,"[109, 16, 901, 1611, 1601]"
765,"[1900, 1902, 18, 480, 1574]"
766,"[403, 18, 443, 807, 798]"
767,"[1063, 1193, 426, 1574, 1898]"
768,"[687, 667, 892, 403, 587]"
769,"[1574, 426, 88, 457, 533]"
770,"[18, 807, 132, 403, 73]"
771,"[417, 1748, 17, 431, 433]"
772,"[1742, 1564, 1489, 1541, 1554]"
773,"[1894, 1613, 1542, 1530, 1567]"
774,"[1567, 413, 1537, 1044, 1539]"
775,"[1611, 1709, 688, 1129, 1270]"
776,"[1193, 1917, 1620, 1032, 1586]"
777,"[1613, 1542, 1530, 257, 54]"
778,"[1607, 1725, 1896, 608, 739]"
779,"[892, 287, 1249, 1587, 1583]"
780,"[501, 446, 1457, 1249, 403]"
781,"[18, 807, 132, 606, 54]"
782,"[1721, 807, 884, 891, 723]"
783,"[44, 18, 43, 578, 514]"
784,"[44, 16, 1717, 801, 807]"
785,"[1567, 37, 1773, 1760, 933]"
786,"[886, 1591, 1567, 720, 1666]"
787,"[18, 807, 48, 1204, 16]"
788,"[114, 1611, 1191, 860, 1622]"
789,"[1708, 18, 16, 807, 1806]"
790,"[1586, 1193, 1556, 1040, 1029]"
791,"[16, 1884, 48, 884, 1434]"
792,"[54, 57, 58, 18, 807]"
793,"[1321, 16, 1567, 18, 1063]"
794,"[1239, 1666, 612, 614, 1194]"
795,"[368, 1607, 1619, 1072, 403]"
796,"[1619, 368, 1072, 292, 1721]"
797,"[292, 1722, 1655, 1555, 1562]"
798,"[1491, 1618, 1619, 891, 18]"
799,"[903, 16, 1567, 807, 595]"
800,"[1638, 1588, 534, 1193, 1529]"
801,"[18, 54, 57, 58, 884]"
802,"[886, 1193, 537, 419, 1032]"
803,"[1907, 1453, 1497, 1451, 535]"
804,"[1861, 1917, 1560, 1561, 1900]"
805,"[1006, 1035, 1666, 723, 903]"
806,"[114, 16, 44, 18, 403]"
807,"[1897, 1922, 478, 1191, 455]"
808,"[1567, 114, 16, 1611, 606]"
809,"[1204, 884, 1584, 903, 54]"
810,"[1070, 1627, 1905, 1554, 291]"
811,"[1567, 114, 1406, 16, 455]"
812,"[885, 1588, 1193, 927, 1052]"
813,"[1904, 289, 1531, 1032, 113]"
814,"[18, 1063, 1574, 1567, 43]"
815,"[446, 1063, 1574, 426, 1898]"
816,"[1193, 1917, 1588, 1047, 1030]"
817,"[1712, 899, 865, 889, 1747]"
818,"[1567, 18, 16, 807, 1006]"
819,"[553, 1063, 18, 1567, 44]"
820,"[927, 1897, 1922, 1567, 160]"
821,"[1054, 1032, 1915, 1574, 927]"
822,"[1924, 258, 478, 1304, 1677]"
823,"[692, 677, 1601, 1191, 1567]"
824,"[927, 691, 54, 57, 58]"
825,"[110, 116, 1889, 1562, 1567]"
826,"[113, 1899, 1526, 1897, 1922]"
827,"[868, 1748, 43, 1567, 1063]"
828,"[1861, 903, 1855, 597, 1004]"
829,"[1567, 1574, 18, 1063, 426]"
830,"[43, 1897, 1922, 1587, 1627]"
831,"[1904, 289, 1724, 1531, 1191]"
832,"[1193, 1627, 1587, 1554, 1905]"
833,"[114, 1192, 116, 1585, 1066]"
834,"[1904, 1589, 1532, 1611, 1063]"
835,"[1904, 289, 1068, 1921, 1531]"
836,"[209, 968, 978, 971, 970]"
837,"[48, 390, 18, 807, 1287]"
838,"[43, 44, 1063, 861, 16]"
839,"[1587, 43, 1567, 1193, 1063]"
840,"[425, 1032, 1030, 1567, 1588]"
841,"[289, 1586, 1538, 113, 124]"
842,"[1055, 1053, 990, 403, 886]"
843,"[927, 1347, 1567, 556, 18]"
844,"[18, 662, 807, 14, 337]"
845,"[1193, 927, 1586, 43, 1587]"
846,"[1567, 16, 1574, 18, 233]"
847,"[927, 16, 44, 18, 807]"
848,"[1618, 933, 606, 43, 1567]"
849,"[18, 807, 16, 1567, 403]"
850,"[1574, 1193, 1583, 1909, 1588]"
851,"[43, 1063, 443, 1567, 480]"
852,"[43, 807, 171, 1193, 1063]"
853,"[1032, 111, 1929, 1581, 1603]"
854,"[277, 279, 912, 1869, 1815]"
855,"[18, 1021, 807, 443, 388]"
856,"[891, 1929, 545, 1404, 1509]"
857,"[807, 16, 18, 1567, 1204]"
858,"[1888, 1902, 1894, 544, 884]"
859,"[44, 1567, 807, 16, 1772]"
860,"[43, 44, 1915, 1588, 1567]"
861,"[807, 1567, 443, 16, 403]"
862,"[1620, 1193, 1927, 1520, 1613]"
863,"[18, 807, 606, 632, 1204]"
864,"[1197, 1902, 480, 807, 606]"
865,"[1855, 1861, 1846, 425, 43]"
866,"[1063, 1567, 1574, 1612, 1519]"
867,"[111, 1583, 468, 905, 426]"
868,"[1924, 478, 1304, 1882, 1500]"
869,"[1904, 1191, 1531, 289, 1562]"
870,"[1069, 1727, 748, 844, 1647]"
871,"[108, 73, 18, 807, 1708]"
872,"[1646, 1534, 1587, 43, 1629]"
873,"[890, 112, 113, 353, 425]"
874,"[927, 16, 807, 1063, 606]"
875,"[261, 265, 218, 266, 267]"
876,"[18, 43, 443, 44, 1063]"
877,"[44, 43, 16, 18, 1567]"
878,"[1193, 17, 606, 54, 57]"
879,"[1655, 339, 1197, 687, 1713]"
880,"[1587, 1567, 43, 1897, 1922]"
881,"[927, 1588, 1567, 1573, 1574]"
882,"[1587, 1249, 43, 884, 501]"
883,"[692, 1601, 677, 16, 1481]"
884,"[1554, 18, 1597, 1574, 1625]"
885,"[1656, 649, 1573, 31, 33]"
886,"[112, 1191, 682, 1562, 602]"
887,"[1618, 1561, 868, 1560, 903]"
888,"[1713, 1533, 121, 291, 1537]"
889,"[1713, 1541, 687, 1518, 1197]"
890,"[1904, 289, 1424, 1532, 1562]"
891,"[43, 1587, 892, 1588, 1193]"
892,"[1574, 1063, 426, 88, 457]"
893,"[1424, 496, 1532, 18, 1806]"
894,"[1006, 660, 1270, 1063, 1138]"
895,"[1897, 1922, 1627, 43, 1063]"
896,"[1193, 43, 1587, 892, 1588]"
897,"[1193, 1042, 1680, 1666, 419]"
898,"[1567, 37, 1751, 1805, 95]"
899,"[432, 1191, 125, 1610, 1587]"
900,"[1006, 265, 1574, 18, 403]"
901,"[1193, 1587, 1063, 48, 43]"
902,"[662, 1900, 1902, 1691, 114]"
903,"[261, 266, 267, 233, 234]"
904,"[1592, 632, 807, 1855, 1204]"
905,"[606, 43, 807, 1573, 44]"
906,"[1587, 1627, 43, 1905, 113]"
907,"[1193, 1809, 403, 1025, 921]"
908,"[933, 1846, 1882, 1666, 1861]"
909,"[1063, 1574, 1193, 1612, 905]"
910,"[1904, 289, 1921, 124, 1531]"
911,"[1138, 18, 1772, 807, 16]"
912,"[48, 616, 807, 606, 16]"
913,"[222, 403, 1584, 1352, 490]"
914,"[368, 606, 18, 1204, 807]"
915,"[860, 1897, 1922, 1193, 1567]"
916,"[1059, 403, 1334, 1320, 1574]"
917,"[546, 536, 1391, 1431, 1497]"
918,"[496, 1567, 18, 16, 807]"
919,"[1567, 639, 37, 18, 1063]"
920,"[113, 1627, 1587, 927, 1897]"
921,"[927, 43, 446, 113, 1913]"
922,"[639, 927, 635, 1846, 1855]"
923,"[1193, 1029, 1026, 1025, 159]"
924,"[1063, 1574, 43, 1913, 160]"
925,"[91, 446, 1358, 18, 933]"
926,"[1204, 1591, 197, 18, 807]"
927,"[43, 1587, 1588, 892, 1567]"
928,"[1897, 1922, 1063, 1574, 1526]"
929,"[1708, 1567, 16, 807, 1063]"
930,"[927, 892, 1907, 1897, 1922]"
931,"[1069, 1727, 110, 1567, 18]"
932,"[1193, 1191, 927, 1194, 921]"
933,"[1193, 1897, 1587, 1627, 1905]"
934,"[111, 292, 1063, 1249, 335]"
935,"[1900, 18, 1902, 1543, 1567]"
936,"[1574, 160, 930, 43, 933]"
937,"[113, 691, 18, 114, 807]"
938,"[1344, 1043, 606, 1249, 807]"
939,"[807, 18, 1567, 16, 1708]"
940,"[685, 44, 1567, 1457, 1573]"
941,"[1904, 1531, 289, 1068, 1921]"
942,"[1249, 691, 884, 1610, 1557]"
943,"[443, 18, 807, 403, 1567]"
944,"[276, 723, 541, 534, 270]"
945,"[1724, 1889, 1193, 1032, 1066]"
946,"[1567, 37, 95, 18, 1063]"
947,"[1853, 1812, 1810, 1635, 1844]"
948,"[159, 920, 1025, 173, 172]"
949,"[1574, 1063, 1567, 426, 1898]"
950,"[1904, 1191, 1532, 1589, 43]"
951,"[1666, 1590, 731, 1933, 823]"
952,"[1666, 1708, 18, 1567, 1772]"
953,"[1627, 927, 1905, 1907, 113]"
954,"[289, 496, 1907, 1884, 1724]"
955,"[1063, 1574, 1193, 1567, 37]"
956,"[106, 1191, 1032, 289, 1531]"
957,"[1748, 43, 1063, 892, 1587]"
958,"[1708, 16, 542, 1806, 807]"
959,"[1907, 496, 289, 1424, 1032]"
960,"[1556, 1538, 1554, 1562, 1534]"
961,"[884, 1191, 1610, 1032, 446]"
962,"[1424, 54, 57, 58, 1585]"
963,"[1573, 16, 807, 18, 1574]"
964,"[1889, 116, 1241, 1907, 1032]"
965,"[1919, 1924, 478, 1043, 18]"
966,"[1534, 29, 114, 1603, 1666]"
967,"[114, 691, 1459, 54, 57]"
968,"[1618, 1619, 1557, 1617, 926]"
969,"[96, 97, 1552, 1543, 1900]"
970,"[1902, 1581, 468, 1679, 1574]"
971,"[889, 457, 426, 88, 1718]"
972,"[115, 1349, 893, 44, 1708]"
973,"[1897, 1922, 43, 1586, 1615]"
974,"[1548, 406, 407, 1063, 468]"
975,"[1193, 1204, 543, 927, 43]"
976,"[927, 1935, 1929, 1936, 1915]"
977,"[261, 233, 234, 235, 238]"
978,"[692, 109, 677, 1601, 1192]"
979,"[990, 403, 255, 1053, 1049]"
980,"[1630, 1053, 1055, 990, 1004]"
981,"[1340, 1193, 1389, 538, 1478]"
982,"[635, 784, 1138, 606, 1063]"
983,"[1193, 1909, 1042, 1586, 425]"
984,"[1204, 1358, 1363, 222, 261]"
985,"[1193, 1567, 1063, 1574, 43]"
986,"[1588, 1897, 1922, 48, 1193]"
987,"[1193, 687, 723, 1574, 114]"
988,"[1724, 116, 1194, 860, 446]"
989,"[927, 1592, 632, 1666, 1574]"
990,"[113, 1899, 1897, 1922, 1587]"
991,"[1574, 1063, 37, 1567, 905]"
992,"[106, 419, 478, 1899, 1924]"
993,"[408, 522, 261, 233, 234]"
994,"[662, 807, 1249, 1204, 884]"
995,"[1934, 665, 1133, 420, 1696]"
996,"[1249, 749, 18, 16, 1567]"
997,"[927, 1587, 892, 43, 1905]"
998,"[1889, 116, 124, 1241, 1240]"
999,"[1697, 1696, 1698, 1713, 97]"
1000,"[1567, 1679, 1063, 1574, 16]"
1001,"[1587, 1627, 1905, 1527, 1904]"
1002,"[1567, 37, 18, 16, 1193]"
1003,"[1567, 37, 1708, 18, 16]"
1004,"[1193, 1809, 1351, 1495, 403]"
1005,"[1855, 933, 18, 1574, 1846]"
1006,"[1884, 1197, 478, 1934, 553]"
1007,"[807, 1574, 18, 1861, 1846]"
1008,"[1708, 807, 16, 18, 1806]"
1009,"[1249, 443, 54, 57, 58]"
1010,"[1914, 1538, 1554, 1542, 1534]"
1011,"[1567, 1531, 687, 1063, 43]"
1012,"[692, 109, 693, 1601, 677]"
1013,"[1574, 1063, 1567, 43, 1583]"
1014,"[1193, 1809, 446, 613, 1495]"
1015,"[43, 1193, 1897, 1922, 1587]"
1016,"[43, 892, 1567, 16, 18]"
1017,"[1929, 420, 1592, 1915, 1574]"
1018,"[1193, 1587, 1897, 1922, 1612]"
1019,"[1204, 1063, 44, 43, 1567]"
1020,"[1567, 1491, 18, 1573, 1504]"
1021,"[1193, 1564, 1489, 1542, 1567]"
1022,"[111, 1583, 1898, 426, 49]"
1023,"[43, 44, 1610, 884, 807]"
1024,"[1267, 1691, 1004, 598, 1900]"
1025,"[677, 1567, 44, 16, 1063]"
1026,"[54, 57, 58, 1424, 1266]"
1027,"[1193, 425, 1029, 1809, 1033]"
1028,"[16, 807, 606, 1204, 18]"
1029,"[1054, 1680, 1193, 1249, 1929]"
1030,"[807, 337, 18, 14, 41]"
1031,"[1928, 1588, 1807, 1271, 1279]"
1032,"[18, 1567, 37, 1193, 1573]"
1033,"[1534, 1537, 1603, 1920, 1528]"
1034,"[1924, 478, 807, 1304, 1457]"
1035,"[160, 96, 98, 97, 1670]"
1036,"[1927, 1554, 921, 1069, 1612]"
1037,"[1607, 670, 1193, 1643, 1885]"
1038,"[1677, 522, 1673, 692, 401]"
1039,"[1619, 445, 807, 18, 41]"
1040,"[96, 97, 472, 98, 1902]"
1041,"[1723, 1063, 807, 18, 1567]"
1042,"[1691, 807, 723, 403, 555]"
1043,"[1885, 1574, 1052, 1249, 1666]"
1044,"[18, 1733, 1900, 1902, 1573]"
1045,"[412, 411, 416, 414, 415]"
1046,"[1592, 1590, 1929, 543, 501]"
1047,"[1902, 1040, 125, 891, 1592]"
1048,"[602, 1358, 1063, 749, 892]"
1049,"[749, 635, 79, 18, 807]"
1050,"[1904, 1611, 289, 1531, 1562]"
1051,"[113, 1534, 735, 1677, 1527]"
1052,"[403, 1197, 1861, 1249, 1063]"
1053,"[402, 446, 1700, 1699, 830]"
1054,"[18, 807, 501, 16, 1404]"
1055,"[1063, 1574, 1567, 426, 88]"
1056,"[1592, 598, 891, 1449, 18]"
1057,"[1040, 1197, 1861, 1193, 1885]"
1058,"[289, 1032, 1531, 1249, 884]"
1059,"[1491, 1611, 16, 43, 44]"
1060,"[1904, 289, 1531, 1532, 1562]"
1061,"[478, 18, 807, 606, 16]"
1062,"[1884, 1562, 1293, 1063, 111]"
1063,"[113, 1927, 1627, 1905, 1554]"
1064,"[111, 1032, 1581, 1929, 1666]"
1065,"[1347, 495, 1855, 1846, 933]"
1066,"[1193, 1063, 1612, 426, 1574]"
1067,"[446, 1249, 1457, 114, 807]"
1068,"[1567, 16, 18, 1708, 807]"
1069,"[446, 807, 606, 18, 1204]"
1070,"[1193, 1897, 1922, 1063, 1567]"
1071,"[1574, 1573, 807, 18, 884]"
1072,"[1904, 1532, 1589, 1191, 1424]"
1073,"[43, 1489, 1538, 1554, 1542]"
1074,"[1193, 1567, 37, 95, 927]"
1075,"[807, 1249, 18, 16, 1495]"
1076,"[1846, 606, 1772, 18, 41]"
1077,"[1586, 1538, 1713, 1556, 1615]"
1078,"[1160, 425, 819, 620, 470]"
1079,"[1885, 420, 1700, 97, 96]"
1080,"[1249, 1574, 1915, 1344, 1670]"
1081,"[406, 407, 1193, 1666, 1043]"
1082,"[1708, 1883, 18, 1806, 1246]"
1083,"[43, 1587, 1193, 1588, 892]"
1084,"[1900, 1723, 480, 403, 18]"
1085,"[501, 1404, 544, 786, 807]"
1086,"[1656, 1884, 1562, 1886, 1587]"
1087,"[1724, 1068, 116, 1562, 1070]"
1088,"[113, 1676, 1069, 890, 1515]"
1089,"[1929, 1592, 1666, 1567, 723]"
1090,"[1574, 1193, 426, 1898, 88]"
1091,"[1690, 468, 111, 579, 600]"
1092,"[1488, 1316, 34, 3, 258]"
1093,"[886, 1006, 468, 1679, 37]"
1094,"[688, 687, 43, 678, 1717]"
1095,"[1042, 1193, 1909, 1029, 452]"
1096,"[868, 1915, 927, 884, 1564]"
1097,"[1564, 1489, 1554, 1542, 1532]"
1098,"[1437, 1063, 1215, 1451, 560]"
1099,"[97, 96, 102, 1552, 98]"
1100,"[1562, 1567, 1063, 1453, 1249]"
1101,"[1574, 1914, 602, 1055, 1193]"
1102,"[1894, 1193, 116, 1032, 43]"
1103,"[1068, 1904, 1589, 106, 1531]"
1104,"[49, 457, 1730, 88, 1718]"
1105,"[1855, 1846, 1861, 1900, 1543]"
1106,"[1600, 106, 1032, 1904, 289]"
1107,"[1193, 1567, 1063, 1574, 905]"
1108,"[18, 531, 1772, 807, 1573]"
1109,"[606, 1708, 18, 1567, 16]"
1110,"[1491, 540, 1772, 16, 496]"
1111,"[1708, 1883, 16, 132, 1567]"
1112,"[687, 1531, 680, 890, 673]"
1113,"[1063, 807, 16, 1708, 1567]"
1114,"[471, 18, 403, 807, 443]"
1115,"[1574, 557, 1567, 1463, 37]"
1116,"[1618, 1897, 1922, 1892, 113]"
1117,"[1897, 1922, 1618, 113, 1193]"
1118,"[1304, 1301, 1474, 1824, 1874]"
1119,"[677, 16, 44, 884, 43]"
1120,"[1612, 1574, 1620, 1065, 1193]"
1121,"[112, 291, 1533, 1537, 1629]"
1122,"[691, 807, 18, 1573, 655]"
1123,"[1279, 1824, 1874, 1301, 1870]"
1124,"[570, 18, 807, 1573, 110]"
1125,"[1363, 933, 1358, 261, 1855]"
1126,"[44, 16, 43, 632, 1708]"
1127,"[1193, 1587, 1666, 1613, 1194]"
1128,"[1612, 1574, 37, 1063, 1927]"
1129,"[29, 18, 403, 1573, 443]"
1130,"[443, 636, 807, 18, 43]"
1131,"[1772, 590, 606, 1855, 597]"
1132,"[1193, 1917, 1666, 1006, 903]"
1133,"[1902, 1552, 1628, 1543, 1900]"
1134,"[1902, 1042, 1249, 1517, 1552]"
1135,"[110, 18, 44, 807, 1063]"
1136,"[1614, 1610, 1521, 45, 1191]"
1137,"[1193, 1316, 1809, 885, 1049]"
1138,"[927, 1287, 647, 16, 807]"
1139,"[315, 1087, 1574, 1882, 49]"
1140,"[1723, 43, 1567, 1564, 1489]"
1141,"[426, 1574, 1898, 1380, 88]"
1142,"[1193, 1030, 1049, 1026, 1389]"
1143,"[1746, 102, 1541, 1701, 46]"
1144,"[665, 420, 710, 1770, 72]"
1145,"[538, 16, 1567, 1772, 594]"
1146,"[662, 16, 807, 1204, 18]"
1147,"[339, 1889, 116, 344, 992]"
1148,"[91, 807, 18, 606, 1204]"
1149,"[289, 1531, 1562, 1724, 1068]"
1150,"[1567, 443, 1679, 16, 44]"
1151,"[111, 600, 468, 593, 579]"
1152,"[1904, 425, 1241, 1532, 478]"
1153,"[1561, 43, 1564, 1567, 606]"
1154,"[16, 1567, 691, 18, 37]"
1155,"[739, 16, 807, 18, 1204]"
1156,"[1929, 1592, 1590, 1026, 1666]"
1157,"[1193, 1809, 655, 171, 1666]"
1158,"[414, 18, 114, 807, 403]"
1159,"[289, 1890, 1068, 116, 406]"
1160,"[1601, 677, 692, 1481, 16]"
1161,"[1586, 1193, 1520, 1620, 1561]"
1162,"[445, 44, 1772, 1567, 16]"
1163,"[903, 43, 1587, 1567, 1063]"
1164,"[1586, 1193, 1556, 1538, 1554]"
1165,"[1620, 927, 1520, 1193, 1809]"
1166,"[1006, 1632, 408, 1681, 261]"
1167,"[18, 807, 16, 662, 655]"
1168,"[1193, 1809, 1680, 155, 157]"
1169,"[927, 1917, 1915, 1809, 1193]"
1170,"[1924, 478, 1304, 43, 632]"
1171,"[807, 1567, 1249, 1574, 884]"
1172,"[1904, 1532, 106, 1191, 1032]"
1173,"[113, 1618, 1193, 1627, 43]"
1174,"[1924, 478, 1006, 1900, 425]"
1175,"[1055, 1680, 1666, 1049, 1043]"
1176,"[807, 18, 542, 16, 1204]"
1177,"[110, 689, 44, 616, 1138]"
1178,"[692, 1601, 677, 535, 1191]"
1179,"[1204, 18, 807, 1267, 1573]"
1180,"[446, 54, 57, 58, 18]"
1181,"[933, 1855, 18, 903, 261]"
1182,"[1713, 1201, 1524, 1887, 1559]"
1183,"[403, 443, 480, 448, 533]"
1184,"[807, 16, 18, 1573, 1574]"
1185,"[91, 44, 662, 1573, 18]"
1186,"[1523, 1542, 1489, 1589, 1554]"
1187,"[1193, 1133, 1054, 1900, 723]"
1188,"[1204, 1063, 16, 44, 655]"
1189,"[18, 1917, 1882, 1581, 1588]"
1190,"[876, 869, 880, 1631, 97]"
1191,"[1586, 1193, 1538, 1556, 1520]"
1192,"[1239, 1193, 1567, 421, 43]"
1193,"[1567, 37, 43, 1751, 16]"
1194,"[1588, 1249, 807, 1193, 1611]"
1195,"[446, 1575, 1197, 17, 405]"
1196,"[807, 446, 1575, 18, 1573]"
1197,"[1899, 927, 1907, 1193, 113]"
1198,"[1574, 426, 1898, 1063, 88]"
1199,"[1191, 1533, 1249, 892, 1562]"
1200,"[1889, 1567, 1904, 37, 18]"
1201,"[927, 1567, 1063, 16, 1772]"
1202,"[1534, 43, 1249, 1574, 606]"
1203,"[927, 1897, 1922, 1573, 113]"
1204,"[1904, 1191, 289, 1531, 124]"
1205,"[1666, 18, 606, 1573, 807]"
1206,"[1053, 1055, 1030, 1488, 1933]"
1207,"[495, 1338, 1500, 546, 505]"
1208,"[891, 1666, 1723, 501, 593]"
1209,"[1627, 1905, 1527, 48, 43]"
1210,"[18, 16, 927, 1772, 807]"
1211,"[1889, 1884, 1567, 43, 480]"
1212,"[1897, 1922, 43, 1193, 1587]"
1213,"[258, 110, 321, 1698, 1697]"
1214,"[54, 57, 58, 18, 388]"
1215,"[1592, 1697, 1698, 1696, 1680]"
1216,"[933, 261, 1249, 1004, 1003]"
1217,"[406, 407, 1538, 421, 1534]"
1218,"[1575, 446, 905, 426, 1898]"
1219,"[891, 1894, 688, 110, 1542]"
1220,"[113, 112, 1070, 1713, 811]"
1221,"[677, 807, 1573, 18, 798]"
1222,"[1567, 43, 1575, 1193, 1861]"
1223,"[1904, 1191, 124, 289, 1531]"
1224,"[289, 717, 1562, 1531, 1068]"
1225,"[1883, 18, 1806, 16, 1708]"
1226,"[1197, 339, 1524, 1559, 1713]"
1227,"[1344, 784, 1917, 1931, 72]"
1228,"[1193, 1809, 933, 171, 930]"
1229,"[16, 884, 1614, 1521, 455]"
1230,"[553, 114, 18, 807, 677]"
1231,"[860, 1070, 1277, 44, 18]"
1232,"[1574, 18, 807, 606, 16]"
1233,"[1618, 1561, 446, 796, 1553]"
1234,"[1670, 421, 1551, 1532, 1562]"
1235,"[413, 1567, 1063, 1537, 557]"
1236,"[1904, 289, 1424, 1532, 1562]"
1237,"[860, 237, 1003, 232, 236]"
1238,"[687, 667, 43, 1063, 1567]"
1239,"[431, 18, 807, 337, 1574]"
1240,"[1924, 478, 449, 1249, 531]"
1241,"[1708, 403, 1772, 18, 16]"
1242,"[1567, 95, 43, 1063, 892]"
1243,"[1074, 1612, 1574, 1160, 1063]"
1244,"[1904, 868, 811, 1748, 413]"
1245,"[688, 1902, 1574, 543, 1929]"
1246,"[1904, 1531, 1191, 1068, 1562]"
1247,"[892, 1897, 1922, 1534, 43]"
1248,"[1904, 43, 1532, 44, 1708]"
1249,"[1897, 1922, 43, 1193, 1588]"
1250,"[1424, 1904, 289, 1531, 496]"
1251,"[868, 43, 1063, 1587, 413]"
1252,"[43, 1193, 66, 606, 1567]"
1253,"[1924, 478, 1677, 1457, 807]"
1254,"[16, 807, 1708, 44, 1063]"
1255,"[1193, 1520, 1620, 1194, 1588]"
1256,"[1193, 927, 1909, 1025, 1897]"
1257,"[1287, 43, 1900, 44, 606]"
1258,"[1772, 1006, 446, 665, 681]"
1259,"[403, 1080, 1263, 1924, 1935]"
1260,"[1574, 1193, 1583, 426, 88]"
1261,"[1567, 892, 43, 1588, 1063]"
1262,"[1006, 218, 408, 255, 18]"
1263,"[1907, 927, 1618, 1885, 1527]"
1264,"[807, 44, 1772, 43, 1679]"
1265,"[749, 111, 1642, 673, 468]"
1266,"[1924, 478, 552, 1885, 1193]"
1267,"[1904, 289, 1068, 1921, 1531]"
1268,"[1587, 1287, 43, 1588, 1567]"
1269,"[807, 114, 445, 16, 18]"
1270,"[1884, 1904, 43, 1913, 1567]"
1271,"[1567, 37, 1193, 1063, 43]"
1272,"[731, 977, 997, 964, 207]"
1273,"[606, 807, 1204, 635, 1573]"
1274,"[1564, 1554, 1489, 1542, 1534]"
1275,"[1567, 114, 16, 446, 1611]"
1276,"[1733, 1193, 113, 691, 54]"
1277,"[18, 1567, 16, 1573, 44]"
1278,"[1601, 109, 692, 693, 677]"
1279,"[1588, 1529, 1193, 1528, 18]"
1280,"[403, 1080, 1263, 1293, 692]"
1281,"[1897, 1922, 43, 1615, 1586]"
1282,"[1701, 1320, 1197, 1674, 403]"
1283,"[1666, 1055, 1053, 1630, 723]"
1284,"[1924, 478, 1588, 425, 1562]"
1285,"[44, 43, 807, 16, 1567]"
1286,"[1193, 1527, 1905, 1554, 1520]"
1287,"[18, 1666, 1193, 1592, 796]"
1288,"[419, 1030, 1037, 1025, 921]"
1289,"[1904, 289, 1531, 1532, 1562]"
1290,"[1063, 1574, 54, 57, 58]"
1291,"[1902, 588, 1249, 571, 568]"
1292,"[891, 1619, 1567, 606, 687]"
1293,"[1567, 1063, 43, 807, 18]"
1294,"[287, 222, 1047, 1052, 261]"
1295,"[807, 18, 1806, 1708, 16]"
1296,"[927, 1193, 48, 1917, 1567]"
1297,"[261, 233, 234, 235, 238]"
1298,"[1905, 1554, 16, 606, 1567]"
1299,"[1902, 1917, 1054, 1900, 1592]"
1300,"[1071, 868, 1748, 1905, 1897]"
1301,"[1204, 1193, 43, 1897, 1922]"
1302,"[1929, 1592, 1680, 1933, 721]"
1303,"[43, 927, 1567, 1905, 113]"
1304,"[1133, 1902, 18, 1900, 403]"
1305,"[1587, 1193, 1666, 43, 1613]"
1306,"[1358, 1929, 1592, 1363, 261]"
1307,"[1722, 688, 1544, 110, 687]"
1308,"[289, 1531, 1532, 1424, 1562]"
1309,"[1567, 1904, 43, 1589, 1532]"
1310,"[43, 1587, 892, 1193, 113]"
1311,"[861, 1561, 1564, 1554, 1489]"
1312,"[1191, 291, 1554, 1562, 289]"
1313,"[1574, 1193, 426, 1898, 905]"
1314,"[261, 265, 218, 233, 234]"
1315,"[403, 925, 938, 927, 1193]"
1316,"[403, 1080, 1924, 1263, 438]"
1317,"[635, 18, 807, 1063, 16]"
1318,"[1630, 18, 242, 807, 1574]"
1319,"[1809, 1193, 403, 1025, 1586]"
1320,"[1618, 1619, 1557, 1602, 1676]"
1321,"[807, 1611, 574, 114, 1063]"
1322,"[103, 406, 1807, 407, 419]"
1323,"[933, 930, 1055, 1666, 1855]"
1324,"[1692, 690, 686, 676, 1538]"
1325,"[1063, 1574, 54, 57, 58]"
1326,"[1267, 16, 1567, 18, 807]"
1327,"[1933, 1053, 403, 1809, 1500]"
1328,"[616, 807, 18, 416, 48]"
1329,"[807, 1904, 1574, 687, 18]"
1330,"[1063, 1574, 1193, 1567, 37]"
1331,"[927, 635, 1567, 1063, 1679]"
1332,"[860, 111, 1567, 1574, 18]"
1333,"[903, 113, 43, 1033, 389]"
1334,"[927, 446, 1666, 1006, 933]"
1335,"[1612, 1574, 37, 1625, 1927]"
1336,"[1204, 807, 18, 1574, 662]"
1337,"[1643, 1193, 43, 1575, 18]"
1338,"[1055, 403, 731, 1666, 933]"
1339,"[1567, 44, 16, 43, 606]"
1340,"[1897, 1922, 43, 1587, 1586]"
1341,"[43, 1567, 884, 16, 807]"
1342,"[43, 1587, 1627, 1612, 1588]"
1343,"[1562, 175, 164, 1025, 167]"
1344,"[1071, 868, 1748, 43, 1587]"
1345,"[1618, 691, 1748, 1676, 1543]"
1346,"[43, 1587, 1588, 892, 1063]"
1347,"[1907, 1069, 1927, 37, 1567]"
1348,"[1193, 1032, 43, 1588, 903]"
1349,"[1527, 114, 1316, 1544, 1611]"
1350,"[1612, 1574, 1907, 1899, 1613]"
1351,"[408, 530, 18, 606, 807]"
1352,"[1032, 106, 1910, 1907, 1596]"
1353,"[539, 1666, 1488, 54, 57]"
1354,"[1907, 1567, 1892, 37, 1623]"
1355,"[687, 18, 807, 16, 471]"
1356,"[1584, 1338, 905, 1917, 426]"
1357,"[1889, 1907, 1567, 1913, 1032]"
1358,"[1193, 1587, 413, 43, 1194]"
1359,"[403, 1080, 1924, 1263, 1935]"
1360,"[1723, 855, 606, 1772, 635]"
1361,"[1897, 1922, 1581, 1193, 48]"
1362,"[1567, 37, 1063, 1574, 892]"
1363,"[1567, 1913, 796, 37, 933]"
1364,"[1882, 1063, 1249, 1611, 1583]"
1365,"[1926, 1931, 1608, 697, 1666]"
1366,"[1587, 43, 892, 927, 1567]"
1367,"[54, 57, 58, 18, 1574]"
1368,"[1042, 1915, 655, 1574, 1249]"
1369,"[1592, 1590, 885, 903, 954]"
1370,"[1567, 37, 1805, 16, 43]"
1371,"[43, 1588, 1193, 420, 1025]"
1372,"[114, 1907, 1916, 1193, 796]"
1373,"[1574, 602, 1193, 1583, 1034]"
1374,"[18, 807, 1567, 16, 1573]"
1375,"[48, 1567, 1892, 691, 160]"
1376,"[1906, 1588, 1805, 1529, 1528]"
1377,"[1884, 1562, 1599, 1063, 43]"
1378,"[1889, 1567, 37, 18, 54]"
1379,"[892, 43, 1772, 443, 44]"
1380,"[1193, 1351, 472, 1586, 1040]"
1381,"[1488, 1052, 258, 1590, 1919]"
1382,"[927, 1063, 1574, 426, 88]"
1383,"[43, 1588, 1064, 1926, 113]"
1384,"[1019, 716, 853, 18, 1574]"
1385,"[1063, 1898, 426, 49, 1582]"
1386,"[1287, 16, 44, 18, 807]"
1387,"[44, 1204, 807, 606, 43]"
1388,"[446, 807, 1902, 54, 57]"
1389,"[1612, 1574, 1063, 1160, 426]"
1390,"[1249, 807, 1063, 111, 531]"
1391,"[1562, 1532, 1567, 1032, 1589]"
1392,"[1564, 1489, 1542, 1532, 1561]"
1393,"[1897, 1922, 114, 446, 807]"
1394,"[54, 57, 58, 739, 1249]"
1395,"[1459, 403, 807, 655, 1772]"
1396,"[786, 18, 588, 1772, 16]"
1397,"[16, 1240, 1241, 43, 418]"
1398,"[114, 1900, 1902, 18, 807]"
1399,"[723, 1601, 692, 1604, 111]"
1400,"[1063, 1574, 443, 426, 1898]"
1401,"[807, 478, 1512, 552, 1542]"
1402,"[1567, 1193, 1907, 1032, 43]"
1403,"[1924, 478, 1900, 1006, 1893]"
1404,"[1567, 114, 16, 606, 807]"
1405,"[16, 18, 807, 1708, 29]"
1406,"[43, 1587, 1193, 1063, 1025]"
1407,"[1772, 18, 16, 44, 1573]"
1408,"[1861, 1929, 408, 1666, 1592]"
1409,"[1897, 1922, 113, 43, 1627]"
1410,"[1638, 403, 1490, 18, 502]"
1411,"[403, 1567, 480, 54, 57]"
1412,"[1193, 1863, 1043, 1025, 161]"
1413,"[1724, 692, 116, 1929, 1444]"
1414,"[1904, 1532, 1489, 1424, 692]"
1415,"[884, 1900, 1543, 1070, 1032]"
1416,"[403, 1026, 1919, 51, 620]"
1417,"[1193, 1574, 1930, 426, 1932]"
1418,"[97, 96, 598, 600, 597]"
1419,"[403, 1055, 1809, 933, 1025]"
1420,"[1063, 1583, 602, 1114, 1625]"
1421,"[109, 1523, 811, 16, 46]"
1422,"[43, 1587, 1567, 1193, 892]"
1423,"[692, 677, 632, 44, 16]"
1424,"[16, 1567, 44, 807, 1063]"
1425,"[18, 807, 443, 1567, 16]"
1426,"[1907, 1618, 1885, 1892, 620]"
1427,"[1574, 1063, 1567, 1193, 905]"
1428,"[1574, 1063, 426, 1898, 88]"
1429,"[18, 160, 933, 1855, 84]"
1430,"[1567, 1193, 37, 1643, 43]"
1431,"[1929, 1592, 1721, 1434, 544]"
1432,"[1063, 1574, 426, 1898, 88]"
1433,"[1534, 1564, 1554, 1542, 1489]"
1434,"[108, 73, 18, 132, 798]"
1435,"[426, 1898, 457, 88, 1718]"
1436,"[1712, 899, 865, 46, 1747]"
1437,"[1193, 601, 1916, 406, 407]"
1438,"[1193, 43, 414, 113, 1907]"
1439,"[1574, 1625, 1520, 874, 884]"
1440,"[1193, 1574, 1583, 1567, 43]"
1441,"[1006, 1574, 351, 241, 218]"
1442,"[1748, 611, 1249, 807, 1882]"
1443,"[1574, 1193, 1065, 1583, 1567]"
1444,"[807, 1063, 892, 531, 578]"
1445,"[1592, 1929, 18, 723, 807]"
1446,"[1287, 1063, 1574, 426, 1898]"
1447,"[18, 1567, 807, 1708, 1204]"
1448,"[1538, 1589, 1556, 1561, 1489]"
1449,"[1193, 1588, 1529, 1561, 1916]"
1450,"[1304, 125, 1677, 1824, 1874]"
1451,"[1917, 1902, 1900, 1552, 1680]"
1452,"[1006, 338, 53, 1143, 1145]"
1453,"[691, 606, 54, 57, 58]"
1454,"[891, 807, 18, 1573, 16]"
1455,"[1193, 1809, 1055, 1025, 735]"
1456,"[1204, 1573, 16, 807, 18]"
1457,"[44, 43, 1567, 892, 1063]"
1458,"[43, 892, 1063, 1567, 37]"
1459,"[403, 807, 18, 514, 1691]"
1460,"[1615, 1586, 1897, 1922, 43]"
1461,"[1929, 1592, 1900, 891, 1574]"
1462,"[1063, 1567, 1574, 426, 1898]"
1463,"[1554, 606, 1588, 113, 723]"
1464,"[1063, 1567, 1574, 37, 49]"
1465,"[446, 1700, 1575, 420, 1545]"
1466,"[1617, 406, 407, 1618, 1557]"
1467,"[1055, 1025, 933, 936, 1666]"
1468,"[687, 1516, 97, 1713, 96]"
1469,"[1320, 97, 420, 96, 98]"
1470,"[720, 1153, 105, 1592, 194]"
1471,"[1587, 43, 1627, 892, 1905]"
1472,"[692, 677, 114, 927, 1587]"
1473,"[1049, 1055, 1054, 1030, 933]"
1474,"[1587, 18, 1063, 807, 16]"
1475,"[1567, 18, 37, 1574, 892]"
1476,"[1772, 18, 588, 1567, 16]"
1477,"[1574, 426, 1898, 1718, 792]"
1478,"[1627, 1905, 1587, 927, 1527]"
1479,"[1724, 1889, 1032, 1249, 1567]"
1480,"[43, 1897, 1922, 1193, 1587]"
1481,"[1193, 1618, 1543, 1561, 1560]"
1482,"[1204, 884, 807, 18, 1574]"
1483,"[411, 446, 54, 57, 58]"
1484,"[1032, 1926, 106, 1064, 1574]"
1485,"[1592, 1929, 1193, 1043, 1920]"
1486,"[18, 1320, 861, 84, 807]"
1487,"[1193, 1809, 927, 735, 1917]"
1488,"[1924, 478, 807, 687, 662]"
1489,"[903, 1617, 125, 390, 1249]"
1490,"[687, 1562, 1191, 1713, 708]"
1491,"[606, 1567, 1491, 16, 807]"
1492,"[446, 54, 57, 58, 18]"
1493,"[43, 1587, 1063, 1567, 892]"
1494,"[1904, 1531, 1562, 1191, 291]"
1495,"[438, 1675, 1263, 1249, 533]"
1496,"[1504, 667, 662, 1677, 1882]"
1497,"[135, 1567, 16, 403, 1157]"
1498,"[16, 44, 807, 1567, 43]"
1499,"[1825, 18, 1607, 1472, 1502]"
1500,"[1567, 54, 57, 58, 1896]"
1501,"[1607, 18, 1825, 512, 1472]"
1502,"[1461, 1618, 114, 1619, 1557]"
1503,"[1157, 1239, 368, 1186, 1724]"
1504,"[18, 16, 1708, 807, 72]"
1505,"[1239, 417, 17, 1561, 1619]"
1506,"[1809, 1193, 1620, 886, 425]"
1507,"[413, 1157, 1587, 884, 1522]"
1508,"[1611, 1534, 1619, 1044, 1724]"
1509,"[886, 1613, 1193, 1587, 1904]"
1510,"[1340, 1193, 538, 1389, 537]"
1511,"[722, 67, 1502, 1617, 739]"
1512,"[1193, 927, 1588, 1194, 43]"
1513,"[884, 43, 860, 648, 1882]"
1514,"[209, 978, 968, 971, 208]"
1515,"[18, 561, 807, 1204, 1461]"
1516,"[372, 1567, 368, 739, 16]"
1517,"[1338, 1584, 1917, 1428, 1194]"
1518,"[1567, 37, 16, 1063, 18]"
1519,"[16, 114, 1611, 1567, 110]"
1520,"[628, 18, 1825, 1320, 403]"
1521,"[468, 1320, 403, 18, 1567]"
1522,"[1019, 1863, 649, 66, 611]"
1523,"[1612, 1574, 1620, 1625, 1520]"
1524,"[1567, 1287, 16, 114, 1611]"
1525,"[884, 18, 1708, 807, 1204]"
1526,"[1630, 1006, 723, 1666, 1900]"
1527,"[886, 1193, 1351, 735, 164]"
1528,"[501, 1277, 1900, 403, 1495]"
1529,"[793, 1541, 1201, 1553, 1628]"
1530,"[48, 1915, 1552, 1713, 1561]"
1531,"[413, 1191, 363, 46, 43]"
1532,"[403, 1490, 903, 1717, 1252]"
1533,"[1484, 1900, 1543, 1544, 457]"
1534,"[54, 57, 58, 1896, 403]"
1535,"[1567, 1885, 1193, 1894, 1892]"
1536,"[927, 1193, 43, 892, 1194]"
1537,"[1567, 1157, 37, 1063, 403]"
1538,"[1567, 114, 16, 110, 1618]"
1539,"[1567, 48, 1897, 1922, 1587]"
1540,"[445, 44, 43, 1063, 1457]"
1541,"[1861, 1917, 425, 1913, 1032]"
1542,"[16, 1611, 868, 114, 1567]"
1543,"[132, 649, 18, 16, 1679]"
1544,"[1065, 1037, 773, 1193, 1338]"
1545,"[677, 1567, 16, 44, 1679]"
1546,"[891, 1900, 1619, 1491, 114]"
1547,"[73, 468, 111, 54, 57]"
1548,"[1249, 1063, 1595, 1584, 1583]"
1549,"[1567, 16, 1611, 1592, 18]"
1550,"[1157, 1186, 368, 501, 403]"
1551,"[1579, 18, 807, 655, 1404]"
1552,"[886, 1592, 1666, 885, 807]"
1553,"[807, 1428, 860, 884, 933]"
1554,"[1567, 372, 739, 16, 114]"
1555,"[1567, 16, 1157, 1611, 403]"
1556,"[1900, 1531, 1713, 1543, 45]"
1557,"[807, 417, 18, 1239, 655]"
1558,"[786, 48, 1204, 606, 1197]"
1559,"[54, 57, 58, 16, 1708]"
1560,"[1567, 37, 1063, 595, 43]"
1561,"[16, 114, 1611, 1567, 507]"
1562,"[1924, 478, 786, 1434, 561]"
1563,"[1567, 37, 1679, 1063, 18]"
1564,"[1899, 1071, 48, 1526, 1907]"
1565,"[1193, 113, 1587, 413, 43]"
1566,"[111, 468, 892, 1314, 1583]"
1567,"[1666, 903, 1567, 1691, 807]"
1568,"[174, 176, 167, 924, 165]"
1569,"[1567, 796, 372, 16, 1611]"
1570,"[1613, 901, 1530, 1191, 368]"
1571,"[446, 403, 18, 1846, 1197]"
1572,"[1191, 368, 1238, 1607, 537]"
1573,"[1320, 18, 807, 1573, 1574]"
1574,"[927, 1679, 632, 1717, 16]"
1575,"[1825, 1607, 18, 512, 1472]"
1576,"[884, 1138, 446, 18, 1063]"
1577,"[534, 1809, 1193, 606, 1620]"
1578,"[1700, 1701, 1320, 1679, 861]"
1579,"[114, 1204, 807, 16, 18]"
1580,"[114, 1561, 1567, 455, 1560]"
1581,"[114, 16, 1611, 1249, 1567]"
1582,"[1666, 537, 565, 18, 933]"
1583,"[16, 807, 1204, 18, 1772]"
1584,"[1063, 114, 927, 807, 606]"
1585,"[108, 697, 80, 1680, 480]"
1586,"[446, 1239, 417, 412, 411]"
1587,"[1193, 927, 43, 1587, 1194]"
1588,"[413, 860, 807, 884, 501]"
1589,"[1193, 1620, 1618, 1520, 425]"
1590,"[1611, 114, 443, 18, 44]"
1591,"[48, 1204, 18, 478, 1713]"
1592,"[1027, 1915, 1095, 1666, 18]"
1593,"[1525, 468, 1885, 1778, 403]"
1594,"[420, 126, 124, 102, 1320]"
1595,"[793, 1541, 1201, 1700, 1553]"
1596,"[48, 16, 44, 18, 807]"
1597,"[413, 443, 44, 1567, 1772]"
1598,"[900, 125, 884, 1249, 1666]"
1599,"[1902, 667, 1552, 1561, 1541]"
1600,"[1618, 1193, 885, 1608, 620]"
1601,"[1607, 1896, 1157, 1517, 511]"
1602,"[1197, 1204, 417, 1239, 43]"
1603,"[48, 18, 807, 1287, 1063]"
1604,"[1157, 1255, 1666, 1194, 1186]"
1605,"[1900, 1902, 1917, 1543, 890]"
1606,"[16, 691, 1708, 1567, 18]"
1607,"[1287, 891, 1587, 1611, 16]"
1608,"[691, 54, 57, 58, 1567]"
1609,"[292, 1722, 1617, 1655, 1555]"
1610,"[1320, 420, 96, 97, 749]"
1611,"[1902, 403, 1320, 1197, 420]"
1612,"[18, 368, 54, 57, 58]"
1613,"[1287, 446, 807, 1900, 1204]"
1614,"[892, 111, 468, 1587, 321]"
1615,"[1541, 420, 102, 925, 938]"
1616,"[1593, 1638, 861, 1583, 1596]"
1617,"[109, 44, 692, 43, 1191]"
1618,"[1588, 1529, 1916, 1906, 1193]"
1619,"[1567, 1896, 114, 1192, 901]"
1620,"[543, 903, 1043, 670, 884]"
1621,"[692, 114, 677, 1534, 606]"
1622,"[1725, 739, 1249, 501, 1404]"
1623,"[108, 1567, 1721, 368, 1557]"
1624,"[1040, 403, 1320, 1772, 749]"
1625,"[413, 44, 1063, 1567, 807]"
1626,"[478, 1618, 1900, 1902, 1574]"
1627,"[432, 1607, 372, 368, 1157]"
1628,"[455, 1884, 1557, 1890, 1516]"
1629,"[1567, 1063, 37, 1574, 426]"
1630,"[1902, 1861, 1320, 420, 403]"
1631,"[111, 421, 1314, 468, 860]"
1632,"[16, 1611, 114, 1567, 1604]"
1633,"[478, 1618, 1924, 1900, 1902]"
1634,"[886, 884, 18, 54, 57]"
1635,"[1193, 43, 1194, 1587, 892]"
1636,"[1809, 1193, 886, 735, 1520]"
1637,"[1601, 692, 677, 1604, 44]"
1638,"[886, 1608, 1428, 1517, 480]"
1639,"[1691, 501, 1574, 1249, 723]"
1640,"[1193, 1617, 1555, 292, 1655]"
1641,"[114, 1618, 1557, 1900, 125]"
1642,"[18, 807, 1567, 905, 606]"
1643,"[1917, 1900, 1902, 1932, 1204]"
1644,"[1896, 18, 807, 798, 1204]"
1645,"[110, 1619, 884, 1197, 478]"
1646,"[18, 606, 1204, 807, 563]"
1647,"[1724, 1889, 1884, 116, 48]"
1648,"[1192, 692, 677, 114, 1191]"
1649,"[18, 1204, 798, 807, 621]"
1650,"[1619, 18, 807, 1567, 1204]"
1651,"[739, 1778, 403, 44, 1063]"
1652,"[1193, 1909, 1351, 1025, 796]"
1653,"[1567, 1157, 372, 16, 1611]"
1654,"[18, 807, 1204, 1708, 1806]"
1655,"[1897, 1922, 523, 891, 48]"
1656,"[1193, 1917, 1520, 1032, 1574]"
1657,"[1567, 1557, 16, 1098, 114]"
1658,"[1611, 18, 1063, 1567, 37]"
1659,"[171, 611, 667, 425, 1846]"
1660,"[527, 18, 114, 1204, 807]"
1661,"[1153, 259, 256, 1316, 1919]"
1662,"[1567, 16, 114, 1611, 1772]"
1663,"[1193, 927, 1025, 1194, 1587]"
1664,"[1567, 37, 1063, 16, 1679]"
1665,"[1617, 1924, 292, 1555, 1194]"
1666,"[1567, 1896, 16, 1063, 1611]"
1667,"[1825, 1607, 18, 512, 1472]"
1668,"[1193, 425, 1620, 403, 1809]"
1669,"[48, 1713, 54, 57, 58]"
1670,"[1320, 472, 1197, 420, 18]"
1671,"[16, 1611, 1567, 1884, 507]"
1672,"[1607, 1567, 1896, 1539, 37]"
1673,"[1567, 1896, 1618, 16, 1913]"
1674,"[1063, 1574, 106, 1894, 1567]"
1675,"[608, 368, 1725, 739, 1157]"
1676,"[927, 1567, 1885, 1574, 807]"
1677,"[1317, 256, 259, 1319, 1567]"
1678,"[1567, 37, 54, 57, 58]"
1679,"[1618, 1907, 1249, 1567, 845]"
1680,"[413, 1587, 43, 1897, 1922]"
1681,"[1567, 16, 114, 1611, 18]"
1682,"[955, 971, 208, 207, 976]"
1683,"[868, 1748, 103, 1193, 1453]"
1684,"[16, 1884, 48, 884, 44]"
1685,"[1894, 1525, 18, 403, 44]"
1686,"[471, 18, 807, 1574, 595]"
1687,"[1894, 484, 1613, 1567, 1530]"
1688,"[1562, 18, 1567, 687, 1772]"
1689,"[110, 1287, 807, 18, 16]"
1690,"[1936, 1935, 994, 926, 1030]"
1691,"[1249, 18, 16, 807, 1204]"
1692,"[1630, 807, 18, 54, 57]"
1693,"[1193, 1620, 1588, 1574, 1032]"
1694,"[48, 18, 1287, 884, 807]"
1695,"[1541, 1700, 1540, 1552, 1118]"
1696,"[472, 420, 18, 1197, 1553]"
1697,"[1462, 667, 1902, 1495, 807]"
1698,"[1607, 1608, 1896, 1193, 1517]"
1699,"[1320, 420, 1778, 1888, 403]"
1700,"[1193, 1809, 1666, 403, 511]"
1701,"[43, 892, 420, 1885, 1567]"
1702,"[66, 1191, 1125, 1193, 1894]"
1703,"[645, 16, 807, 649, 687]"
1704,"[1338, 1187, 1581, 468, 1314]"
1705,"[18, 403, 1320, 807, 468]"
1706,"[1193, 927, 43, 1587, 1194]"
1707,"[1562, 1884, 1887, 1628, 60]"
1708,"[478, 1924, 1900, 125, 1917]"
1709,"[608, 768, 739, 1778, 740]"
1710,"[1894, 807, 18, 1573, 1574]"
1711,"[413, 807, 445, 16, 48]"
1712,"[606, 1320, 420, 1902, 1197]"
1713,"[1316, 1574, 1717, 1679, 1708]"
1714,"[1900, 1619, 788, 1902, 662]"
1715,"[645, 401, 739, 1204, 18]"
1716,"[18, 1063, 807, 16, 44]"
1717,"[648, 884, 1567, 687, 606]"
1718,"[111, 884, 120, 801, 1581]"
1719,"[861, 1587, 43, 413, 113]"
1720,"[37, 1913, 1194, 1583, 1006]"
1721,"[18, 1778, 1825, 1567, 1574]"
1722,"[368, 114, 1193, 403, 739]"
1723,"[48, 1898, 426, 905, 114]"
1724,"[1574, 807, 1197, 18, 1320]"
1725,"[1204, 1666, 593, 599, 597]"
1726,"[1567, 114, 16, 1611, 1896]"
1727,"[1524, 1525, 1197, 1559, 884]"
1728,"[1567, 1618, 1907, 16, 1913]"
1729,"[1197, 1573, 478, 1504, 1204]"
1730,"[282, 66, 65, 63, 501]"
1731,"[1617, 1194, 292, 1702, 1722]"
1732,"[413, 44, 43, 403, 18]"
1733,"[135, 363, 1006, 54, 57]"
1734,"[1574, 425, 160, 930, 1588]"
1735,"[401, 884, 1717, 801, 18]"
1736,"[793, 1541, 1201, 1628, 1553]"
1737,"[1902, 1900, 403, 1679, 1543]"
1738,"[1917, 1042, 1193, 18, 425]"
1739,"[1717, 16, 44, 18, 807]"
1740,"[608, 1725, 740, 1676, 1186]"
1741,"[926, 1193, 1618, 1254, 1702]"
1742,"[868, 97, 98, 96, 171]"
1743,"[1717, 73, 403, 18, 471]"
1744,"[1287, 18, 807, 54, 57]"
1745,"[368, 372, 1567, 739, 1157]"
1746,"[1567, 37, 1896, 1194, 95]"
1747,"[884, 807, 18, 1708, 16]"
1748,"[1193, 1930, 1666, 886, 1574]"
1749,"[1320, 443, 403, 1574, 18]"
1750,"[1607, 1896, 1608, 1575, 502]"
1751,"[1063, 37, 1567, 1574, 500]"
1752,"[1567, 114, 16, 1611, 1588]"
1753,"[1567, 1587, 114, 16, 1611]"
1754,"[401, 1287, 18, 48, 1666]"
1755,"[1567, 37, 403, 16, 1679]"
1756,"[1747, 863, 1923, 865, 314]"
1757,"[884, 1574, 807, 1568, 18]"
1758,"[473, 606, 417, 18, 884]"
1759,"[443, 403, 1567, 18, 1708]"
1760,"[1772, 1006, 18, 903, 739]"
1761,"[1567, 1889, 1588, 1611, 1913]"
1762,"[1567, 37, 403, 480, 18]"
1763,"[1708, 18, 807, 1679, 514]"
1764,"[1679, 807, 1574, 18, 1717]"
1765,"[606, 446, 723, 1197, 807]"
1766,"[1646, 1193, 1194, 1567, 1574]"
1767,"[1461, 553, 1434, 1504, 1386]"
1768,"[892, 16, 1204, 606, 1574]"
1769,"[1557, 1157, 1724, 403, 1607]"
1770,"[1700, 1525, 18, 790, 1524]"
1771,"[468, 18, 403, 480, 16]"
1772,"[1541, 1313, 1552, 1554, 1489]"
1773,"[807, 18, 1708, 16, 337]"
1774,"[1567, 372, 368, 739, 16]"
1775,"[868, 1071, 1748, 1807, 1588]"
1776,"[1157, 501, 1186, 595, 593]"
1777,"[403, 1072, 1721, 1896, 16]"
1778,"[1825, 1607, 18, 1472, 1363]"
1779,"[403, 501, 18, 132, 1778]"
1780,"[1618, 807, 403, 18, 561]"
1781,"[1588, 43, 892, 1529, 44]"
1782,"[18, 44, 687, 807, 649]"
1783,"[1567, 37, 1193, 18, 1751]"
1784,"[1287, 413, 1772, 1567, 16]"
1785,"[1896, 18, 1708, 1204, 443]"
1786,"[807, 18, 16, 1204, 1567]"
1787,"[1794, 1457, 1449, 544, 1193]"
1788,"[511, 501, 590, 595, 1809]"
1789,"[595, 501, 590, 599, 597]"
1790,"[884, 44, 807, 1204, 18]"
1791,"[1700, 1701, 124, 1320, 102]"
1792,"[1894, 1613, 1194, 1056, 1530]"
1793,"[1567, 1389, 796, 37, 43]"
1794,"[1601, 692, 1604, 677, 44]"
1795,"[18, 807, 1197, 1772, 468]"
1796,"[1567, 1249, 1063, 1902, 595]"
1797,"[1677, 522, 1724, 1900, 1902]"
1798,"[1607, 18, 1825, 512, 1502]"
1799,"[927, 18, 807, 1249, 903]"
1800,"[1896, 18, 1006, 1056, 44]"
1801,"[1567, 403, 1679, 18, 1742]"
1802,"[420, 1320, 48, 1063, 1204]"
1803,"[1193, 1587, 1638, 111, 861]"
1804,"[97, 1201, 96, 102, 124]"
1805,"[1567, 1896, 1191, 114, 321]"
1806,"[927, 1063, 1567, 44, 16]"
1807,"[1607, 1225, 428, 1063, 1583]"
1808,"[807, 18, 1204, 16, 48]"
1809,"[1617, 1555, 1491, 292, 1702]"
1810,"[1614, 1656, 1610, 449, 1534]"
1811,"[1601, 692, 693, 1604, 677]"
1812,"[1638, 691, 1063, 606, 54]"
1813,"[18, 403, 501, 1249, 1404]"
1814,"[1193, 1567, 1340, 1072, 1891]"
1815,"[1638, 19, 39, 1593, 861]"
1816,"[114, 16, 1884, 1567, 1611]"
1817,"[445, 807, 1679, 606, 662]"
1818,"[1138, 1567, 43, 403, 44]"
1819,"[1708, 1567, 1320, 807, 403]"
1820,"[298, 437, 433, 816, 442]"
1821,"[1567, 1063, 43, 1249, 16]"
1822,"[1666, 731, 1667, 728, 823]"
1823,"[1906, 1528, 1588, 1928, 1529]"
1824,"[1193, 113, 1587, 43, 37]"
1825,"[1567, 44, 1573, 1806, 807]"
1826,"[478, 1197, 1924, 18, 807]"
1827,"[1538, 1533, 1622, 1563, 1521]"
1828,"[1586, 1619, 1193, 1534, 1618]"
1829,"[16, 1611, 1567, 507, 535]"
1830,"[927, 1457, 1574, 1249, 18]"
1831,"[1613, 1191, 1530, 257, 901]"
1832,"[403, 1320, 1197, 1204, 1574]"
1833,"[1896, 54, 57, 58, 1721]"
1834,"[403, 452, 1300, 374, 1934]"
1835,"[478, 1924, 786, 1197, 1204]"
1836,"[16, 1611, 1567, 1906, 106]"
1837,"[1772, 1846, 1006, 54, 57]"
1838,"[1724, 114, 116, 1567, 1611]"
1839,"[1567, 1588, 1906, 16, 1528]"
1840,"[1567, 114, 16, 1884, 1611]"
1841,"[899, 119, 457, 1718, 792]"
1842,"[108, 1721, 1567, 368, 1896]"
1843,"[1193, 1917, 543, 1567, 1249]"
1844,"[1742, 1204, 110, 1072, 368]"
1845,"[1193, 1915, 927, 1863, 1809]"
1846,"[48, 1588, 1713, 1646, 1160]"
1847,"[1607, 1191, 478, 413, 1896]"
1848,"[1894, 1613, 1194, 484, 1188]"
1849,"[420, 1073, 1885, 1320, 665]"
1850,"[1601, 692, 1604, 693, 109]"
1851,"[1193, 927, 43, 1194, 1587]"
1852,"[807, 403, 443, 18, 1679]"
1853,"[1193, 1567, 18, 37, 1574]"
1854,"[478, 1924, 786, 1197, 1567]"
1855,"[1541, 102, 420, 1628, 1320]"
1856,"[1006, 18, 884, 807, 132]"
1857,"[3, 468, 73, 884, 54]"
1858,"[110, 1619, 445, 1249, 807]"
1859,"[1884, 48, 1197, 606, 16]"
1860,"[1884, 48, 16, 1204, 807]"
1861,"[1936, 1277, 1935, 1295, 446]"
1862,"[1489, 1564, 1554, 1542, 1520]"
1863,"[1567, 1438, 501, 502, 1574]"
1864,"[1607, 1896, 1608, 1517, 1825]"
1865,"[368, 1587, 1607, 608, 1193]"
1866,"[478, 1924, 561, 786, 111]"
1867,"[1607, 1608, 1517, 1896, 18]"
1868,"[885, 480, 903, 1320, 403]"
1869,"[446, 1193, 18, 1666, 903]"
1870,"[44, 54, 57, 58, 16]"
1871,"[1567, 1191, 37, 1072, 1896]"
1872,"[16, 114, 884, 1573, 54]"
1873,"[1588, 1599, 903, 1338, 1900]"
1874,"[1666, 406, 407, 419, 160]"
1875,"[1063, 1898, 426, 905, 602]"
1876,"[606, 723, 807, 1204, 18]"
1877,"[1320, 1679, 403, 468, 1574]"
1878,"[608, 1725, 739, 617, 1778]"
1879,"[1193, 927, 43, 1587, 113]"
1880,"[1567, 37, 403, 16, 1679]"
1881,"[1193, 1917, 927, 1587, 1194]"
1882,"[403, 501, 18, 1573, 807]"
1883,"[1193, 1917, 927, 1900, 1194]"
1884,"[1072, 368, 54, 57, 58]"
1885,"[368, 1619, 1405, 1618, 1]"
1886,"[608, 368, 1725, 739, 1157]"
1887,"[478, 1900, 1618, 1902, 786]"
1888,"[314, 865, 1747, 1567, 16]"
1889,"[1567, 1620, 1072, 16, 1611]"
1890,"[1567, 37, 1896, 16, 1194]"
1891,"[102, 1541, 97, 1201, 96]"
1892,"[455, 114, 16, 1611, 1191]"
1893,"[1617, 292, 1555, 1722, 478]"
1894,"[478, 1924, 114, 1191, 401]"
1895,"[1601, 44, 1614, 43, 109]"
1896,"[1666, 167, 165, 164, 406]"
1897,"[1917, 975, 541, 534, 565]"
1898,"[43, 403, 44, 16, 807]"
1899,"[16, 114, 1611, 1567, 507]"
1900,"[16, 1203, 884, 48, 649]"
1901,"[478, 1924, 18, 807, 1495]"
1902,"[1638, 18, 1574, 1193, 723]"
1903,"[43, 1897, 1922, 892, 1567]"
1904,"[1592, 403, 903, 885, 1666]"
1905,"[16, 1567, 1611, 103, 1897]"
1906,"[135, 1567, 16, 403, 1611]"
1907,"[892, 1673, 872, 368, 871]"
1908,"[1924, 478, 561, 1434, 786]"
1909,"[43, 662, 44, 1063, 1900]"
1910,"[1700, 1887, 1197, 1628, 628]"
1911,"[608, 768, 1725, 739, 740]"
1912,"[1567, 1063, 807, 18, 443]"
1913,"[1679, 1717, 807, 16, 18]"
1914,"[403, 443, 1567, 480, 18]"
1915,"[1607, 1608, 1517, 1193, 884]"
1916,"[828, 402, 1543, 1544, 807]"
1917,"[171, 606, 18, 1204, 807]"
1918,"[1607, 114, 1495, 1894, 1602]"
1919,"[1193, 1666, 368, 1930, 886]"
1920,"[595, 599, 590, 597, 587]"
1921,"[1191, 114, 1896, 16, 1608]"
1922,"[43, 44, 1772, 1006, 1717]"
1923,"[1708, 18, 16, 1806, 807]"
1924,"[1567, 1772, 16, 593, 1708]"
1925,"[1607, 1608, 1613, 739, 1896]"
1926,"[1627, 1905, 1527, 113, 1588]"
1927,"[1613, 1607, 739, 1778, 1896]"
1928,"[368, 403, 1721, 1567, 108]"
1929,"[368, 18, 1567, 1204, 606]"
1930,"[1567, 16, 372, 1157, 1725]"
1931,"[401, 884, 1607, 1239, 595]"
1932,"[111, 1581, 363, 54, 57]"
1933,"[927, 478, 1434, 1772, 16]"
1934,"[478, 1924, 125, 884, 786]"
1935,"[1666, 1194, 1006, 1542, 218]"
1936,"[1896, 884, 1708, 1204, 18]"
1937,"[18, 1320, 807, 1204, 590]"
1938,"[1567, 1679, 1320, 16, 807]"
1939,"[1801, 1799, 1798, 1802, 1804]"
1940,"[1193, 892, 868, 1194, 43]"
1941,"[18, 1902, 1900, 1543, 1194]"
1942,"[18, 403, 1567, 807, 1574]"
1943,"[511, 501, 1809, 590, 595]"
1944,"[927, 1193, 1587, 43, 413]"
1945,"[1574, 1006, 1583, 1193, 1913]"
1946,"[468, 73, 1574, 403, 884]"
1947,"[419, 406, 927, 1548, 160]"
1948,"[1567, 18, 807, 1708, 403]"
1949,"[1006, 457, 723, 1666, 903]"
1950,"[1510, 455, 1210, 1503, 650]"
1951,"[1721, 135, 1567, 16, 927]"
1952,"[111, 1581, 468, 73, 54]"
1953,"[1700, 1541, 102, 420, 1713]"
1954,"[114, 16, 1611, 1567, 1191]"
1955,"[54, 57, 58, 18, 884]"
1956,"[478, 1434, 561, 1567, 16]"
1957,"[1193, 886, 1567, 927, 43]"
1958,"[1917, 1900, 1913, 457, 49]"
1959,"[884, 16, 114, 1884, 455]"
1960,"[606, 723, 18, 807, 1573]"
1961,"[478, 1900, 446, 1902, 114]"
1962,"[1617, 926, 292, 1722, 1555]"
1963,"[18, 114, 1249, 606, 403]"
1964,"[1302, 18, 16, 595, 1772]"
1965,"[793, 1541, 1201, 1553, 1628]"
1966,"[16, 114, 1611, 1567, 1884]"
1967,"[1666, 406, 407, 419, 1149]"
1968,"[884, 16, 1618, 456, 455]"
1969,"[884, 18, 16, 807, 1567]"
1970,"[1197, 1708, 1806, 18, 1573]"
1971,"[1567, 114, 16, 1611, 535]"
1972,"[1607, 1896, 18, 1544, 1574]"
1973,"[403, 1197, 1567, 1679, 1320]"
1974,"[1607, 1191, 368, 1072, 1608]"
1975,"[1930, 18, 132, 1006, 807]"
1976,"[901, 1718, 1584, 739, 1591]"
1977,"[111, 884, 1006, 54, 57]"
1978,"[1567, 1193, 1618, 927, 54]"
1979,"[368, 1666, 1194, 1613, 1072]"
1980,"[116, 1197, 1555, 1491, 544]"
1981,"[468, 111, 860, 808, 801]"
1982,"[1708, 1806, 807, 413, 1138]"
1983,"[413, 113, 1676, 114, 1915]"
1984,"[18, 884, 798, 807, 621]"
1985,"[807, 16, 1204, 1573, 18]"
1986,"[1562, 1599, 689, 687, 16]"
1987,"[403, 1679, 595, 1320, 807]"
1988,"[1588, 1193, 1562, 43, 1567]"
1989,"[1639, 1194, 1593, 1583, 1585]"
1990,"[111, 1583, 49, 426, 533]"
1991,"[1601, 692, 1604, 677, 44]"
1992,"[884, 18, 807, 1204, 1287]"
1993,"[807, 73, 18, 16, 1708]"
1994,"[1193, 1591, 749, 903, 18]"
1995,"[114, 1573, 807, 1855, 1861]"
1996,"[1924, 1884, 478, 114, 662]"
1997,"[1679, 18, 807, 1320, 1567]"
1998,"[108, 1491, 1567, 1497, 403]"
1999,"[1567, 16, 37, 1611, 1896]"
2000,"[16, 884, 48, 455, 44]"
2001,"[446, 114, 807, 1249, 1457]"
2002,"[868, 1748, 927, 1588, 1915]"
2003,"[1320, 420, 1888, 1902, 1197]"
2004,"[43, 1917, 1915, 1587, 44]"
2005,"[1567, 54, 57, 58, 37]"
2006,"[1570, 54, 57, 58, 18]"
2007,"[16, 114, 1611, 1567, 507]"
2008,"[927, 1193, 1917, 1025, 419]"
2009,"[478, 1197, 1434, 786, 561]"
2010,"[1193, 1052, 885, 927, 543]"
2011,"[1613, 1530, 901, 368, 1542]"
2012,"[608, 739, 740, 623, 403]"
2013,"[1404, 1457, 561, 1449, 1403]"
2014,"[1884, 1197, 478, 1924, 125]"
2015,"[1884, 1900, 1561, 1902, 478]"
2016,"[1772, 16, 593, 1567, 597]"
2017,"[1666, 1917, 731, 43, 1574]"
2018,"[1861, 1900, 1902, 403, 1249]"
2019,"[1567, 1618, 1896, 114, 1192]"
2020,"[1884, 455, 114, 1555, 1171]"
2021,"[1904, 1587, 1613, 413, 1897]"
2022,"[1567, 16, 114, 1611, 403]"
2023,"[1541, 1700, 124, 102, 1540]"
2024,"[1673, 368, 1567, 1721, 18]"
2025,"[1193, 1612, 1618, 620, 470]"
2026,"[1457, 807, 18, 522, 1204]"
2027,"[290, 1615, 1586, 1538, 1556]"
2028,"[885, 903, 1592, 1590, 1929]"
2029,"[1338, 160, 930, 1249, 1882]"
2030,"[1249, 16, 44, 43, 606]"
2031,"[54, 57, 58, 691, 18]"
2032,"[1897, 1922, 828, 1192, 1611]"
2033,"[649, 1861, 1772, 18, 1846]"
2034,"[18, 807, 1573, 54, 57]"
2035,"[1924, 478, 1884, 1913, 1567]"
2036,"[478, 1924, 784, 1913, 480]"
2037,"[403, 452, 1300, 1873, 1825]"
2038,"[606, 1564, 1489, 1520, 1201]"
2039,"[1193, 1620, 1618, 1666, 1520]"
2040,"[1573, 1193, 1574, 807, 54]"
2041,"[455, 1611, 114, 125, 1618]"
2042,"[1197, 478, 18, 1884, 1924]"
2043,"[18, 807, 1708, 798, 16]"
2044,"[413, 406, 407, 478, 43]"
2045,"[97, 96, 1201, 98, 1543]"
2046,"[1607, 1608, 1517, 54, 57]"
2047,"[1567, 16, 1611, 1063, 606]"
2048,"[1287, 828, 54, 57, 58]"
2049,"[1896, 501, 1607, 1191, 432]"
2050,"[1193, 1042, 1026, 1049, 1680]"
2051,"[1573, 1722, 1562, 43, 44]"
2052,"[1138, 1063, 1522, 403, 1320]"
2053,"[692, 18, 1573, 1204, 807]"
2054,"[1312, 650, 44, 43, 687]"
2055,"[739, 1303, 1253, 1259, 1258]"
2056,"[1193, 446, 1567, 1574, 18]"
2057,"[16, 114, 478, 561, 1434]"
2058,"[926, 1617, 1702, 1558, 901]"
2059,"[1619, 368, 1249, 1567, 403]"
2060,"[1619, 1287, 48, 1901, 1193]"
2061,"[1187, 1338, 1570, 111, 1581]"
2062,"[1613, 368, 1608, 1193, 1567]"
2063,"[1415, 620, 470, 670, 1666]"
2064,"[1666, 993, 1027, 18, 1321]"
2065,"[478, 786, 43, 1567, 44]"
2066,"[1708, 807, 471, 18, 403]"
2067,"[1567, 37, 1496, 1494, 16]"
2068,"[1885, 901, 1574, 1588, 95]"
2069,"[114, 445, 807, 1573, 18]"
2070,"[1207, 721, 1680, 1592, 197]"
2071,"[1197, 1525, 1122, 1559, 1696]"
2072,"[116, 1567, 48, 16, 1249]"
2073,"[16, 116, 1724, 114, 860]"
2074,"[1725, 739, 990, 1591, 1660]"
2075,"[1567, 1063, 16, 807, 44]"
2076,"[1884, 48, 1197, 16, 18]"
2077,"[1567, 1157, 1557, 368, 16]"
2078,"[1884, 1924, 478, 786, 561]"
2079,"[1193, 1620, 886, 425, 1917]"
2080,"[401, 927, 1544, 1006, 18]"
2081,"[1617, 292, 1722, 321, 1070]"
2082,"[1917, 1900, 359, 1902, 1035]"
2083,"[807, 606, 18, 16, 1708]"
2084,"[606, 18, 807, 114, 403]"
2085,"[48, 426, 1567, 1574, 807]"
2086,"[401, 807, 47, 1717, 16]"
2087,"[930, 933, 380, 723, 125]"
2088,"[1567, 114, 16, 110, 1611]"
2089,"[1527, 1249, 1536, 749, 1882]"
2090,"[1613, 1191, 1530, 901, 257]"
2091,"[1071, 868, 1748, 1588, 1554]"
2092,"[1733, 1197, 749, 171, 97]"
2093,"[1607, 1608, 1157, 1517, 612]"
2094,"[18, 114, 677, 1573, 606]"
2095,"[1567, 1896, 1907, 1191, 1573]"
2096,"[1193, 1620, 886, 1809, 1072]"
2097,"[1607, 1608, 1517, 901, 1157]"
2098,"[1617, 292, 1722, 1555, 1655]"
2099,"[1504, 1434, 561, 16, 687]"
2100,"[1193, 1809, 1252, 735, 1917]"
2101,"[16, 114, 18, 807, 1204]"
2102,"[403, 1567, 37, 903, 16]"
2103,"[413, 1917, 1915, 478, 1567]"
2104,"[807, 18, 16, 1611, 903]"
2105,"[1193, 1586, 927, 884, 43]"
2106,"[1679, 1574, 1194, 1266, 1611]"
2107,"[1193, 927, 1588, 1025, 921]"
2108,"[1666, 265, 405, 1027, 1929]"
2109,"[1567, 1617, 1896, 16, 292]"
2110,"[1617, 292, 1722, 1555, 1567]"
2111,"[417, 18, 16, 807, 44]"
2112,"[1907, 1063, 1574, 1193, 1567]"
2113,"[807, 18, 1567, 1063, 43]"
2114,"[1607, 1608, 1517, 1896, 403]"
2115,"[1541, 1628, 1197, 1553, 749]"
2116,"[1896, 1191, 1567, 18, 114]"
2117,"[1673, 1924, 478, 649, 884]"
2118,"[1725, 608, 368, 739, 403]"
2119,"[892, 1613, 1673, 257, 1618]"
2120,"[114, 446, 54, 57, 58]"
2121,"[113, 114, 890, 43, 884]"
2122,"[868, 1676, 43, 501, 1404]"
2123,"[1742, 1555, 1617, 292, 1722]"
2124,"[1574, 43, 95, 884, 37]"
2125,"[1567, 1896, 16, 114, 1611]"
2126,"[1197, 478, 1204, 44, 807]"
2127,"[18, 1567, 1316, 807, 1708]"
2128,"[1617, 292, 1567, 535, 1555]"
2129,"[273, 420, 97, 96, 633]"
2130,"[691, 1249, 54, 57, 58]"
2131,"[1567, 1157, 372, 1896, 368]"
2132,"[1193, 1567, 1608, 1894, 1885]"
2133,"[1193, 927, 43, 1587, 1627]"
2134,"[446, 1607, 1193, 612, 1191]"
2135,"[1924, 1617, 478, 16, 1611]"
2136,"[1574, 1917, 426, 1583, 88]"
2137,"[1557, 1607, 1799, 1801, 368]"
2138,"[1531, 1070, 289, 1538, 1562]"
2139,"[1601, 116, 692, 807, 677]"
2140,"[1607, 1517, 884, 1599, 1586]"
2141,"[1191, 1072, 1896, 368, 1607]"
2142,"[372, 368, 1603, 739, 1567]"
2143,"[1457, 1157, 1724, 1825, 114]"
2144,"[1386, 807, 561, 1461, 478]"
2145,"[18, 807, 1772, 517, 588]"
2146,"[18, 1825, 1574, 403, 1320]"
2147,"[468, 111, 1581, 403, 54]"
2148,"[257, 368, 1567, 740, 110]"
2149,"[455, 335, 1275, 449, 1194]"
2150,"[1193, 419, 425, 406, 407]"
2151,"[1197, 478, 48, 116, 1204]"
2152,"[1567, 1896, 114, 16, 37]"
2153,"[1884, 1562, 1608, 1599, 43]"
2154,"[54, 57, 58, 18, 16]"
2155,"[608, 1825, 18, 739, 512]"
2156,"[1313, 1541, 1073, 793, 867]"
2157,"[884, 18, 807, 1204, 606]"
2158,"[1896, 18, 1708, 1204, 798]"
2159,"[927, 606, 807, 446, 445]"
2160,"[1861, 1540, 420, 921, 1025]"
2161,"[1504, 1434, 553, 1461, 1924]"
2162,"[884, 1607, 1249, 606, 1574]"
2163,"[114, 48, 1588, 1561, 1560]"
2164,"[368, 1801, 1557, 1804, 1802]"
2165,"[606, 420, 864, 781, 1554]"
2166,"[1894, 1516, 886, 1525, 1885]"
2167,"[1567, 16, 1611, 114, 446]"
2168,"[18, 1043, 1846, 807, 1592]"
2169,"[292, 1555, 1194, 331, 18]"
2170,"[1936, 1935, 44, 403, 825]"
2171,"[1541, 1628, 1553, 749, 1197]"
2172,"[1567, 1896, 16, 37, 1063]"
2173,"[1772, 606, 587, 807, 593]"
2174,"[1157, 1567, 1778, 368, 18]"
2175,"[1567, 37, 1913, 16, 1063]"
2176,"[1193, 1607, 1567, 43, 1588]"
2177,"[368, 1607, 1896, 1072, 1517]"
2178,"[1193, 1340, 1909, 1389, 886]"
2179,"[403, 1900, 443, 1495, 1574]"
2180,"[1772, 18, 54, 57, 58]"
2181,"[1561, 1560, 1619, 735, 1917]"
2182,"[135, 372, 1567, 1098, 1157]"
2183,"[807, 784, 16, 443, 44]"
2184,"[1924, 478, 1434, 1884, 561]"
2185,"[1574, 1063, 1583, 43, 1193]"
2186,"[413, 1063, 1537, 1044, 1783]"
2187,"[445, 807, 1717, 403, 798]"
2188,"[1902, 1900, 1543, 1552, 16]"
2189,"[1567, 43, 1896, 1611, 1573]"
2190,"[413, 43, 1588, 114, 890]"
2191,"[1717, 44, 1138, 43, 18]"
2192,"[872, 1591, 1193, 1666, 933]"
2193,"[1193, 1338, 1194, 1666, 1583]"
2194,"[807, 1574, 1599, 1573, 1679]"
2195,"[1567, 16, 114, 1611, 1896]"
2196,"[18, 807, 1573, 1574, 1204]"
2197,"[1509, 573, 1508, 531, 1497]"
2198,"[1600, 927, 106, 1910, 1588]"
2199,"[786, 478, 1924, 561, 649]"
2200,"[1926, 43, 890, 1588, 1899]"
2201,"[1567, 368, 16, 1611, 53]"
2202,"[1567, 1896, 114, 1884, 16]"
2203,"[1713, 1541, 1320, 403, 667]"
2204,"[1193, 1340, 1620, 425, 927]"
2205,"[1567, 1896, 16, 114, 1611]"
2206,"[1567, 1896, 1192, 16, 1611]"
2207,"[18, 807, 606, 54, 57]"
2208,"[647, 18, 639, 807, 1717]"
2209,"[610, 417, 1913, 1279, 403]"
2210,"[884, 1666, 1723, 111, 37]"
2211,"[1884, 1249, 48, 16, 1567]"
2212,"[926, 1617, 1555, 1491, 1618]"
2213,"[1249, 1896, 900, 1607, 1072]"
2214,"[368, 372, 1567, 739, 1157]"
2215,"[868, 1071, 1748, 478, 1900]"
2216,"[1204, 1721, 63, 635, 1691]"
2217,"[1574, 1193, 43, 1583, 1567]"
2218,"[111, 794, 472, 468, 1063]"
2219,"[54, 57, 58, 606, 1567]"
2220,"[731, 730, 54, 57, 58]"
2221,"[1157, 368, 1186, 739, 403]"
2222,"[903, 18, 282, 1574, 480]"
2223,"[1072, 54, 57, 58, 37]"
2224,"[1567, 1607, 1896, 1608, 1157]"
2225,"[668, 1567, 1708, 1679, 16]"
2226,"[1567, 1896, 1618, 1193, 16]"
2227,"[48, 1701, 18, 807, 1204]"
2228,"[1063, 1574, 1193, 43, 1567]"
2229,"[926, 1617, 1557, 1620, 1598]"
2230,"[749, 1197, 1564, 1489, 1320]"
2231,"[1588, 1529, 1193, 1528, 892]"
2232,"[1574, 426, 1898, 1583, 37]"
2233,"[1717, 884, 1729, 1882, 1805]"
2234,"[1567, 1193, 1063, 18, 1574]"
2235,"[1567, 18, 37, 1708, 16]"
2236,"[1607, 1603, 807, 403, 884]"
2237,"[1275, 368, 449, 1138, 18]"
2238,"[1567, 114, 16, 1611, 446]"
2239,"[37, 1913, 1194, 1583, 1900]"
2240,"[1646, 1197, 97, 480, 1320]"
2241,"[37, 1607, 1193, 1809, 1666]"
2242,"[892, 1673, 871, 893, 522]"
2243,"[368, 372, 1567, 739, 1157]"
2244,"[1884, 1562, 687, 60, 43]"
2245,"[55, 868, 864, 171, 420]"
2246,"[1751, 647, 1778, 1428, 1717]"
2247,"[606, 807, 18, 1573, 1679]"
2248,"[368, 1157, 1907, 1618, 1066]"
2249,"[368, 501, 569, 1138, 403]"
2250,"[731, 1338, 730, 1667, 1006]"
2251,"[1617, 1722, 292, 1655, 687]"
2252,"[292, 606, 1555, 44, 1249]"
2253,"[884, 1193, 403, 18, 446]"
2254,"[480, 1717, 59, 481, 91]"
2255,"[1725, 740, 606, 1249, 110]"
2256,"[1924, 478, 1197, 786, 1884]"
2257,"[1887, 881, 1631, 1567, 1249]"
2258,"[1316, 677, 1006, 1604, 582]"
2259,"[16, 1611, 114, 1567, 110]"
2260,"[723, 91, 446, 1574, 18]"
2261,"[668, 1567, 661, 1717, 16]"
2262,"[1936, 1861, 1906, 403, 1567]"
2263,"[1613, 368, 1542, 54, 57]"
2264,"[1902, 420, 1320, 1197, 1574]"
2265,"[1617, 926, 1618, 114, 1555]"
2266,"[1584, 1338, 731, 1666, 160]"
2267,"[1567, 37, 43, 892, 1249]"
2268,"[1891, 1063, 1567, 1574, 37]"
2269,"[1894, 886, 1932, 891, 37]"
2270,"[1574, 426, 88, 1718, 457]"
2271,"[1428, 1882, 1917, 457, 1718]"
2272,"[1733, 1249, 662, 1900, 655]"
2273,"[1484, 16, 1475, 1492, 518]"
2274,"[1885, 901, 1936, 1928, 1916]"
2275,"[1056, 1021, 1466, 1679, 606]"
2276,"[401, 114, 18, 16, 1599]"
2277,"[114, 1902, 446, 1249, 54]"
2278,"[114, 16, 1611, 1567, 807]"
2279,"[1567, 37, 1805, 1574, 1063]"
2280,"[1716, 111, 1726, 3, 468]"
2281,"[455, 16, 454, 1611, 114]"
2282,"[1193, 113, 927, 1618, 1534]"
2283,"[687, 18, 48, 884, 1197]"
2284,"[1528, 1588, 1249, 1457, 501]"
2285,"[1608, 1607, 1896, 1517, 1894]"
2286,"[423, 1244, 1612, 125, 1126]"
2287,"[1656, 1917, 1581, 807, 8]"
2288,"[111, 1249, 1063, 807, 892]"
2289,"[892, 44, 18, 1900, 807]"
2290,"[73, 111, 468, 1679, 16]"
2291,"[44, 1599, 662, 16, 43]"
2292,"[1063, 554, 114, 535, 16]"
2293,"[884, 18, 807, 16, 798]"
2294,"[1574, 1063, 37, 1567, 43]"
2295,"[111, 468, 458, 892, 1314]"
2296,"[1567, 1063, 1574, 905, 16]"
2297,"[1618, 113, 1627, 1527, 1905]"
2298,"[1567, 1611, 114, 1896, 16]"
2299,"[1567, 37, 18, 1679, 16]"
2300,"[73, 132, 18, 1708, 807]"
2301,"[413, 1807, 103, 807, 1915]"
2302,"[403, 1567, 16, 480, 1063]"
2303,"[1197, 1884, 1897, 1922, 1924]"
2304,"[1630, 1006, 403, 443, 1900]"
2305,"[114, 1618, 1157, 1495, 1619]"
2306,"[1592, 233, 234, 235, 238]"
2307,"[126, 403, 1320, 1063, 667]"
2308,"[1192, 1611, 114, 1934, 109]"
2309,"[1313, 1073, 794, 420, 1320]"
2310,"[927, 1249, 1495, 1574, 884]"
2311,"[1900, 114, 1902, 18, 807]"
2312,"[478, 1900, 1902, 114, 786]"
2313,"[18, 1472, 1502, 505, 1363]"
2314,"[1567, 739, 16, 135, 740]"
2315,"[403, 1490, 903, 1249, 595]"
2316,"[16, 1191, 891, 1410, 501]"
2317,"[1567, 1588, 48, 1529, 37]"
2318,"[1557, 403, 511, 501, 595]"
2319,"[420, 1320, 18, 1679, 1567]"
2320,"[1063, 216, 1882, 43, 54]"
2321,"[1574, 1063, 1567, 114, 37]"
2322,"[1204, 807, 18, 798, 606]"
2323,"[453, 1541, 1561, 1560, 1524]"
2324,"[111, 892, 468, 1062, 1314]"
2325,"[1193, 37, 1567, 1805, 606]"
2326,"[604, 1630, 1054, 721, 1649]"
2327,"[1249, 16, 114, 1611, 1567]"
2328,"[1193, 927, 43, 1587, 1194]"
2329,"[884, 18, 1204, 807, 54]"
2330,"[1617, 811, 48, 868, 1713]"
2331,"[1584, 1917, 1006, 218, 48]"
2332,"[114, 1617, 1567, 18, 16]"
2333,"[73, 111, 468, 1249, 54]"
2334,"[1617, 1924, 1555, 1702, 292]"
2335,"[885, 1607, 1906, 1666, 1915]"
2336,"[884, 18, 798, 621, 1204]"
2337,"[480, 403, 886, 1608, 1194]"
2338,"[1542, 54, 57, 58, 1567]"
2339,"[884, 18, 807, 798, 1708]"
2340,"[446, 1607, 1193, 403, 18]"
2341,"[1561, 1567, 1900, 403, 43]"
2342,"[1613, 1530, 901, 108, 1191]"
2343,"[1700, 1320, 102, 124, 1201]"
2344,"[406, 407, 1666, 807, 1574]"
2345,"[16, 807, 662, 44, 1573]"
2346,"[1567, 18, 37, 1708, 16]"
2347,"[739, 403, 443, 1495, 1900]"
2348,"[1197, 1884, 478, 1924, 48]"
2349,"[720, 252, 233, 234, 235]"
2350,"[1197, 48, 16, 18, 44]"
2351,"[1434, 54, 57, 58, 807]"
2352,"[443, 16, 1567, 807, 18]"
2353,"[1193, 927, 1587, 113, 1025]"
2354,"[401, 1204, 807, 650, 18]"
2355,"[1613, 1212, 1567, 1530, 1778]"
2356,"[1193, 543, 807, 1666, 903]"
2357,"[257, 1530, 901, 1063, 216]"
2358,"[114, 692, 677, 16, 1573]"
2359,"[16, 1611, 1138, 114, 1249]"
2360,"[1607, 111, 1517, 884, 1581]"
2361,"[1567, 455, 114, 16, 1611]"
2362,"[1617, 1555, 125, 413, 114]"
2363,"[692, 1192, 1601, 1604, 1191]"
2364,"[368, 1677, 110, 606, 807]"
2365,"[1541, 1073, 1118, 925, 1320]"
2366,"[16, 1611, 114, 1884, 1567]"
2367,"[114, 1192, 1611, 16, 321]"
2368,"[18, 1825, 114, 1502, 1500]"
2369,"[1611, 1696, 1534, 1533, 1539]"
2370,"[1902, 403, 443, 1320, 18]"
2371,"[110, 1530, 739, 1894, 1191]"
2372,"[1902, 403, 1495, 1320, 420]"
2373,"[1491, 1846, 1508, 573, 1900]"
2374,"[608, 1825, 18, 739, 1472]"
2375,"[1249, 807, 18, 1573, 606]"
2376,"[1884, 1562, 1904, 1531, 1063]"
2377,"[927, 1907, 884, 807, 1522]"
2378,"[1894, 1525, 1567, 43, 1063]"
2379,"[1620, 1520, 406, 407, 419]"
2380,"[37, 1567, 1194, 1583, 95]"
2381,"[1567, 1063, 1211, 1574, 426]"
2382,"[1917, 1487, 1149, 359, 1428]"
2383,"[413, 807, 18, 662, 649]"
2384,"[884, 18, 807, 1204, 1573]"
2385,"[443, 807, 1495, 1457, 502]"
2386,"[1567, 606, 43, 1063, 1574]"
2387,"[1723, 403, 37, 1428, 886]"
2388,"[44, 403, 18, 1900, 1679]"
2389,"[592, 1468, 598, 590, 596]"
2390,"[608, 1725, 739, 740, 1607]"
2391,"[1599, 44, 1536, 403, 443]"
2392,"[111, 1581, 468, 1249, 1314]"
2393,"[1722, 1617, 926, 1619, 884]"
2394,"[1607, 1608, 18, 1517, 1472]"
2395,"[1157, 368, 1186, 1, 1724]"
2396,"[892, 1618, 1557, 1249, 1567]"
2397,"[114, 1204, 1567, 1113, 1249]"
2398,"[471, 413, 884, 401, 645]"
2399,"[608, 1725, 1186, 740, 739]"
2400,"[608, 368, 739, 403, 44]"
2401,"[443, 1917, 1567, 480, 1882]"
2402,"[265, 260, 723, 1630, 1911]"
2403,"[1457, 1618, 63, 1724, 65]"
2404,"[608, 1725, 739, 1607, 740]"
2405,"[16, 1708, 18, 1806, 807]"
2406,"[1193, 927, 1588, 48, 1930]"
2407,"[368, 1157, 1567, 1113, 1607]"
2408,"[807, 1679, 18, 413, 1544]"
2409,"[1525, 807, 18, 1708, 1575]"
2410,"[452, 1300, 403, 1861, 501]"
2411,"[884, 807, 18, 1557, 16]"
2412,"[1666, 54, 57, 58, 1584]"
2413,"[1567, 1157, 1618, 368, 1193]"
2414,"[886, 1193, 43, 884, 1586]"
2415,"[368, 1725, 739, 403, 18]"
2416,"[18, 1573, 1611, 807, 1249]"
2417,"[420, 1885, 18, 807, 667]"
2418,"[1249, 691, 110, 891, 54]"
2419,"[413, 43, 1897, 1922, 44]"
2420,"[1708, 1461, 807, 1772, 1434]"
2421,"[608, 739, 1805, 1882, 1778]"
2422,"[608, 1725, 1607, 739, 740]"
2423,"[1520, 1193, 1556, 1538, 1518]"
2424,"[1567, 114, 16, 1611, 1113]"
2425,"[1193, 1900, 1902, 1587, 927]"
2426,"[1389, 1772, 18, 796, 807]"
2427,"[1495, 1320, 403, 667, 468]"
2428,"[660, 18, 662, 807, 478]"
2429,"[1287, 1063, 1574, 426, 1898]"
2430,"[501, 403, 446, 18, 54]"
2431,"[1557, 1733, 1619, 289, 1618]"
2432,"[1913, 18, 807, 16, 1204]"
2433,"[1608, 1607, 18, 1517, 114]"
2434,"[1338, 271, 927, 1428, 236]"
2435,"[1670, 480, 933, 930, 403]"
2436,"[1574, 426, 1898, 905, 1193]"
2437,"[1197, 478, 1902, 1900, 1924]"
2438,"[374, 341, 1073, 1561, 773]"
2439,"[446, 807, 44, 1006, 18]"
2440,"[403, 1490, 18, 1574, 1861]"
2441,"[1567, 37, 1742, 16, 1457]"
2442,"[480, 443, 1574, 1194, 54]"
2443,"[1567, 1157, 37, 1751, 1778]"
2444,"[1072, 108, 1006, 16, 403]"
2445,"[884, 18, 1573, 1772, 807]"
2446,"[292, 1617, 1655, 1722, 1555]"
2447,"[1772, 593, 18, 587, 1708]"
2448,"[1524, 606, 1197, 1525, 1559]"
2449,"[290, 1122, 1696, 1167, 700]"
2450,"[891, 807, 18, 1204, 593]"
2451,"[1608, 1896, 1517, 257, 478]"
2452,"[18, 655, 16, 1772, 807]"
2453,"[1193, 1072, 891, 1574, 1567]"
2454,"[1573, 54, 57, 58, 739]"
2455,"[1884, 1924, 784, 16, 1197]"
2456,"[606, 1541, 1700, 1197, 1887]"
2457,"[828, 1895, 18, 16, 807]"
2458,"[1062, 1467, 16, 1708, 18]"
2459,"[1193, 927, 1194, 43, 1899]"
2460,"[608, 1725, 368, 739, 1607]"
2461,"[1617, 292, 1924, 1722, 1555]"
2462,"[1249, 43, 807, 1006, 860]"
2463,"[116, 1197, 110, 478, 1434]"
2464,"[1915, 1900, 362, 1567, 1194]"
2465,"[1917, 359, 1006, 457, 88]"
2466,"[1389, 1567, 513, 1899, 37]"
2467,"[1619, 1618, 1491, 114, 891]"
2468,"[443, 18, 1772, 807, 44]"
2469,"[1567, 368, 1157, 1193, 1896]"
2470,"[1525, 97, 1197, 96, 165]"
2471,"[125, 1618, 1249, 160, 891]"
2472,"[1457, 478, 1249, 1900, 1915]"
2473,"[1588, 1567, 1906, 1063, 1574]"
2474,"[903, 1666, 1915, 1590, 632]"
2475,"[1, 511, 501, 590, 1809]"
2476,"[18, 114, 1472, 1708, 16]"
2477,"[1607, 18, 1825, 1517, 1472]"
2478,"[18, 1567, 16, 807, 1063]"
2479,"[860, 446, 43, 1567, 18]"
2480,"[114, 18, 16, 1567, 44]"
2481,"[1608, 886, 1517, 1932, 1607]"
2482,"[1567, 16, 114, 1611, 455]"
2483,"[1725, 608, 739, 791, 1660]"
2484,"[471, 72, 1708, 1742, 18]"
2485,"[1617, 1555, 471, 1619, 1702]"
2486,"[1591, 197, 1574, 1006, 1567]"
2487,"[546, 1640, 18, 807, 1443]"
2488,"[368, 18, 403, 1896, 443]"
2489,"[1696, 1122, 864, 118, 1073]"
2490,"[16, 687, 807, 44, 1708]"
2491,"[1725, 368, 739, 18, 403]"
2492,"[1608, 1607, 798, 1517, 416]"
2493,"[135, 1098, 1567, 108, 1611]"
2494,"[1567, 1340, 1193, 1072, 1618]"
2495,"[1197, 445, 478, 1204, 807]"
2496,"[1567, 135, 16, 1611, 1557]"
2497,"[649, 16, 1708, 807, 1204]"
2498,"[1567, 54, 57, 58, 18]"
2499,"[1193, 1567, 927, 543, 1063]"
2500,"[44, 1006, 18, 413, 807]"
2501,"[1619, 891, 114, 662, 1204]"
2502,"[1917, 1584, 1574, 1666, 1193]"
2503,"[1900, 374, 501, 1561, 403]"
2504,"[18, 807, 16, 1287, 1567]"
2505,"[1900, 1902, 443, 1574, 1567]"
2506,"[1193, 885, 1457, 1249, 903]"
2507,"[1567, 18, 95, 43, 1574]"
2508,"[111, 54, 57, 58, 468]"
2509,"[18, 1618, 1491, 1555, 1619]"
2510,"[1557, 1618, 1886, 1894, 559]"
2511,"[884, 417, 1567, 16, 807]"
2512,"[522, 18, 648, 807, 1679]"
2513,"[927, 1574, 426, 1898, 160]"
2514,"[1197, 403, 420, 1902, 54]"
2515,"[1504, 553, 1434, 1461, 16]"
2516,"[1700, 1541, 1201, 664, 1643]"
2517,"[1320, 1197, 933, 403, 1902]"
2518,"[807, 1708, 1567, 16, 1806]"
2519,"[18, 807, 655, 37, 1567]"
2520,"[48, 1627, 1905, 1587, 43]"
2521,"[884, 114, 1610, 1614, 16]"
2522,"[639, 708, 1717, 1599, 687]"
2523,"[1679, 861, 18, 44, 16]"
2524,"[876, 793, 1073, 881, 869]"
2525,"[1894, 645, 1495, 37, 1249]"
2526,"[1006, 18, 884, 132, 54]"
2527,"[478, 1613, 1913, 1194, 1583]"
2528,"[1638, 1593, 68, 1599, 54]"
2529,"[990, 1193, 1666, 18, 1630]"
2530,"[73, 665, 807, 1717, 1574]"
2531,"[1924, 478, 786, 1434, 561]"
2532,"[501, 1404, 1249, 903, 1691]"
2533,"[1204, 807, 884, 1249, 1574]"
2534,"[891, 662, 1772, 18, 480]"
2535,"[321, 49, 1063, 457, 1898]"
2536,"[1666, 601, 406, 407, 1915]"
2537,"[1679, 1567, 1574, 1138, 807]"
2538,"[1915, 413, 885, 406, 478]"
2539,"[443, 18, 807, 662, 798]"
2540,"[1885, 1567, 1805, 1607, 403]"
2541,"[1193, 44, 606, 662, 687]"
2542,"[44, 739, 43, 1063, 18]"
2543,"[1344, 903, 807, 606, 1495]"
2544,"[55, 864, 1320, 403, 480]"
2545,"[110, 16, 37, 18, 662]"
2546,"[692, 807, 1601, 109, 677]"
2547,"[54, 57, 58, 18, 16]"
2548,"[1896, 1607, 1608, 43, 44]"
2549,"[1900, 1902, 1680, 1543, 108]"
2550,"[362, 1451, 1249, 1194, 1596]"
2551,"[96, 97, 98, 1197, 420]"
2552,"[1197, 1559, 1320, 403, 18]"
2553,"[687, 1926, 1722, 1655, 688]"
2554,"[891, 1917, 349, 1902, 1900]"
2555,"[1666, 1193, 1882, 903, 1691]"
2556,"[16, 18, 1006, 1708, 807]"
2557,"[608, 1725, 739, 403, 1502]"
2558,"[739, 655, 807, 18, 1567]"
2559,"[478, 1924, 884, 443, 1249]"
2560,"[372, 368, 1157, 1724, 1249]"
2561,"[446, 1567, 1249, 606, 1882]"
2562,"[1073, 864, 793, 876, 869]"
2563,"[687, 665, 1713, 1567, 1197]"
2564,"[1193, 886, 425, 927, 1520]"
2565,"[796, 1936, 570, 1043, 1509]"
2566,"[1320, 1902, 18, 420, 1778]"
2567,"[606, 807, 18, 1574, 1204]"
2568,"[1607, 403, 1608, 44, 43]"
2569,"[443, 18, 1708, 807, 1806]"
2570,"[1193, 446, 606, 1567, 43]"
2571,"[608, 1725, 739, 740, 617]"
2572,"[16, 1611, 114, 891, 554]"
2573,"[1567, 1586, 368, 1157, 1607]"
2574,"[43, 503, 1063, 403, 18]"
2575,"[1567, 807, 18, 1679, 403]"
2576,"[43, 1599, 44, 1717, 1312]"
2577,"[401, 16, 18, 807, 1204]"
2578,"[111, 468, 892, 335, 807]"
2579,"[242, 233, 234, 235, 238]"
2580,"[48, 1587, 111, 16, 1006]"
2581,"[368, 1157, 1567, 1113, 1607]"
2582,"[1608, 1896, 1607, 1517, 1193]"
2583,"[807, 1897, 1922, 114, 18]"
2584,"[420, 1320, 96, 97, 1540]"
2585,"[927, 1193, 1033, 1194, 1063]"
2586,"[1204, 588, 807, 43, 1574]"
2587,"[1249, 1457, 1574, 807, 1611]"
2588,"[1588, 1906, 1567, 1063, 1574]"
2589,"[1586, 1615, 926, 1065, 1608]"
2590,"[1574, 1917, 426, 1898, 1900]"
2591,"[1239, 18, 606, 1666, 1204]"
2592,"[1900, 114, 44, 413, 43]"
2593,"[48, 1197, 1567, 16, 18]"
2594,"[1320, 420, 1888, 1778, 1628]"
2595,"[730, 739, 48, 1666, 933]"
2596,"[1567, 111, 53, 468, 1006]"
2597,"[1193, 1608, 1586, 1620, 1809]"
2598,"[954, 1039, 1917, 930, 242]"
2599,"[452, 1588, 1809, 1666, 1249]"
2600,"[884, 807, 1193, 612, 1679]"
2601,"[114, 16, 1611, 1617, 1113]"
2602,"[886, 403, 1517, 1591, 1574]"
2603,"[606, 807, 18, 1573, 889]"
2604,"[543, 1063, 535, 390, 114]"
2605,"[446, 884, 113, 43, 927]"
2606,"[1915, 1457, 807, 18, 37]"
2607,"[419, 1666, 406, 407, 425]"
2608,"[478, 1924, 1197, 1434, 1204]"
2609,"[1574, 1193, 785, 1583, 1909]"
2610,"[124, 1701, 1320, 420, 18]"
2611,"[18, 807, 667, 1574, 1717]"
2612,"[1936, 1573, 18, 807, 1574]"
2613,"[1567, 16, 884, 1611, 1896]"
2614,"[478, 868, 43, 884, 1204]"
2615,"[114, 692, 677, 606, 44]"
2616,"[892, 1896, 54, 57, 58]"
2617,"[1574, 1666, 886, 18, 1006]"
2618,"[1894, 1613, 363, 1459, 484]"
2619,"[606, 933, 72, 570, 531]"
2620,"[1567, 1191, 1896, 37, 1072]"
2621,"[455, 543, 1113, 114, 1063]"
2622,"[478, 1924, 1197, 1434, 786]"
2623,"[1679, 403, 1574, 1717, 1742]"
2624,"[1884, 114, 1567, 16, 1611]"
2625,"[608, 368, 739, 403, 501]"
2626,"[1063, 1249, 587, 595, 1509]"
2627,"[1567, 37, 1805, 1778, 1882]"
2628,"[18, 739, 512, 1825, 1472]"
2629,"[288, 730, 954, 1544, 1249]"
2630,"[891, 1900, 1902, 1574, 480]"
2631,"[114, 1567, 1618, 16, 1611]"
2632,"[1567, 1193, 16, 1063, 37]"
2633,"[501, 901, 891, 1567, 892]"
2634,"[687, 1599, 1312, 1562, 44]"
2635,"[1193, 927, 425, 1567, 1520]"
2636,"[1557, 1619, 1249, 1447, 111]"
2637,"[1619, 1491, 1618, 1894, 492]"
2638,"[1607, 531, 1725, 593, 18]"
2639,"[1567, 114, 413, 16, 1611]"
2640,"[1193, 1620, 1917, 1032, 1586]"
2641,"[891, 1618, 1619, 691, 1491]"
2642,"[368, 1930, 1607, 1157, 1724]"
2643,"[884, 1567, 114, 16, 1906]"
2644,"[1567, 1063, 16, 18, 807]"
2645,"[1574, 95, 1902, 1573, 1900]"
2646,"[1588, 1567, 114, 1573, 1897]"
2647,"[403, 443, 1495, 1574, 1679]"
2648,"[1567, 1607, 1157, 368, 1611]"
2649,"[1894, 1516, 1525, 403, 18]"
2650,"[868, 124, 904, 409, 1320]"
2651,"[1541, 97, 420, 409, 96]"
2652,"[1193, 927, 1620, 37, 1410]"
2653,"[1006, 111, 884, 54, 57]"
2654,"[1608, 1607, 1896, 1613, 1517]"
2655,"[420, 96, 97, 160, 1900]"
2656,"[135, 54, 57, 58, 1249]"
2657,"[468, 111, 54, 57, 58]"
2658,"[455, 465, 114, 454, 535]"
2659,"[472, 443, 403, 1902, 480]"
2660,"[1924, 1617, 292, 478, 1722]"
2661,"[649, 1309, 1306, 784, 43]"
2662,"[111, 884, 1557, 18, 468]"
2663,"[1567, 1896, 1072, 1191, 37]"
2664,"[403, 443, 1320, 1902, 807]"
2665,"[426, 1898, 1730, 49, 88]"
2666,"[480, 1457, 54, 57, 58]"
2667,"[1524, 1525, 1197, 1559, 453]"
2668,"[884, 1063, 807, 18, 1573]"
2669,"[18, 1567, 1882, 1805, 1249]"
2670,"[1567, 368, 1157, 16, 114]"
2671,"[1708, 1567, 16, 1772, 44]"
2672,"[624, 1204, 659, 16, 606]"
2673,"[1917, 1900, 1902, 421, 1065]"
2674,"[1721, 1567, 1557, 1098, 1157]"
2675,"[1618, 1113, 1491, 926, 1617]"
2676,"[1072, 1896, 1721, 18, 54]"
2677,"[1894, 443, 18, 807, 44]"
2678,"[884, 44, 16, 1679, 403]"
2679,"[1138, 1489, 1574, 18, 807]"
2680,"[18, 1900, 606, 1249, 892]"
2681,"[1491, 1412, 18, 1619, 1507]"
2682,"[1615, 1586, 1556, 1538, 890]"
2683,"[368, 443, 403, 1495, 784]"
2684,"[114, 1457, 18, 1567, 606]"
2685,"[1809, 1043, 1620, 1520, 1302]"
2686,"[1193, 927, 1194, 1620, 884]"
2687,"[891, 1113, 1491, 1619, 1618]"
2688,"[1063, 501, 1157, 43, 403]"
2689,"[1287, 1574, 1063, 1567, 1679]"
2690,"[1235, 403, 1567, 595, 593]"
2691,"[1457, 544, 1249, 606, 807]"
2692,"[1541, 1197, 1628, 1887, 1553]"
2693,"[1900, 1457, 1679, 18, 807]"
2694,"[1249, 1567, 1611, 43, 1193]"
2695,"[16, 114, 1611, 1884, 1567]"
2696,"[1628, 1553, 793, 1552, 1564]"
2697,"[1197, 1679, 807, 18, 480]"
2698,"[1894, 1516, 1525, 480, 37]"
2699,"[114, 540, 390, 535, 554]"
2700,"[18, 807, 1573, 1204, 606]"
2701,"[1917, 349, 1900, 798, 807]"
2702,"[1567, 111, 468, 53, 54]"
2703,"[1894, 1567, 37, 18, 1574]"
2704,"[1900, 1902, 1316, 114, 1543]"
2705,"[114, 535, 565, 554, 110]"
2706,"[720, 1592, 197, 982, 1911]"
2707,"[16, 1617, 1611, 535, 115]"
2708,"[891, 1619, 1491, 160, 37]"
2709,"[1567, 16, 114, 1611, 535]"
2710,"[793, 1670, 160, 155, 157]"
2711,"[1620, 1927, 1520, 37, 1567]"
2712,"[1197, 478, 1924, 1461, 1434]"
2713,"[1191, 492, 1544, 553, 18]"
2714,"[668, 1062, 1567, 110, 349]"
2715,"[472, 1073, 1925, 1313, 1028]"
2716,"[478, 1434, 561, 1567, 16]"
2717,"[927, 261, 233, 234, 235]"
2718,"[891, 1619, 1516, 369, 1194]"
2719,"[927, 1895, 18, 1772, 16]"
2720,"[111, 3, 810, 892, 808]"
2721,"[930, 160, 1670, 504, 171]"
2722,"[18, 1708, 1573, 807, 1679]"
2723,"[1619, 1900, 114, 611, 672]"
2724,"[114, 18, 1825, 1249, 446]"
2725,"[1193, 1032, 1487, 1586, 1567]"
2726,"[927, 911, 1917, 730, 1900]"
2727,"[1900, 1902, 1700, 590, 1204]"
2728,"[807, 662, 44, 606, 18]"
2729,"[1564, 1554, 1542, 1320, 807]"
2730,"[1901, 1603, 421, 773, 1066]"
2731,"[1607, 1725, 608, 739, 1608]"
2732,"[1239, 1113, 368, 1930, 1724]"
2733,"[1915, 18, 903, 807, 1063]"
2734,"[472, 1541, 1518, 1538, 1713]"
2735,"[501, 1708, 807, 1246, 18]"
2736,"[730, 731, 355, 1649, 930]"
2737,"[1246, 1573, 1708, 471, 16]"
2738,"[1607, 1725, 768, 608, 739]"
2739,"[18, 807, 1574, 233, 234]"
2740,"[927, 1915, 16, 1573, 807]"
2741,"[891, 1894, 1619, 1536, 1525]"
2742,"[1313, 1073, 793, 1560, 867]"
2743,"[1193, 1351, 1620, 1915, 1520]"
2744,"[1917, 114, 807, 403, 18]"
2745,"[1193, 927, 43, 1194, 1917]"
2746,"[413, 884, 648, 44, 43]"
2747,"[1608, 1607, 1613, 1896, 1567]"
2748,"[1617, 368, 1157, 292, 1567]"
2749,"[886, 419, 1193, 406, 407]"
2750,"[1617, 1557, 1618, 16, 926]"
2751,"[1567, 1896, 1607, 1608, 1157]"
2752,"[16, 114, 1611, 1567, 535]"
2753,"[1613, 1530, 1191, 1542, 891]"
2754,"[884, 1197, 501, 1404, 531]"
2755,"[807, 18, 1320, 48, 1204]"
2756,"[628, 18, 1772, 807, 1320]"
2757,"[1536, 1900, 443, 161, 18]"
2758,"[1567, 368, 1896, 1113, 1072]"
2759,"[1677, 18, 522, 1619, 807]"
2760,"[608, 768, 1725, 739, 740]"
2761,"[368, 403, 590, 18, 1896]"
2762,"[1320, 403, 468, 1679, 1197]"
2763,"[1902, 443, 807, 403, 480]"
2764,"[18, 1894, 1249, 1204, 1457]"
2765,"[1569, 3, 808, 468, 73]"
2766,"[1611, 114, 16, 1567, 18]"
2767,"[1620, 1520, 1557, 1618, 1542]"
2768,"[1574, 1583, 1193, 1063, 37]"
2769,"[501, 1457, 1404, 1249, 403]"
2770,"[606, 18, 1204, 110, 807]"
2771,"[1197, 1934, 1073, 265, 1573]"
2772,"[1063, 1574, 426, 1898, 88]"
2773,"[1197, 1567, 16, 1573, 18]"
2774,"[494, 1453, 1567, 95, 443]"
2775,"[1567, 54, 57, 58, 446]"
2776,"[1193, 37, 1913, 1567, 1885]"
2777,"[1900, 1902, 501, 420, 1574]"
2778,"[884, 801, 401, 16, 50]"
2779,"[1608, 1567, 1896, 1193, 1894]"
2780,"[1320, 403, 1567, 1574, 933]"
2781,"[1917, 1193, 927, 1900, 1457]"
2782,"[472, 1670, 904, 925, 1320]"
2783,"[1541, 1538, 1556, 1628, 1197]"
2784,"[4, 1575, 1197, 1902, 403]"
2785,"[411, 1861, 1249, 18, 606]"
2786,"[884, 1708, 606, 1204, 807]"
2787,"[401, 807, 18, 16, 691]"
2788,"[926, 1617, 1555, 1491, 1924]"
2789,"[1113, 891, 368, 1930, 1617]"
2790,"[18, 807, 606, 16, 1573]"
2791,"[1567, 160, 1063, 1543, 930]"
2792,"[1006, 1587, 691, 18, 54]"
2793,"[1193, 905, 1898, 1063, 426]"
2794,"[54, 57, 58, 160, 930]"
2795,"[465, 455, 461, 1309, 1614]"
2796,"[1723, 1708, 1717, 798, 594]"
2797,"[1884, 1554, 1489, 1542, 1564]"
2798,"[110, 1193, 1587, 1927, 1907]"
2799,"[261, 233, 234, 235, 238]"
2800,"[892, 113, 1193, 18, 1554]"
2801,"[1063, 1898, 426, 905, 1718]"
2802,"[403, 588, 595, 592, 1574]"
2803,"[647, 1897, 1922, 616, 18]"
2804,"[1241, 1204, 1748, 868, 927]"
2805,"[1601, 1611, 1191, 692, 1410]"
2806,"[1193, 1042, 419, 1032, 1916]"
2807,"[1063, 652, 44, 639, 798]"
2808,"[807, 43, 1567, 1587, 892]"
2809,"[43, 1897, 1922, 1193, 1587]"
2810,"[606, 1193, 18, 1063, 807]"
2811,"[927, 114, 691, 1567, 113]"
2812,"[1063, 1567, 1006, 16, 43]"
2813,"[667, 1888, 1197, 1073, 97]"
2814,"[413, 560, 557, 569, 1713]"
2815,"[659, 1457, 1574, 606, 807]"
2816,"[108, 1721, 697, 890, 1900]"
2817,"[927, 403, 271, 903, 18]"
2818,"[1113, 18, 807, 1573, 1204]"
2819,"[111, 46, 1611, 860, 468]"
2820,"[1428, 1055, 1630, 933, 261]"
2821,"[1586, 1615, 1122, 1538, 1696]"
2822,"[1904, 1606, 1242, 1589, 43]"
2823,"[1902, 96, 97, 98, 1713]"
2824,"[1904, 1191, 1890, 289, 1531]"
2825,"[1612, 1927, 1554, 1627, 1905]"
2826,"[1904, 289, 1032, 1562, 1531]"
2827,"[1915, 1561, 125, 1560, 478]"
2828,"[289, 1884, 496, 1724, 1904]"
2829,"[1894, 1567, 1542, 537, 884]"
2830,"[1586, 43, 1193, 1040, 1564]"
2831,"[446, 1904, 610, 425, 43]"
2832,"[1193, 425, 1586, 43, 1574]"
2833,"[1173, 1176, 353, 1733, 1552]"
2834,"[1612, 1574, 1620, 1625, 1065]"
2835,"[43, 1586, 1897, 1922, 1615]"
2836,"[1193, 1574, 43, 1567, 1575]"
2837,"[1586, 1193, 1538, 1556, 1040]"
2838,"[1063, 1574, 905, 426, 1898]"
2839,"[43, 18, 1567, 590, 1063]"
2840,"[113, 1897, 1922, 43, 1627]"
2841,"[1713, 111, 1701, 468, 1063]"
2842,"[43, 1588, 54, 57, 58]"
2843,"[111, 468, 1063, 678, 807]"
2844,"[1904, 289, 1532, 1589, 1531]"
2845,"[1904, 1191, 1589, 1562, 1724]"
2846,"[1069, 390, 1160, 48, 1020]"
2847,"[1724, 1068, 1531, 1909, 620]"
2848,"[48, 927, 54, 57, 58]"
2849,"[905, 1898, 426, 49, 1582]"
2850,"[18, 16, 807, 48, 403]"
2851,"[1574, 602, 426, 1583, 88]"
2852,"[1457, 37, 1723, 18, 807]"
2853,"[807, 18, 1708, 1567, 16]"
2854,"[1567, 1069, 1515, 390, 1913]"
2855,"[1063, 1574, 426, 1898, 88]"
2856,"[1904, 289, 1531, 1532, 1562]"
2857,"[860, 1904, 44, 114, 43]"
2858,"[1562, 43, 1916, 1567, 1588]"
2859,"[54, 57, 58, 1666, 1138]"
2860,"[1902, 655, 1552, 807, 1574]"
2861,"[43, 1587, 892, 1588, 927]"
2862,"[927, 43, 1063, 1587, 1567]"
2863,"[1904, 289, 1531, 1562, 1532]"
2864,"[403, 1279, 1935, 443, 1495]"
2865,"[1869, 403, 1301, 1068, 1249]"
2866,"[1544, 1063, 49, 1380, 88]"
2867,"[1649, 1149, 403, 1628, 731]"
2868,"[613, 611, 1917, 18, 635]"
2869,"[1591, 197, 933, 18, 242]"
2870,"[1567, 37, 43, 1063, 44]"
2871,"[1929, 1592, 54, 57, 58]"
2872,"[1567, 43, 1063, 1543, 1560]"
2873,"[1567, 1063, 807, 1772, 16]"
2874,"[1304, 1618, 1916, 425, 1255]"
2875,"[233, 234, 235, 238, 239]"
2876,"[1574, 1193, 88, 49, 1583]"
2877,"[1567, 547, 1063, 37, 892]"
2878,"[522, 1499, 18, 807, 1204]"
2879,"[37, 1567, 1608, 18, 1194]"
2880,"[1063, 691, 1718, 792, 1898]"
2881,"[927, 723, 1249, 1574, 1666]"
2882,"[925, 647, 938, 175, 164]"
2883,"[1614, 1521, 44, 1191, 860]"
2884,"[1904, 113, 1884, 1191, 1897]"
2885,"[408, 224, 403, 606, 720]"
2886,"[1897, 1922, 1527, 48, 807]"
2887,"[1193, 1025, 1194, 1583, 156]"
2888,"[691, 807, 1573, 16, 1611]"
2889,"[1567, 886, 37, 43, 1063]"
2890,"[749, 687, 1249, 606, 697]"
2891,"[677, 109, 89, 1567, 1909]"
2892,"[884, 1567, 1574, 1915, 18]"
2893,"[927, 1897, 1922, 43, 1588]"
2894,"[1618, 1892, 1907, 455, 1913]"
2895,"[1701, 102, 1746, 1713, 1533]"
2896,"[708, 1063, 1194, 1585, 1563]"
2897,"[1193, 927, 1194, 1033, 1587]"
2898,"[1574, 426, 1898, 88, 1718]"
2899,"[1459, 606, 807, 18, 1249]"
2900,"[1063, 1567, 1574, 426, 1898]"
2901,"[1630, 523, 261, 1358, 1574]"
2902,"[1809, 1193, 1055, 1025, 1026]"
2903,"[112, 1562, 602, 457, 1718]"
2904,"[116, 1929, 1592, 535, 1491]"
2905,"[265, 261, 1003, 266, 267]"
2906,"[19, 39, 17, 807, 1193]"
2907,"[1897, 1922, 43, 1627, 1905]"
2908,"[1907, 1063, 1539, 1526, 1574]"
2909,"[1066, 1916, 1032, 1249, 1567]"
2910,"[1193, 43, 1587, 927, 1627]"
2911,"[1193, 1608, 927, 1896, 1607]"
2912,"[1193, 408, 1025, 1592, 597]"
2913,"[1554, 1193, 1587, 43, 1063]"
2914,"[570, 1509, 573, 531, 1508]"
2915,"[1574, 426, 1193, 88, 1718]"
2916,"[43, 1588, 892, 927, 1567]"
2917,"[1667, 1002, 1053, 261, 232]"
2918,"[18, 16, 1708, 807, 1772]"
2919,"[1193, 892, 1567, 1063, 18]"
2920,"[1612, 1574, 1620, 1907, 1065]"
2921,"[1586, 1556, 1538, 1560, 1619]"
2922,"[1047, 1193, 720, 18, 1855]"
2923,"[18, 649, 892, 1772, 1567]"
2924,"[43, 1587, 1627, 1588, 892]"
2925,"[116, 109, 1904, 677, 678]"
2926,"[261, 218, 1592, 233, 234]"
2927,"[18, 16, 807, 1679, 1574]"
2928,"[289, 1068, 1724, 1032, 1531]"
2929,"[868, 1748, 807, 43, 1567]"
2930,"[116, 18, 860, 606, 1573]"
2931,"[1588, 927, 1574, 884, 807]"
2932,"[1063, 1574, 43, 1567, 1897]"
2933,"[1885, 1193, 1549, 936, 1554]"
2934,"[1574, 602, 1025, 1041, 159]"
2935,"[1574, 1055, 1193, 933, 242]"
2936,"[1193, 927, 43, 892, 1194]"
2937,"[446, 1936, 75, 1249, 723]"
2938,"[1193, 927, 1909, 1025, 1194]"
2939,"[1666, 1917, 534, 990, 1358]"
2940,"[1708, 542, 594, 16, 1513]"
2941,"[927, 1193, 113, 1025, 921]"
2942,"[113, 1567, 1520, 37, 1193]"
2943,"[408, 1900, 1902, 1642, 114]"
2944,"[1573, 18, 807, 16, 1567]"
2945,"[692, 677, 1567, 1063, 43]"
2946,"[925, 1666, 938, 924, 165]"
2947,"[43, 1588, 892, 1567, 1063]"
2948,"[1612, 1574, 1065, 1927, 1620]"
2949,"[1588, 1063, 1574, 1351, 37]"
2950,"[629, 420, 665, 97, 96]"
2951,"[1618, 1627, 1892, 1905, 1527]"
2952,"[1666, 1193, 1194, 1542, 1567]"
2953,"[1193, 927, 43, 1587, 1627]"
2954,"[1442, 544, 807, 1491, 18]"
2955,"[1936, 1902, 1900, 1935, 1543]"
2956,"[884, 54, 57, 58, 160]"
2957,"[54, 57, 58, 1249, 884]"
2958,"[1897, 1922, 927, 113, 43]"
2959,"[501, 18, 807, 1574, 16]"
2960,"[289, 1531, 1068, 1191, 116]"
2961,"[1304, 1249, 692, 783, 452]"
2962,"[1567, 37, 1882, 1063, 1574]"
2963,"[1567, 43, 1063, 44, 48]"
2964,"[1915, 18, 606, 1574, 649]"
2965,"[1063, 1900, 1902, 1574, 1064]"
2966,"[1713, 678, 892, 1509, 1249]"
2967,"[1193, 927, 113, 921, 43]"
2968,"[111, 687, 468, 1063, 1249]"
2969,"[43, 892, 1063, 1567, 44]"
2970,"[1193, 1914, 927, 1066, 1646]"
2971,"[606, 1249, 501, 1457, 596]"
2972,"[1191, 1193, 114, 1610, 868]"
2973,"[242, 1717, 16, 807, 1708]"
2974,"[884, 1567, 18, 403, 1723]"
2975,"[1746, 102, 96, 97, 98]"
2976,"[1627, 1892, 1905, 1618, 113]"
2977,"[1587, 43, 892, 927, 1588]"
2978,"[1724, 1889, 1068, 116, 773]"
2979,"[403, 1567, 606, 807, 18]"
2980,"[1666, 406, 407, 18, 160]"
2981,"[1567, 1917, 1913, 37, 1907]"
2982,"[1861, 884, 1567, 403, 16]"
2983,"[1863, 1358, 501, 403, 18]"
2984,"[1193, 1239, 1612, 1861, 1927]"
2985,"[452, 1300, 403, 501, 1495]"
2986,"[1620, 1861, 1613, 1520, 1193]"
2987,"[16, 1708, 403, 1717, 1679]"
2988,"[1438, 1915, 18, 1472, 1906]"
2989,"[103, 1807, 1071, 1894, 811]"
2990,"[1917, 1900, 1902, 1916, 1032]"
2991,"[1239, 446, 1193, 1567, 412]"
2992,"[1863, 1915, 403, 18, 1239]"
2993,"[403, 1574, 18, 1567, 54]"
2994,"[103, 1807, 1071, 1567, 1894]"
2995,"[1561, 1560, 1542, 43, 1556]"
2996,"[18, 1567, 1708, 606, 403]"
2997,"[1193, 1620, 425, 1520, 419]"
2998,"[406, 419, 407, 1193, 1567]"
2999,"[446, 417, 1239, 411, 336]"
3000,"[1620, 419, 421, 406, 886]"
3001,"[927, 1863, 1861, 403, 1567]"
3002,"[1679, 1708, 18, 1574, 132]"
3003,"[1193, 425, 1574, 18, 1567]"
3004,"[1193, 425, 1620, 406, 407]"
3005,"[425, 1239, 1193, 868, 416]"
3006,"[1567, 403, 1679, 16, 1574]"
3007,"[1567, 37, 1894, 403, 54]"
3008,"[413, 403, 18, 807, 1574]"
3009,"[796, 1861, 1561, 1043, 362]"
3010,"[1809, 1193, 425, 1025, 735]"
3011,"[446, 403, 417, 1574, 1691]"
3012,"[452, 403, 1873, 1836, 1809]"
3013,"[1863, 452, 403, 501, 1457]"
3014,"[443, 403, 18, 1574, 807]"
3015,"[1861, 160, 1574, 930, 1900]"
3016,"[1861, 1846, 403, 649, 132]"
3017,"[1567, 37, 403, 1679, 1574]"
3018,"[1193, 885, 1618, 1586, 773]"
3019,"[1193, 1809, 1620, 735, 425]"
3020,"[868, 1915, 425, 1193, 1567]"
3021,"[1567, 18, 1882, 1805, 403]"
3022,"[103, 1567, 37, 1453, 1193]"
3023,"[423, 125, 1244, 1618, 1702]"
3024,"[423, 125, 1244, 1702, 1276]"
3025,"[423, 1244, 891, 1702, 1555]"
3026,"[125, 423, 1244, 397, 1702]"
3027,"[1244, 423, 125, 1550, 1702]"
3028,"[125, 423, 1244, 1702, 1276]"
3029,"[125, 423, 1244, 1702, 1558]"
3030,"[125, 423, 1244, 1702, 1276]"
3031,"[125, 1126, 423, 1244, 902]"
3032,"[125, 423, 1244, 1702, 1557]"
3033,"[125, 423, 1244, 1702, 606]"
3034,"[125, 423, 1244, 1702, 902]"
3035,"[125, 423, 1244, 1619, 446]"
3036,"[578, 580, 585, 586, 600]"
3037,"[125, 423, 1244, 1702, 97]"
3038,"[125, 423, 1244, 1702, 473]"
3039,"[125, 423, 1244, 1702, 114]"
3040,"[374, 598, 596, 1302, 578]"
3041,"[423, 1244, 1495, 443, 18]"
3042,"[125, 423, 1244, 1702, 1138]"
3043,"[1490, 585, 511, 586, 577]"
3044,"[807, 18, 1574, 1573, 1204]"
3045,"[125, 423, 1244, 596, 598]"
3046,"[125, 1702, 124, 102, 531]"
3047,"[125, 423, 1244, 114, 1917]"
3048,"[1244, 423, 1702, 807, 544]"
3049,"[125, 423, 1244, 1619, 1550]"
3050,"[125, 423, 1244, 524, 1617]"
3051,"[16, 18, 1708, 1856, 1852]"
3052,"[125, 423, 1244, 1702, 1495]"
3053,"[807, 1702, 606, 1573, 662]"
3054,"[423, 1244, 125, 1702, 114]"
3055,"[125, 423, 1244, 1126, 18]"
3056,"[1244, 423, 125, 1550, 1702]"
3057,"[125, 423, 1244, 1126, 927]"
3058,"[1612, 125, 1702, 423, 1244]"
3059,"[125, 423, 1244, 1619, 606]"
3060,"[423, 1244, 125, 1619, 1702]"
3061,"[125, 423, 1244, 1902, 1900]"
3062,"[927, 1006, 1900, 1204, 807]"
3063,"[423, 1244, 125, 1702, 18]"
3064,"[1249, 18, 807, 1751, 1509]"
3065,"[423, 1244, 125, 1619, 1702]"
3066,"[1772, 446, 1643, 402, 1575]"
3067,"[1884, 1885, 1924, 478, 1524]"
3068,"[538, 1924, 1434, 554, 547]"
3069,"[478, 1900, 659, 807, 1204]"
3070,"[1507, 1434, 1924, 478, 1639]"
3071,"[478, 1924, 1915, 807, 1204]"
3072,"[1924, 478, 1063, 1249, 892]"
3073,"[37, 687, 18, 16, 480]"
3074,"[1924, 1434, 1504, 538, 478]"
3075,"[478, 807, 18, 1204, 561]"
3076,"[478, 426, 904, 1574, 88]"
3077,"[1434, 1924, 1504, 1639, 1377]"
3078,"[478, 1924, 786, 807, 662]"
3079,"[478, 1924, 786, 160, 606]"
3080,"[1434, 1249, 1639, 1924, 807]"
3081,"[1507, 1434, 1377, 1504, 1249]"
3082,"[478, 1924, 687, 665, 807]"
3083,"[1507, 528, 1434, 538, 547]"
3084,"[1507, 528, 1434, 547, 531]"
3085,"[1915, 114, 1561, 18, 478]"
3086,"[1507, 538, 1434, 547, 1377]"
3087,"[1193, 1588, 1885, 1525, 1524]"
3088,"[478, 1193, 1924, 1909, 786]"
3089,"[828, 62, 861, 1882, 1316]"
3090,"[1507, 1434, 538, 1924, 547]"
3091,"[1937, 114, 1249, 807, 478]"
3092,"[538, 1063, 892, 468, 111]"
3093,"[807, 478, 1573, 1204, 662]"
3094,"[478, 1515, 807, 662, 1457]"
3095,"[1434, 538, 807, 547, 1249]"
3096,"[478, 1924, 1902, 1900, 114]"
3097,"[538, 1434, 1915, 1676, 1906]"
3098,"[478, 1924, 1560, 1934, 1457]"
3099,"[528, 538, 1639, 862, 1249]"
3100,"[1924, 478, 786, 44, 1434]"
3101,"[1434, 1507, 538, 1324, 1063]"
3102,"[1924, 1507, 1434, 538, 1937]"
3103,"[927, 478, 1934, 807, 54]"
3104,"[1434, 538, 1924, 478, 1639]"
3105,"[1924, 1434, 538, 478, 1937]"
3106,"[1924, 1377, 593, 514, 1249]"
3107,"[1249, 114, 1915, 1534, 1574]"
3108,"[1559, 609, 1560, 1901, 1547]"
3109,"[649, 662, 659, 807, 1204]"
3110,"[1902, 478, 1924, 807, 662]"
3111,"[697, 1249, 886, 691, 606]"
3112,"[807, 18, 1204, 798, 16]"
3113,"[853, 1491, 1497, 1567, 807]"
3114,"[853, 807, 892, 1574, 18]"
3115,"[853, 43, 1679, 44, 16]"
3116,"[1404, 322, 501, 1495, 807]"
3117,"[885, 1592, 954, 403, 480]"
3118,"[1193, 108, 697, 1900, 1544]"
3119,"[1929, 1592, 1219, 406, 407]"
3120,"[108, 1592, 1929, 1567, 1499]"
3121,"[1929, 1592, 544, 1449, 1438]"
3122,"[1592, 543, 1934, 1457, 1929]"
3123,"[1592, 1929, 1404, 501, 807]"
3124,"[807, 1806, 18, 1204, 1708]"
3125,"[80, 1929, 1592, 1721, 108]"
3126,"[108, 51, 446, 691, 54]"
3127,"[108, 503, 1721, 544, 1457]"
3128,"[18, 807, 54, 57, 58]"
3129,"[242, 1453, 688, 1249, 1567]"
3130,"[1804, 1799, 1798, 1801, 1802]"
3131,"[1748, 868, 1344, 331, 1603]"
3132,"[380, 108, 1449, 1567, 1574]"
3133,"[49, 1380, 88, 1718, 457]"
3134,"[1804, 1802, 1801, 1799, 1798]"
3135,"[927, 108, 1721, 697, 688]"
3136,"[1567, 110, 1249, 687, 891]"
3137,"[531, 1508, 1509, 573, 1511]"
3138,"[80, 1721, 853, 1723, 687]"
3139,"[884, 1900, 1204, 687, 18]"
3140,"[108, 853, 544, 1491, 1619]"
3141,"[834, 1591, 71, 853, 1428]"
3142,"[108, 1721, 891, 688, 1557]"
3143,"[1721, 374, 531, 18, 501]"
3144,"[18, 501, 807, 1404, 1574]"
3145,"[1338, 1491, 18, 807, 16]"
3146,"[110, 1249, 1495, 114, 558]"
3147,"[1491, 535, 1409, 1440, 1405]"
3148,"[1557, 1929, 1592, 535, 1447]"
3149,"[443, 403, 18, 807, 1567]"
3150,"[1929, 1592, 1618, 535, 544]"
3151,"[1724, 1721, 108, 1567, 377]"
3152,"[697, 108, 51, 847, 1721]"
3153,"[80, 1721, 108, 853, 697]"
3154,"[51, 798, 18, 807, 1574]"
3155,"[1567, 37, 1913, 1885, 1193]"
3156,"[1617, 292, 1655, 1555, 18]"
3157,"[125, 691, 1249, 48, 114]"
3158,"[1617, 926, 1924, 891, 1558]"
3159,"[1617, 926, 891, 43, 1567]"
3160,"[1617, 292, 1722, 1655, 1555]"
3161,"[645, 44, 652, 43, 807]"
3162,"[292, 1617, 1722, 1555, 1655]"
3163,"[926, 1617, 1555, 1618, 868]"
3164,"[667, 171, 687, 1722, 292]"
3165,"[1924, 478, 18, 662, 687]"
3166,"[1555, 292, 1617, 1655, 1722]"
3167,"[926, 1617, 16, 1555, 125]"
3168,"[926, 1617, 125, 16, 54]"
3169,"[1617, 292, 1194, 1722, 891]"
3170,"[1924, 292, 1617, 1722, 478]"
3171,"[18, 1722, 44, 632, 1743]"
3172,"[1655, 1555, 18, 1194, 807]"
3173,"[1617, 114, 292, 1722, 1611]"
3174,"[1567, 16, 1611, 292, 1617]"
3175,"[1924, 1617, 292, 478, 1555]"
3176,"[1617, 1555, 1702, 1194, 115]"
3177,"[1193, 659, 43, 884, 687]"
3178,"[292, 1617, 1722, 639, 1555]"
3179,"[292, 1884, 1562, 1194, 1555]"
3180,"[44, 1924, 478, 1204, 716]"
3181,"[1555, 1617, 292, 1924, 1722]"
3182,"[1722, 292, 1617, 1655, 1555]"
3183,"[1201, 1555, 1194, 97, 96]"
3184,"[1619, 544, 524, 18, 786]"
3185,"[114, 292, 1677, 1655, 1722]"
3186,"[425, 1193, 1586, 159, 937]"
3187,"[1617, 926, 1722, 1618, 125]"
3188,"[1619, 891, 1617, 18, 1194]"
3189,"[16, 1617, 1611, 114, 292]"
3190,"[1617, 1722, 292, 1884, 1194]"
3191,"[1617, 1702, 1194, 292, 1722]"
3192,"[1617, 1722, 687, 292, 1655]"
3193,"[114, 1249, 1884, 1157, 1558]"
3194,"[1617, 926, 1618, 891, 1555]"
3195,"[111, 1194, 1249, 1583, 216]"
3196,"[292, 1722, 1617, 1555, 1655]"
3197,"[1071, 868, 1748, 1807, 292]"
3198,"[471, 1708, 1806, 18, 1567]"
3199,"[111, 49, 1898, 629, 1063]"
3200,"[681, 111, 678, 954, 1538]"
3201,"[16, 1567, 1063, 426, 1898]"
3202,"[1575, 44, 1772, 1567, 16]"
3203,"[1807, 1191, 1071, 860, 1748]"
3204,"[1191, 1063, 1583, 1597, 1611]"
3205,"[1063, 807, 531, 1249, 861]"
3206,"[111, 892, 468, 1536, 1063]"
3207,"[111, 1713, 1063, 1249, 892]"
3208,"[889, 1712, 457, 905, 88]"
3209,"[1071, 868, 1748, 1807, 811]"
3210,"[1249, 1588, 321, 43, 1587]"
3211,"[1071, 1748, 48, 1063, 1587]"
3212,"[1445, 1567, 1063, 1563, 1583]"
3213,"[43, 927, 1567, 1063, 16]"
3214,"[602, 1063, 1884, 1194, 457]"
3215,"[1587, 43, 1193, 868, 1567]"
3216,"[111, 1063, 468, 861, 1249]"
3217,"[1063, 1567, 426, 49, 1380]"
3218,"[1070, 1713, 1520, 124, 1625]"
3219,"[1538, 1556, 1070, 1533, 1528]"
3220,"[1587, 1063, 892, 1904, 1905]"
3221,"[681, 1713, 1063, 111, 954]"
3222,"[681, 111, 954, 678, 1063]"
3223,"[1249, 900, 1533, 1618, 113]"
3224,"[1748, 1807, 868, 811, 1587]"
3225,"[1070, 811, 1656, 1713, 889]"
3226,"[802, 18, 1204, 807, 798]"
3227,"[48, 1587, 1063, 1527, 43]"
3228,"[48, 1611, 1063, 1249, 1596]"
3229,"[1191, 624, 432, 1884, 321]"
3230,"[111, 1538, 1556, 1070, 1063]"
3231,"[1567, 1751, 1627, 1249, 1063]"
3232,"[111, 1063, 468, 861, 31]"
3233,"[1656, 1562, 1884, 1194, 1746]"
3234,"[678, 1713, 335, 892, 683]"
3235,"[954, 678, 111, 1063, 1585]"
3236,"[526, 1537, 1539, 557, 1629]"
3237,"[1070, 1701, 1533, 1713, 602]"
3238,"[1063, 106, 1249, 1596, 1899]"
3239,"[1063, 468, 111, 861, 1712]"
3240,"[1071, 1807, 1748, 811, 868]"
3241,"[413, 1063, 1539, 1629, 557]"
3242,"[1567, 1071, 37, 1748, 868]"
3243,"[1924, 687, 478, 1562, 1586]"
3244,"[1529, 1899, 1526, 1527, 1063]"
3245,"[1924, 687, 1562, 1531, 478]"
3246,"[111, 49, 1898, 1582, 1380]"
3247,"[1587, 1191, 1588, 113, 43]"
3248,"[1924, 478, 1063, 111, 1589]"
3249,"[111, 468, 1063, 587, 1249]"
3250,"[1937, 1063, 111, 1924, 861]"
3251,"[1924, 478, 1937, 1628, 1553]"
3252,"[1924, 1191, 478, 1937, 1528]"
3253,"[1924, 478, 111, 1063, 1596]"
3254,"[1924, 478, 111, 468, 1063]"
3255,"[1924, 687, 478, 1562, 1531]"
3256,"[18, 1495, 662, 807, 1204]"
3257,"[1924, 1937, 478, 111, 49]"
3258,"[1906, 1529, 1528, 602, 457]"
3259,"[892, 1063, 1529, 43, 1899]"
3260,"[1924, 1070, 478, 1656, 1562]"
3261,"[1191, 1910, 1899, 1904, 1526]"
3262,"[807, 18, 1204, 1679, 1574]"
3263,"[1924, 478, 602, 1713, 1937]"
3264,"[111, 1063, 468, 807, 1249]"
3265,"[1924, 478, 602, 457, 88]"
3266,"[1899, 43, 1529, 1526, 1527]"
3267,"[1924, 687, 478, 43, 44]"
3268,"[1924, 478, 111, 1063, 468]"
3269,"[1924, 478, 685, 684, 502]"
3270,"[1924, 478, 111, 1937, 468]"
3271,"[1924, 478, 18, 1472, 1495]"
3272,"[1924, 478, 111, 468, 1063]"
3273,"[111, 1063, 807, 1249, 1611]"
3274,"[1924, 478, 111, 468, 1063]"
3275,"[43, 1899, 44, 1191, 1915]"
3276,"[1924, 478, 632, 667, 18]"
3277,"[1924, 478, 1194, 1030, 1063]"
3278,"[1063, 807, 1249, 1542, 1267]"
3279,"[1924, 478, 687, 1586, 1556]"
3280,"[889, 18, 114, 1500, 1063]"
3281,"[1924, 478, 457, 88, 1718]"
3282,"[1924, 478, 407, 1589, 1194]"
3283,"[1924, 478, 892, 1063, 111]"
3284,"[111, 1063, 468, 1249, 807]"
3285,"[1529, 1191, 1588, 1899, 1915]"
3286,"[1924, 478, 111, 1063, 49]"
3287,"[1249, 1713, 1902, 1536, 1552]"
3288,"[1628, 1553, 1562, 98, 97]"
3289,"[807, 1249, 1267, 1611, 1805]"
3290,"[1656, 1191, 1562, 1070, 1884]"
3291,"[114, 1677, 1656, 1562, 1543]"
3292,"[588, 1063, 587, 468, 593]"
3293,"[1610, 1521, 111, 449, 1275]"
3294,"[111, 1063, 468, 861, 807]"
3295,"[1614, 860, 1610, 1521, 45]"
3296,"[1656, 1070, 1562, 291, 811]"
3297,"[432, 1656, 1884, 1562, 111]"
3298,"[1191, 1533, 811, 1713, 1746]"
3299,"[811, 1533, 109, 1063, 1713]"
3300,"[102, 1746, 1700, 1533, 1541]"
3301,"[111, 49, 426, 533, 457]"
3302,"[1191, 692, 693, 109, 1712]"
3303,"[1063, 1562, 1453, 1904, 533]"
3304,"[1538, 1556, 1713, 860, 1542]"
3305,"[624, 1713, 1543, 683, 1611]"
3306,"[1191, 811, 109, 1063, 1713]"
3307,"[1713, 1887, 1541, 1552, 98]"
3308,"[413, 1533, 1537, 1531, 112]"
3309,"[111, 1884, 683, 678, 1063]"
3310,"[1610, 1521, 449, 1275, 860]"
3311,"[1521, 111, 1063, 468, 1267]"
3312,"[1713, 1746, 102, 1701, 124]"
3313,"[1656, 1562, 708, 1533, 602]"
3314,"[111, 49, 426, 88, 468]"
3315,"[1610, 1614, 45, 1521, 46]"
3316,"[1656, 1562, 432, 1191, 1063]"
3317,"[1713, 1063, 683, 602, 1746]"
3318,"[889, 457, 88, 1718, 792]"
3319,"[468, 807, 1063, 1267, 111]"
3320,"[1713, 102, 1746, 1701, 1533]"
3321,"[1277, 109, 1523, 811, 1191]"
3322,"[1904, 49, 1582, 1380, 426]"
3323,"[46, 1277, 1063, 1611, 807]"
3324,"[1562, 111, 1063, 1249, 1611]"
3325,"[468, 1063, 807, 1267, 593]"
3326,"[114, 1562, 111, 1063, 468]"
3327,"[889, 457, 811, 88, 1718]"
3328,"[602, 1713, 811, 1063, 679]"
3329,"[1070, 1656, 291, 112, 811]"
3330,"[602, 1751, 1063, 593, 578]"
3331,"[111, 49, 1582, 1380, 426]"
3332,"[16, 478, 114, 1204, 662]"
3333,"[1924, 1915, 1554, 1524, 1542]"
3334,"[538, 1377, 1639, 453, 1063]"
3335,"[786, 1924, 48, 478, 1204]"
3336,"[1900, 1461, 1679, 807, 561]"
3337,"[1434, 1924, 1504, 561, 478]"
3338,"[478, 1924, 786, 1193, 807]"
3339,"[1884, 1197, 48, 403, 1717]"
3340,"[1204, 18, 632, 606, 807]"
3341,"[478, 1377, 1461, 1385, 1684]"
3342,"[1204, 807, 18, 1573, 41]"
3343,"[478, 1457, 1924, 868, 807]"
3344,"[1924, 478, 114, 1434, 561]"
3345,"[538, 1377, 1639, 114, 1249]"
3346,"[95, 37, 1567, 1574, 1679]"
3347,"[561, 807, 1772, 1717, 1708]"
3348,"[1924, 1434, 1377, 478, 1937]"
3349,"[478, 1924, 1913, 868, 103]"
3350,"[1890, 1549, 1885, 862, 1489]"
3351,"[1204, 807, 18, 606, 44]"
3352,"[1573, 807, 16, 1567, 1204]"
3353,"[478, 1924, 1884, 786, 561]"
3354,"[478, 1924, 1884, 1913, 904]"
3355,"[1924, 478, 786, 1434, 904]"
3356,"[478, 611, 649, 160, 1861]"
3357,"[1504, 667, 1884, 1882, 48]"
3358,"[478, 1924, 632, 649, 639]"
3359,"[1434, 538, 1377, 1063, 1504]"
3360,"[1884, 48, 16, 1197, 44]"
3361,"[588, 44, 1567, 501, 606]"
3362,"[1434, 1507, 528, 1924, 1884]"
3363,"[43, 44, 1567, 807, 445]"
3364,"[538, 1639, 1561, 1194, 1597]"
3365,"[1885, 1193, 1567, 1679, 807]"
3366,"[1504, 667, 478, 553, 541]"
3367,"[1861, 606, 514, 1846, 16]"
3368,"[892, 478, 1924, 904, 1913]"
3369,"[16, 1197, 1204, 807, 662]"
3370,"[1507, 538, 1377, 1385, 1639]"
3371,"[478, 1924, 1197, 786, 1434]"
3372,"[1507, 528, 538, 1434, 1377]"
3373,"[1885, 1232, 18, 807, 501]"
3374,"[1713, 1639, 333, 1434, 1249]"
3375,"[1618, 1567, 1913, 43, 1194]"
3376,"[1588, 1904, 1916, 1909, 1255]"
3377,"[425, 807, 1574, 1204, 18]"
3378,"[43, 807, 1567, 1063, 16]"
3379,"[1904, 43, 1489, 1588, 1567]"
3380,"[1627, 1904, 1897, 1922, 1587]"
3381,"[1904, 43, 1193, 927, 1909]"
3382,"[113, 890, 1618, 1900, 43]"
3383,"[1904, 43, 425, 1348, 892]"
3384,"[1567, 43, 44, 16, 807]"
3385,"[1574, 1064, 1567, 43, 160]"
3386,"[446, 43, 91, 1575, 807]"
3387,"[43, 44, 1575, 18, 443]"
3388,"[1904, 884, 1532, 43, 1589]"
3389,"[1904, 1191, 1532, 1589, 1032]"
3390,"[1904, 43, 44, 807, 16]"
3391,"[1567, 43, 1424, 1913, 37]"
3392,"[1587, 43, 54, 57, 58]"
3393,"[1904, 440, 425, 1532, 1589]"
3394,"[1574, 1063, 37, 1583, 1625]"
3395,"[659, 1191, 43, 1520, 1588]"
3396,"[1904, 43, 1611, 1532, 1589]"
3397,"[1904, 425, 43, 1532, 1589]"
3398,"[1907, 1193, 1904, 1909, 927]"
3399,"[1909, 160, 155, 157, 158]"
3400,"[54, 57, 58, 43, 51]"
3401,"[1904, 43, 1532, 1589, 44]"
3402,"[927, 1193, 1567, 43, 1574]"
3403,"[1574, 114, 1064, 1063, 426]"
3404,"[650, 160, 1567, 43, 1249]"
3405,"[426, 1898, 457, 88, 1718]"
3406,"[1574, 1063, 43, 1567, 37]"
3407,"[739, 1855, 1861, 160, 1846]"
3408,"[927, 1863, 1193, 1861, 425]"
3409,"[114, 1588, 1927, 1193, 1612]"
3410,"[1194, 1193, 1589, 1583, 54]"
3411,"[1193, 1904, 927, 1909, 425]"
3412,"[1904, 18, 570, 1532, 43]"
3413,"[1904, 1069, 103, 1071, 1589]"
3414,"[1567, 18, 37, 1643, 1679]"
3415,"[1627, 16, 1588, 1905, 43]"
3416,"[1063, 43, 1574, 1567, 426]"
3417,"[1071, 43, 868, 1063, 1567]"
3418,"[1904, 43, 1588, 1532, 48]"
3419,"[1320, 1902, 420, 1197, 1628]"
3420,"[1320, 420, 1902, 1888, 1778]"
3421,"[472, 876, 869, 97, 98]"
3422,"[1320, 1888, 1902, 420, 1778]"
3423,"[408, 1902, 1219, 97, 98]"
3424,"[1700, 420, 629, 1358, 793]"
3425,"[1888, 1219, 1902, 716, 1696]"
3426,"[96, 420, 97, 891, 1550]"
3427,"[716, 43, 44, 1219, 98]"
3428,"[1902, 1552, 1543, 420, 1197]"
3429,"[1495, 1902, 452, 420, 96]"
3430,"[1320, 420, 1778, 1888, 480]"
3431,"[716, 1219, 478, 1040, 18]"
3432,"[876, 869, 1642, 1885, 97]"
3433,"[1902, 716, 1917, 1040, 420]"
3434,"[423, 1244, 125, 1249, 1543]"
3435,"[1197, 749, 97, 1552, 96]"
3436,"[1902, 1197, 97, 96, 98]"
3437,"[420, 1902, 1320, 1197, 1552]"
3438,"[1902, 1900, 1552, 1543, 1561]"
3439,"[1197, 480, 1902, 1320, 443]"
3440,"[1902, 739, 1552, 1543, 1900]"
3441,"[667, 1902, 96, 97, 420]"
3442,"[927, 43, 171, 1902, 54]"
3443,"[472, 125, 1219, 1698, 1518]"
3444,"[1902, 97, 96, 98, 1197]"
3445,"[1861, 1855, 1197, 1540, 98]"
3446,"[1197, 749, 628, 1320, 480]"
3447,"[1197, 1201, 1040, 1118, 124]"
3448,"[1040, 1219, 1193, 97, 1700]"
3449,"[1438, 501, 749, 1508, 1509]"
3450,"[927, 1219, 97, 667, 98]"
3451,"[1040, 98, 97, 96, 1219]"
3452,"[1320, 1893, 1778, 420, 1540]"
3453,"[1700, 1219, 97, 1887, 98]"
3454,"[420, 1040, 1894, 1516, 1778]"
3455,"[1902, 97, 96, 1197, 1495]"
3456,"[1902, 1552, 1543, 1197, 97]"
3457,"[1902, 739, 98, 97, 96]"
3458,"[1902, 1900, 1552, 114, 1543]"
3459,"[1197, 1902, 1567, 807, 1778]"
3460,"[1495, 97, 98, 96, 1902]"
3461,"[1358, 501, 531, 1404, 1457]"
3462,"[1713, 876, 869, 880, 1628]"
3463,"[927, 501, 63, 739, 446]"
3464,"[1620, 1520, 1542, 1615, 1538]"
3465,"[1911, 927, 1574, 1249, 1630]"
3466,"[1457, 723, 18, 1618, 54]"
3467,"[1917, 413, 1584, 1666, 730]"
3468,"[18, 37, 1567, 1249, 1457]"
3469,"[37, 1574, 1666, 1679, 1193]"
3470,"[1193, 927, 43, 807, 884]"
3471,"[1917, 1584, 359, 286, 1060]"
3472,"[1584, 723, 1917, 1666, 1574]"
3473,"[1193, 927, 1587, 43, 1194]"
3474,"[43, 1063, 1567, 44, 18]"
3475,"[721, 903, 723, 160, 670]"
3476,"[1900, 18, 884, 1666, 807]"
3477,"[1338, 1915, 1369, 1438, 1428]"
3478,"[1004, 261, 1003, 233, 234]"
3479,"[927, 723, 903, 242, 1666]"
3480,"[1917, 1900, 1902, 359, 730]"
3481,"[807, 1249, 18, 1573, 16]"
3482,"[1915, 739, 1249, 1900, 903]"
3483,"[1846, 37, 18, 1567, 1574]"
3484,"[1915, 1457, 18, 1495, 1902]"
3485,"[723, 807, 18, 606, 1457]"
3486,"[886, 1630, 1006, 43, 1666]"
3487,"[1630, 1006, 723, 1574, 598]"
3488,"[1193, 927, 1915, 407, 1897]"
3489,"[1917, 1006, 1428, 1063, 1900]"
3490,"[927, 63, 160, 903, 739]"
3491,"[1457, 1249, 723, 1618, 54]"
3492,"[43, 1193, 1567, 1194, 1063]"
3493,"[1267, 1691, 807, 927, 18]"
3494,"[927, 1193, 1915, 1567, 160]"
3495,"[114, 1610, 44, 218, 927]"
3496,"[63, 65, 113, 446, 1664]"
3497,"[1917, 1900, 1902, 1584, 1599]"
3498,"[43, 1567, 606, 1574, 807]"
3499,"[1915, 114, 933, 1666, 884]"
3500,"[1193, 927, 43, 1025, 1588]"
3501,"[1917, 1584, 1006, 480, 18]"
3502,"[1193, 1896, 1191, 1587, 927]"
3503,"[1591, 1592, 197, 723, 1006]"
3504,"[273, 725, 927, 1630, 723]"
3505,"[927, 1574, 1666, 1193, 18]"
3506,"[1193, 927, 1194, 1567, 1861]"
3507,"[1495, 1896, 1249, 891, 884]"
3508,"[886, 1894, 1193, 1909, 1032]"
3509,"[1900, 1249, 1457, 606, 1574]"
3510,"[1917, 1900, 1915, 1902, 478]"
3511,"[1655, 1491, 1197, 860, 18]"
3512,"[655, 1863, 807, 891, 514]"
3513,"[1040, 1894, 891, 501, 1900]"
3514,"[1900, 443, 1679, 44, 1902]"
3515,"[114, 18, 807, 1679, 1204]"
3516,"[807, 1882, 1778, 501, 18]"
3517,"[114, 1574, 1457, 1900, 807]"
3518,"[1900, 1902, 697, 480, 688]"
3519,"[606, 1902, 114, 807, 595]"
3520,"[1900, 1902, 1543, 480, 1574]"
3521,"[927, 1915, 403, 1495, 672]"
3522,"[891, 1491, 1608, 1618, 1619]"
3523,"[1619, 1617, 807, 662, 18]"
3524,"[1917, 1902, 1900, 114, 1457]"
3525,"[1611, 18, 807, 1457, 1900]"
3526,"[1567, 18, 593, 1772, 595]"
3527,"[1894, 1516, 501, 1404, 1574]"
3528,"[18, 807, 1204, 1679, 1574]"
3529,"[1249, 891, 1619, 1894, 901]"
3530,"[1457, 1588, 1193, 501, 1885]"
3531,"[807, 18, 1567, 44, 16]"
3532,"[1900, 1902, 1894, 891, 480]"
3533,"[1900, 1902, 1543, 403, 443]"
3534,"[1249, 807, 1611, 1536, 1778]"
3535,"[807, 662, 443, 1204, 18]"
3536,"[1204, 1894, 501, 1404, 1138]"
3537,"[1618, 54, 57, 58, 125]"
3538,"[18, 807, 413, 1567, 798]"
3539,"[18, 31, 33, 41, 5]"
3540,"[471, 78, 645, 446, 18]"
3541,"[1894, 114, 807, 18, 662]"
3542,"[478, 1924, 786, 1457, 807]"
3543,"[480, 403, 18, 443, 1900]"
3544,"[1113, 1491, 1056, 1619, 18]"
3545,"[661, 655, 1772, 1567, 18]"
3546,"[432, 1266, 905, 426, 1522]"
3547,"[18, 1249, 1457, 501, 1900]"
3548,"[44, 1412, 1610, 43, 1491]"
3549,"[114, 1930, 1592, 110, 18]"
3550,"[1915, 1438, 1900, 1457, 1507]"
3551,"[1567, 1063, 43, 18, 44]"
3552,"[18, 73, 807, 1708, 1742]"
3553,"[1567, 1574, 16, 1573, 18]"
3554,"[1575, 807, 1708, 1679, 649]"
3555,"[95, 870, 100, 1927, 1463]"
3556,"[113, 1897, 1922, 1534, 1193]"
3557,"[1538, 1556, 890, 1534, 1193]"
3558,"[1534, 1611, 1537, 1560, 1557]"
3559,"[1806, 1883, 18, 1708, 1854]"
3560,"[111, 99, 793, 794, 807]"
3561,"[884, 1574, 1735, 807, 43]"
3562,"[1618, 1619, 1913, 866, 100]"
3563,"[43, 1063, 892, 1567, 1574]"
3564,"[18, 1708, 31, 33, 41]"
3565,"[1618, 112, 1574, 1535, 160]"
3566,"[1537, 1554, 1542, 1564, 1557]"
3567,"[1615, 1534, 1611, 1044, 1619]"
3568,"[892, 1414, 1533, 698, 457]"
3569,"[1586, 1193, 1615, 1538, 1040]"
3570,"[1708, 1717, 18, 807, 1246]"
3571,"[413, 1044, 560, 1537, 1071]"
3572,"[1751, 457, 88, 1718, 792]"
3573,"[1618, 1586, 1533, 1534, 43]"
3574,"[1567, 1564, 1489, 1063, 43]"
3575,"[426, 1898, 1063, 88, 905]"
3576,"[1463, 95, 870, 100, 1063]"
3577,"[43, 1588, 1063, 1567, 37]"
3578,"[1463, 95, 870, 1353, 1328]"
3579,"[111, 1583, 1913, 468, 49]"
3580,"[95, 1463, 1064, 1070, 1331]"
3581,"[1063, 111, 1583, 468, 892]"
3582,"[43, 667, 1063, 1574, 1542]"
3583,"[1619, 1534, 112, 1696, 18]"
3584,"[43, 807, 1567, 1063, 18]"
3585,"[1618, 687, 723, 1885, 884]"
3586,"[1534, 1537, 1538, 1556, 1586]"
3587,"[1567, 95, 1618, 37, 43]"
3588,"[843, 1463, 1567, 95, 1331]"
3589,"[1537, 1533, 1044, 291, 112]"
3590,"[873, 560, 1534, 1905, 1583]"
3591,"[1044, 698, 291, 560, 1537]"
3592,"[1611, 1619, 1534, 1531, 1567]"
3593,"[1534, 1537, 1611, 1560, 1044]"
3594,"[16, 501, 655, 1573, 1567]"
3595,"[1893, 353, 1548, 406, 1666]"
3596,"[478, 1070, 289, 43, 425]"
3597,"[1548, 1807, 1520, 406, 1561]"
3598,"[606, 1748, 407, 406, 807]"
3599,"[647, 18, 1573, 807, 606]"
3600,"[1900, 1567, 1913, 1249, 606]"
3601,"[44, 43, 1063, 16, 687]"
3602,"[1890, 1548, 160, 1893, 425]"
3603,"[1071, 868, 1748, 1807, 1893]"
3604,"[565, 18, 1772, 807, 1542]"
3605,"[1894, 1893, 419, 1807, 406]"
3606,"[1512, 1534, 160, 1574, 565]"
3607,"[687, 1006, 708, 673, 665]"
3608,"[406, 407, 1666, 425, 1193]"
3609,"[1929, 54, 57, 58, 691]"
3610,"[406, 407, 1534, 1548, 606]"
3611,"[1548, 406, 407, 1561, 419]"
3612,"[565, 687, 1249, 18, 1006]"
3613,"[1536, 1893, 425, 1548, 1573]"
3614,"[807, 1882, 884, 1574, 891]"
3615,"[1893, 1032, 1527, 43, 425]"
3616,"[406, 407, 891, 425, 1893]"
3617,"[1899, 419, 43, 1588, 1032]"
3618,"[926, 1497, 900, 1618, 1406]"
3619,"[1619, 807, 606, 18, 1204]"
3620,"[1567, 403, 18, 443, 1679]"
3621,"[1617, 1702, 1807, 1194, 1555]"
3622,"[1538, 1556, 1534, 1537, 1561]"
3623,"[419, 406, 407, 1548, 1025]"
3624,"[1666, 807, 18, 662, 1573]"
3625,"[1713, 1538, 1556, 1064, 1586]"
3626,"[1618, 1457, 1249, 1500, 570]"
3627,"[406, 407, 419, 1567, 403]"
3628,"[18, 1666, 606, 1567, 1574]"
3629,"[1586, 1193, 289, 1538, 1556]"
3630,"[1032, 1893, 1554, 103, 1542]"
3631,"[884, 1603, 1929, 43, 18]"
3632,"[933, 930, 406, 1909, 1197]"
3633,"[868, 1071, 1748, 1548, 1893]"
3634,"[406, 407, 606, 18, 1138]"
3635,"[687, 688, 690, 676, 1032]"
3636,"[1596, 1032, 369, 1618, 106]"
3637,"[1574, 43, 933, 160, 930]"
3638,"[1193, 1032, 1909, 1043, 1680]"
3639,"[513, 1907, 1588, 503, 1885]"
3640,"[1191, 1567, 1907, 124, 1589]"
3641,"[1491, 16, 1611, 1567, 1772]"
3642,"[1191, 1589, 692, 1193, 1567]"
3643,"[1904, 289, 1032, 1531, 1562]"
3644,"[1567, 677, 37, 1192, 16]"
3645,"[1904, 289, 1191, 1531, 1532]"
3646,"[677, 1193, 1567, 1192, 106]"
3647,"[289, 1032, 106, 1907, 1193]"
3648,"[1904, 289, 1191, 1531, 1562]"
3649,"[1904, 289, 1068, 1921, 1531]"
3650,"[1904, 289, 1191, 124, 1531]"
3651,"[1193, 1192, 677, 425, 1921]"
3652,"[1904, 289, 1532, 1562, 1424]"
3653,"[1904, 1191, 289, 1531, 1562]"
3654,"[1724, 1889, 1113, 379, 446]"
3655,"[18, 1032, 1147, 106, 1574]"
3656,"[1904, 289, 1531, 1562, 1532]"
3657,"[44, 43, 18, 31, 33]"
3658,"[1611, 884, 1249, 54, 57]"
3659,"[1904, 289, 1191, 1424, 1532]"
3660,"[1907, 1567, 1193, 1191, 106]"
3661,"[1904, 289, 1191, 1531, 1562]"
3662,"[1904, 1191, 1589, 1532, 1531]"
3663,"[1904, 289, 1921, 1191, 1531]"
3664,"[1316, 692, 1628, 1553, 645]"
3665,"[1191, 1890, 1929, 1567, 1907]"
3666,"[289, 1562, 1586, 1904, 114]"
3667,"[1904, 1531, 1589, 1532, 1562]"
3668,"[114, 692, 1618, 1907, 116]"
3669,"[1904, 289, 1531, 1589, 1532]"
3670,"[1191, 692, 677, 1907, 1567]"
3671,"[289, 1531, 1068, 1066, 1901]"
3672,"[1929, 535, 1191, 516, 544]"
3673,"[289, 1032, 1191, 116, 1562]"
3674,"[1193, 1589, 1567, 1907, 1621]"
3675,"[1904, 1068, 289, 1589, 1532]"
3676,"[114, 691, 606, 110, 807]"
3677,"[1904, 1921, 289, 1531, 1562]"
3678,"[1204, 1191, 1424, 1532, 1589]"
3679,"[289, 1424, 1532, 1032, 1589]"
3680,"[1424, 1904, 796, 1562, 1032]"
3681,"[1424, 496, 1532, 553, 1562]"
3682,"[1562, 1904, 289, 1424, 1921]"
3683,"[1861, 359, 1917, 1149, 261]"
3684,"[18, 1567, 1193, 1885, 1909]"
3685,"[446, 807, 18, 884, 1573]"
3686,"[98, 1191, 1544, 593, 1541]"
3687,"[1608, 478, 1517, 1249, 807]"
3688,"[1861, 1574, 807, 662, 1846]"
3689,"[1560, 1561, 1552, 1543, 807]"
3690,"[1019, 1138, 1893, 1249, 18]"
3691,"[452, 18, 807, 1204, 1574]"
3692,"[1542, 1489, 1567, 18, 43]"
3693,"[18, 1574, 807, 403, 1691]"
3694,"[1567, 16, 1772, 18, 1868]"
3695,"[1019, 18, 1723, 403, 1725]"
3696,"[233, 234, 235, 238, 239]"
3697,"[1861, 1019, 1723, 1567, 593]"
3698,"[1204, 1509, 573, 1508, 545]"
3699,"[595, 588, 599, 593, 579]"
3700,"[1861, 242, 936, 1320, 1846]"
3701,"[606, 44, 1574, 1249, 807]"
3702,"[1863, 1861, 611, 807, 1197]"
3703,"[1863, 927, 1900, 1855, 1861]"
3704,"[1608, 611, 1607, 1700, 1861]"
3705,"[114, 18, 1900, 1608, 1915]"
3706,"[1019, 44, 16, 43, 18]"
3707,"[1019, 1619, 787, 18, 1204]"
3708,"[18, 1574, 1691, 662, 807]"
3709,"[1520, 1542, 1538, 1556, 1567]"
3710,"[18, 403, 807, 480, 606]"
3711,"[1861, 1846, 1855, 452, 606]"
3712,"[403, 18, 807, 1863, 1197]"
3713,"[403, 1252, 1679, 18, 514]"
3714,"[501, 1457, 807, 110, 606]"
3715,"[1861, 1567, 1708, 1679, 1574]"
3716,"[1608, 1607, 1517, 1896, 1019]"
3717,"[1193, 37, 95, 1620, 1520]"
3718,"[233, 234, 235, 238, 239]"
3719,"[95, 1575, 1900, 807, 1574]"
3720,"[1863, 1525, 1197, 16, 1567]"
3721,"[420, 1193, 425, 1861, 1249]"
3722,"[1861, 927, 1863, 1844, 1843]"
3723,"[446, 1733, 691, 18, 403]"
3724,"[446, 1700, 1197, 606, 18]"
3725,"[18, 114, 807, 501, 1404]"
3726,"[868, 1748, 18, 403, 1861]"
3727,"[1063, 1574, 426, 1898, 807]"
3728,"[43, 1587, 1006, 1193, 1627]"
3729,"[111, 1583, 905, 468, 1898]"
3730,"[1897, 1899, 43, 1526, 1588]"
3731,"[1897, 1922, 43, 1554, 89]"
3732,"[1063, 1567, 1574, 426, 1898]"
3733,"[1193, 927, 1627, 113, 1897]"
3734,"[1897, 1922, 43, 1193, 113]"
3735,"[18, 1567, 1900, 1882, 16]"
3736,"[113, 43, 1586, 1193, 921]"
3737,"[43, 1193, 1897, 1922, 1587]"
3738,"[1567, 37, 1885, 1805, 43]"
3739,"[1063, 1574, 426, 1898, 88]"
3740,"[1627, 43, 1587, 1905, 927]"
3741,"[1071, 868, 1587, 1748, 1453]"
3742,"[1063, 426, 1898, 1574, 1718]"
3743,"[1193, 927, 1627, 1587, 43]"
3744,"[1063, 1574, 1567, 426, 1898]"
3745,"[1574, 1193, 426, 1898, 1583]"
3746,"[1587, 1627, 1905, 927, 43]"
3747,"[927, 1410, 1063, 1567, 1892]"
3748,"[1193, 1666, 1587, 43, 1194]"
3749,"[1627, 113, 1905, 1527, 1586]"
3750,"[113, 1897, 1922, 114, 1627]"
3751,"[1897, 1922, 43, 1567, 48]"
3752,"[113, 1897, 1922, 927, 48]"
3753,"[1567, 1063, 501, 37, 1508]"
3754,"[1204, 892, 43, 1587, 1897]"
3755,"[1063, 1567, 892, 927, 43]"
3756,"[1574, 1193, 114, 1718, 792]"
3757,"[1567, 426, 1898, 1718, 792]"
3758,"[43, 1587, 1627, 1897, 1922]"
3759,"[1907, 1567, 1892, 1623, 37]"
3760,"[1567, 37, 1751, 95, 1805]"
3761,"[1063, 1574, 426, 1898, 88]"
3762,"[1884, 478, 43, 1544, 860]"
3763,"[1895, 1400, 1208, 1453, 54]"
3764,"[1063, 1574, 37, 559, 884]"
3765,"[426, 1898, 457, 1063, 88]"
3766,"[1613, 1069, 1907, 1530, 1927]"
3767,"[1193, 927, 1907, 1567, 1249]"
3768,"[1567, 37, 1892, 1894, 43]"
3769,"[1574, 37, 1567, 1063, 16]"
3770,"[1063, 426, 1898, 457, 88]"
3771,"[1924, 478, 48, 1070, 1713]"
3772,"[48, 1713, 681, 1646, 59]"
3773,"[1892, 1608, 1646, 1905, 1627]"
3774,"[1063, 423, 1244, 1898, 426]"
3775,"[1700, 1713, 1552, 1628, 628]"
3776,"[1713, 48, 457, 1380, 88]"
3777,"[48, 446, 1713, 54, 57]"
3778,"[48, 414, 1613, 1713, 1194]"
3779,"[48, 1567, 1713, 88, 1380]"
3780,"[48, 446, 1587, 54, 57]"
3781,"[1899, 1526, 111, 1063, 1585]"
3782,"[48, 1534, 1073, 1713, 1701]"
3783,"[48, 1713, 681, 1070, 1554]"
3784,"[48, 1701, 1713, 784, 417]"
3785,"[1123, 18, 48, 1204, 1713]"
3786,"[18, 48, 114, 401, 807]"
3787,"[1806, 1708, 1883, 807, 16]"
3788,"[48, 1713, 18, 43, 1573]"
3789,"[1772, 531, 18, 1508, 501]"
3790,"[1899, 48, 1892, 1526, 1907]"
3791,"[807, 18, 1573, 1204, 48]"
3792,"[48, 1713, 403, 457, 88]"
3793,"[48, 1713, 1160, 289, 581]"
3794,"[48, 1587, 1567, 1063, 807]"
3795,"[1855, 606, 665, 807, 655]"
3796,"[18, 48, 114, 1495, 1587]"
3797,"[48, 1713, 602, 1718, 792]"
3798,"[48, 1588, 321, 114, 1713]"
3799,"[48, 1574, 1713, 807, 54]"
3800,"[480, 500, 91, 1455, 18]"
3801,"[1069, 110, 785, 1567, 48]"
3802,"[405, 1713, 403, 1679, 1197]"
3803,"[1197, 1320, 43, 1574, 48]"
3804,"[1723, 1204, 48, 1193, 807]"
3805,"[1713, 59, 1646, 1160, 1519]"
3806,"[930, 933, 1861, 611, 155]"
3807,"[1885, 1893, 1701, 1746, 1646]"
3808,"[48, 1713, 1692, 114, 16]"
3809,"[1885, 1368, 500, 1455, 1193]"
3810,"[48, 1713, 1554, 681, 446]"
3811,"[48, 1713, 1902, 1900, 1545]"
3812,"[48, 1898, 49, 426, 457]"
3813,"[48, 1438, 1772, 531, 18]"
3814,"[1855, 1861, 1713, 1846, 1900]"
3815,"[1916, 1574, 426, 1898, 905]"
3816,"[1583, 1517, 1597, 1629, 1563]"
3817,"[18, 1180, 1179, 807, 1193]"
3818,"[43, 892, 1567, 1063, 1897]"
3819,"[1901, 160, 930, 1547, 54]"
3820,"[114, 1574, 807, 18, 1573]"
3821,"[927, 1193, 1895, 160, 903]"
3822,"[1588, 1063, 1574, 1567, 37]"
3823,"[1063, 1898, 426, 1582, 533]"
3824,"[476, 475, 1317, 1318, 1288]"
3825,"[1193, 927, 1909, 1025, 921]"
3826,"[1574, 1063, 1193, 54, 57]"
3827,"[1193, 37, 1520, 54, 57]"
3828,"[1328, 1221, 796, 1389, 1349]"
3829,"[48, 1713, 1701, 581, 18]"
3830,"[446, 1567, 113, 606, 54]"
3831,"[1772, 18, 807, 1573, 1204]"
3832,"[927, 1897, 1922, 1204, 1193]"
3833,"[1630, 1054, 721, 1638, 1193]"
3834,"[1287, 1567, 1193, 606, 18]"
3835,"[1567, 1249, 1193, 1882, 1063]"
3836,"[1193, 113, 1025, 921, 927]"
3837,"[927, 1567, 1913, 63, 160]"
3838,"[1897, 1922, 927, 113, 1915]"
3839,"[1907, 113, 1899, 1618, 1526]"
3840,"[1627, 1905, 1527, 113, 1587]"
3841,"[1193, 1909, 933, 1389, 927]"
3842,"[927, 868, 1748, 113, 1627]"
3843,"[1897, 1922, 48, 113, 1587]"
3844,"[1358, 18, 1772, 531, 807]"
3845,"[1897, 1922, 1587, 1193, 43]"
3846,"[1193, 1897, 1922, 1909, 927]"
3847,"[1063, 48, 1574, 37, 1907]"
3848,"[639, 606, 1567, 44, 16]"
3849,"[1907, 796, 160, 1897, 1922]"
3850,"[927, 1935, 723, 1193, 160]"
3851,"[43, 1907, 1897, 1922, 1899]"
3852,"[1032, 1033, 1641, 739, 1193]"
3853,"[48, 1552, 18, 606, 807]"
3854,"[18, 48, 807, 1287, 606]"
3855,"[1287, 1897, 1922, 16, 18]"
3856,"[739, 114, 807, 48, 1204]"
3857,"[18, 927, 113, 1907, 1897]"
3858,"[1901, 1547, 1193, 1025, 1520]"
3859,"[749, 1197, 1564, 1489, 1554]"
3860,"[73, 1197, 1320, 420, 54]"
3861,"[1541, 1073, 1700, 102, 1522]"
3862,"[413, 1537, 121, 1533, 866]"
3863,"[18, 1679, 1567, 1320, 1717]"
3864,"[1320, 1197, 1670, 420, 160]"
3865,"[18, 1708, 807, 16, 1574]"
3866,"[1885, 1574, 1320, 403, 1778]"
3867,"[1320, 468, 403, 881, 1631]"
3868,"[723, 1902, 403, 420, 1320]"
3869,"[43, 1320, 1575, 667, 1063]"
3870,"[1320, 1197, 403, 861, 480]"
3871,"[606, 807, 1573, 18, 665]"
3872,"[1708, 1717, 468, 18, 16]"
3873,"[1320, 420, 606, 1700, 868]"
3874,"[1564, 1320, 443, 403, 1882]"
3875,"[1541, 793, 628, 420, 667]"
3876,"[1541, 1073, 102, 1887, 1197]"
3877,"[18, 1567, 1708, 807, 16]"
3878,"[103, 1894, 1320, 1542, 868]"
3879,"[1320, 403, 1717, 1679, 1574]"
3880,"[1320, 1554, 1542, 1564, 1489]"
3881,"[868, 443, 403, 1320, 1574]"
3882,"[468, 1320, 807, 1574, 403]"
3883,"[1742, 1564, 1489, 1542, 1525]"
3884,"[73, 807, 1717, 18, 48]"
3885,"[1320, 403, 1574, 807, 1679]"
3886,"[1717, 807, 468, 18, 1320]"
3887,"[749, 1197, 1320, 1564, 1489]"
3888,"[1567, 1197, 1063, 403, 807]"
3889,"[18, 468, 413, 807, 861]"
3890,"[420, 925, 938, 928, 167]"
3891,"[1541, 1628, 1197, 1564, 1489]"
3892,"[1541, 1700, 102, 793, 1201]"
3893,"[606, 1679, 1063, 1320, 807]"
3894,"[807, 43, 1063, 1885, 18]"
3895,"[420, 1299, 1320, 403, 1197]"
3896,"[111, 794, 49, 1898, 1582]"
3897,"[1772, 1708, 531, 1438, 1495]"
3898,"[472, 1670, 1887, 124, 868]"
3899,"[1772, 1320, 1495, 18, 403]"
3900,"[1320, 403, 1679, 1567, 1574]"
3901,"[1902, 868, 18, 807, 1509]"
3902,"[1573, 749, 18, 1320, 16]"
3903,"[425, 1160, 1193, 1458, 453]"
3904,"[1909, 1029, 1041, 421, 1326]"
3905,"[606, 16, 18, 807, 649]"
3906,"[921, 1713, 425, 160, 289]"
3907,"[1491, 891, 1619, 453, 1555]"
3908,"[1193, 1534, 171, 1538, 1520]"
3909,"[1193, 171, 1025, 1026, 1909]"
3910,"[1193, 1029, 1026, 1043, 1025]"
3911,"[1193, 1026, 1025, 1029, 886]"
3912,"[1193, 1458, 1809, 1586, 425]"
3913,"[1618, 1059, 1619, 678, 1615]"
3914,"[1861, 425, 1900, 606, 1567]"
3915,"[170, 161, 923, 165, 164]"
3916,"[1193, 155, 157, 158, 425]"
3917,"[1524, 1885, 425, 164, 1666]"
3918,"[924, 164, 928, 174, 176]"
3919,"[1219, 18, 739, 807, 933]"
3920,"[1025, 1026, 169, 1043, 921]"
3921,"[1193, 425, 1885, 1029, 107]"
3922,"[1193, 1909, 1025, 921, 159]"
3923,"[1193, 425, 1524, 1885, 620]"
3924,"[1193, 410, 1202, 164, 165]"
3925,"[1772, 1567, 606, 160, 1573]"
3926,"[118, 1696, 864, 175, 164]"
3927,"[1193, 1025, 159, 937, 163]"
3928,"[1495, 531, 1509, 1885, 1193]"
3929,"[1588, 159, 937, 920, 1025]"
3930,"[1586, 1029, 1193, 1026, 1025]"
3931,"[1193, 1722, 1586, 159, 937]"
3932,"[165, 1861, 164, 175, 928]"
3933,"[107, 1040, 453, 1491, 1619]"
3934,"[1193, 1025, 1202, 410, 1043]"
3935,"[1146, 1151, 18, 1168, 1699]"
3936,"[1193, 620, 470, 1043, 765]"
3937,"[1193, 1809, 1025, 159, 937]"
3938,"[1458, 1193, 1586, 425, 723]"
3939,"[1193, 159, 937, 163, 1025]"
3940,"[1574, 723, 807, 18, 650]"
3941,"[1586, 1193, 1040, 1538, 1531]"
3942,"[1193, 1025, 159, 937, 160]"
3943,"[353, 1699, 647, 1574, 807]"
3944,"[1193, 1026, 1043, 1885, 1040]"
3945,"[1193, 1909, 1029, 1025, 159]"
3946,"[1193, 1516, 1026, 1043, 1025]"
3947,"[1666, 18, 834, 403, 261]"
3948,"[1666, 1030, 403, 1846, 903]"
3949,"[1489, 1564, 1542, 588, 43]"
3950,"[903, 723, 606, 884, 1249]"
3951,"[1666, 738, 1053, 1846, 903]"
3952,"[1915, 1666, 1846, 1861, 1855]"
3953,"[823, 1149, 1667, 53, 728]"
3954,"[1193, 1666, 885, 1049, 1915]"
3955,"[1666, 1917, 1915, 1300, 18]"
3956,"[1620, 1618, 620, 470, 1043]"
3957,"[927, 1666, 903, 1249, 18]"
3958,"[1666, 1267, 1054, 18, 1574]"
3959,"[543, 823, 1043, 1592, 728]"
3960,"[903, 1592, 18, 403, 91]"
3961,"[1249, 1574, 1567, 807, 884]"
3962,"[1809, 1909, 1193, 1026, 1029]"
3963,"[1915, 885, 1666, 545, 1567]"
3964,"[1666, 403, 1917, 1344, 1915]"
3965,"[500, 1455, 403, 18, 44]"
3966,"[1590, 1049, 1053, 212, 1030]"
3967,"[1592, 903, 1666, 1846, 1054]"
3968,"[903, 403, 1063, 43, 16]"
3969,"[954, 1666, 1882, 287, 1574]"
3970,"[160, 425, 1408, 1193, 1900]"
3971,"[1006, 901, 43, 403, 44]"
3972,"[1666, 1030, 403, 1267, 1691]"
3973,"[1617, 1193, 1254, 903, 18]"
3974,"[1863, 1861, 1846, 1855, 1836]"
3975,"[1666, 1592, 1855, 1861, 933]"
3976,"[1861, 1906, 1588, 1025, 1900]"
3977,"[1590, 1049, 885, 1030, 1054]"
3978,"[1666, 823, 1911, 736, 885]"
3979,"[446, 54, 57, 58, 18]"
3980,"[1249, 807, 1204, 1574, 18]"
3981,"[1915, 613, 18, 1574, 1567]"
3982,"[1620, 1809, 1193, 1520, 1025]"
3983,"[723, 1053, 79, 1666, 807]"
3984,"[1915, 1917, 1666, 1495, 1193]"
3985,"[1666, 723, 1574, 160, 1900]"
3986,"[606, 1567, 44, 18, 807]"
3987,"[903, 403, 1590, 724, 18]"
3988,"[1193, 425, 1902, 160, 1573]"
3989,"[1193, 868, 1055, 1029, 1809]"
3990,"[417, 452, 606, 18, 1846]"
3991,"[1915, 1193, 927, 531, 807]"
3992,"[823, 1666, 1321, 18, 696]"
3993,"[1619, 114, 606, 18, 16]"
3994,"[649, 639, 18, 723, 807]"
3995,"[1929, 1592, 1902, 522, 1900]"
3996,"[1855, 1846, 1666, 807, 1861]"
3997,"[1042, 1680, 1049, 1030, 1666]"
3998,"[54, 57, 58, 18, 1592]"
3999,"[1666, 807, 18, 1846, 1573]"
4000,"[522, 1438, 18, 1404, 903]"
4001,"[51, 54, 57, 58, 18]"
4002,"[18, 796, 54, 57, 58]"
4003,"[1567, 1457, 1723, 1509, 1511]"
4004,"[1915, 639, 1438, 807, 18]"
4005,"[606, 1574, 43, 807, 1249]"
4006,"[1680, 1592, 1049, 258, 1052]"
4007,"[1680, 1630, 721, 1929, 18]"
4008,"[1882, 1574, 18, 807, 1249]"
4009,"[18, 807, 43, 44, 16]"
4010,"[18, 403, 1611, 43, 1006]"
4011,"[1680, 749, 606, 18, 1204]"
4012,"[1680, 18, 1611, 1592, 1772]"
4013,"[807, 1249, 884, 1267, 1574]"
4014,"[18, 807, 1574, 1679, 1708]"
4015,"[807, 18, 1588, 1193, 1574]"
4016,"[807, 1204, 18, 1573, 16]"
4017,"[97, 96, 1855, 1846, 1666]"
4018,"[1592, 1591, 1006, 1666, 1052]"
4019,"[828, 1937, 3, 1680, 478]"
4020,"[687, 1438, 807, 18, 1573]"
4021,"[1592, 1666, 807, 606, 1591]"
4022,"[1929, 1592, 1723, 1249, 1043]"
4023,"[687, 807, 18, 1567, 16]"
4024,"[1204, 807, 16, 1574, 649]"
4025,"[1721, 51, 1666, 452, 1861]"
4026,"[1900, 1543, 1846, 18, 807]"
4027,"[1721, 1900, 108, 697, 1543]"
4028,"[1917, 1584, 403, 1006, 18]"
4029,"[258, 1030, 1029, 921, 1666]"
4030,"[18, 903, 807, 884, 54]"
4031,"[1680, 1592, 1929, 1054, 1666]"
4032,"[1924, 478, 1573, 807, 48]"
4033,"[1708, 16, 807, 18, 1574]"
4034,"[1846, 18, 1772, 807, 1855]"
4035,"[884, 1936, 1528, 1249, 926]"
4036,"[1885, 1618, 1907, 1748, 868]"
4037,"[1861, 1300, 1301, 1618, 1473]"
4038,"[1193, 1608, 421, 1620, 1618]"
4039,"[425, 1193, 1909, 1916, 1618]"
4040,"[18, 1772, 807, 655, 468]"
4041,"[1861, 419, 1915, 406, 1620]"
4042,"[926, 900, 1249, 892, 1611]"
4043,"[57, 18, 807, 16, 531]"
4044,"[927, 1557, 1528, 1588, 1618]"
4045,"[1193, 1588, 1906, 927, 1488]"
4046,"[1618, 1620, 1608, 1558, 1520]"
4047,"[1300, 1885, 1906, 79, 1301]"
4048,"[796, 114, 18, 1043, 1495]"
4049,"[1612, 1914, 1149, 1574, 1037]"
4050,"[1915, 18, 1676, 1561, 1900]"
4051,"[412, 1197, 425, 18, 807]"
4052,"[1193, 406, 1909, 1620, 407]"
4053,"[1906, 884, 1528, 926, 1618]"
4054,"[632, 478, 18, 662, 739]"
4055,"[1193, 1909, 1618, 425, 1520]"
4056,"[1567, 578, 1249, 403, 1063]"
4057,"[1193, 927, 1909, 1194, 1897]"
4058,"[1193, 1588, 1906, 1916, 1529]"
4059,"[1915, 1618, 1193, 1666, 160]"
4060,"[1670, 425, 735, 155, 157]"
4061,"[926, 887, 1557, 1608, 1618]"
4062,"[1906, 1588, 1528, 1928, 1863]"
4063,"[1608, 1618, 1193, 1892, 1909]"
4064,"[807, 1573, 18, 1574, 54]"
4065,"[884, 403, 1567, 807, 1249]"
4066,"[1193, 425, 1666, 927, 1574]"
4067,"[1193, 1909, 425, 403, 1520]"
4068,"[1255, 1906, 1474, 1588, 1528]"
4069,"[411, 446, 1567, 1249, 606]"
4070,"[155, 157, 158, 1708, 1567]"
4071,"[1906, 1528, 1916, 1588, 796]"
4072,"[1193, 886, 823, 537, 18]"
4073,"[425, 1193, 1618, 1885, 1909]"
4074,"[403, 443, 1249, 1495, 18]"
4075,"[1588, 1529, 1916, 1906, 1193]"
4076,"[1708, 16, 1567, 861, 1861]"
4077,"[1885, 1524, 500, 1455, 1549]"
4078,"[796, 1043, 1936, 1915, 885]"
4079,"[1193, 927, 43, 1587, 892]"
4080,"[730, 1584, 731, 1917, 355]"
4081,"[54, 57, 58, 16, 606]"
4082,"[1063, 92, 1630, 18, 1567]"
4083,"[18, 927, 1666, 1249, 1574]"
4084,"[1574, 892, 1567, 1193, 54]"
4085,"[1193, 927, 1025, 43, 1917]"
4086,"[1063, 29, 606, 18, 1567]"
4087,"[1666, 723, 903, 927, 160]"
4088,"[927, 160, 930, 1666, 933]"
4089,"[277, 273, 1917, 725, 1630]"
4090,"[1917, 1006, 731, 730, 54]"
4091,"[1193, 927, 1587, 534, 1917]"
4092,"[886, 1193, 419, 406, 1620]"
4093,"[927, 160, 735, 169, 156]"
4094,"[1193, 927, 43, 1587, 1063]"
4095,"[1917, 1584, 18, 606, 1006]"
4096,"[1338, 1006, 1574, 88, 49]"
4097,"[1574, 1884, 426, 1898, 1718]"
4098,"[1667, 1630, 242, 71, 807]"
4099,"[1193, 927, 43, 1587, 1033]"
4100,"[1193, 735, 1025, 921, 164]"
4101,"[54, 57, 58, 114, 807]"
4102,"[927, 1204, 18, 16, 807]"
4103,"[1917, 730, 731, 1338, 355]"
4104,"[1405, 1249, 1459, 18, 891]"
4105,"[1193, 927, 1917, 930, 160]"
4106,"[1063, 606, 18, 807, 16]"
4107,"[68, 731, 730, 1649, 1666]"
4108,"[927, 1193, 1917, 1587, 1033]"
4109,"[886, 1193, 1608, 1517, 1896]"
4110,"[1666, 18, 606, 1574, 233]"
4111,"[927, 1193, 1025, 1917, 159]"
4112,"[807, 1204, 18, 1708, 110]"
4113,"[892, 1861, 1063, 1567, 160]"
4114,"[1338, 927, 1917, 1006, 1063]"
4115,"[1193, 160, 930, 1666, 1574]"
4116,"[892, 43, 1587, 1249, 927]"
4117,"[534, 730, 1584, 1567, 927]"
4118,"[1638, 1584, 1574, 534, 18]"
4119,"[927, 1193, 1567, 1063, 1574]"
4120,"[54, 57, 58, 68, 1666]"
4121,"[927, 1917, 1193, 1900, 1039]"
4122,"[534, 1338, 1567, 1575, 927]"
4123,"[1915, 1193, 1054, 18, 1574]"
4124,"[114, 659, 723, 665, 807]"
4125,"[1884, 1592, 1721, 1197, 48]"
4126,"[1054, 1043, 1193, 723, 1574]"
4127,"[18, 1915, 1902, 17, 558]"
4128,"[1915, 1438, 1929, 114, 1902]"
4129,"[1680, 884, 807, 18, 606]"
4130,"[1193, 408, 1054, 18, 606]"
4131,"[1680, 1630, 1933, 721, 1054]"
4132,"[114, 1902, 1900, 1561, 1543]"
4133,"[1193, 1025, 921, 159, 937]"
4134,"[1193, 1042, 1680, 419, 1520]"
4135,"[1680, 1193, 723, 1929, 1574]"
4136,"[443, 1193, 18, 403, 807]"
4137,"[1592, 1590, 723, 543, 1449]"
4138,"[927, 1054, 1193, 1042, 691]"
4139,"[419, 1042, 18, 1054, 1666]"
4140,"[1042, 1917, 1902, 1032, 419]"
4141,"[18, 807, 1574, 1679, 16]"
4142,"[927, 1915, 1025, 160, 930]"
4143,"[927, 18, 723, 1574, 807]"
4144,"[114, 18, 1543, 1552, 807]"
4145,"[807, 18, 16, 1772, 649]"
4146,"[1193, 1042, 1680, 1915, 419]"
4147,"[18, 17, 160, 1574, 649]"
4148,"[796, 1680, 884, 1043, 543]"
4149,"[408, 1902, 18, 1543, 1552]"
4150,"[1561, 1915, 1560, 1920, 1193]"
4151,"[927, 1006, 16, 1772, 18]"
4152,"[18, 807, 1573, 1666, 1197]"
4153,"[1193, 1809, 1042, 1520, 903]"
4154,"[16, 807, 18, 1204, 796]"
4155,"[1193, 18, 1204, 807, 606]"
4156,"[1042, 606, 1929, 1592, 723]"
4157,"[1193, 1915, 1042, 1809, 502]"
4158,"[1543, 160, 903, 1900, 655]"
4159,"[1592, 1026, 903, 1574, 1054]"
4160,"[1575, 1567, 1249, 18, 1574]"
4161,"[16, 18, 807, 1249, 44]"
4162,"[16, 1567, 1063, 796, 1006]"
4163,"[419, 406, 407, 1536, 1574]"
4164,"[1193, 18, 1574, 807, 1249]"
4165,"[1915, 1917, 1344, 1930, 1054]"
4166,"[1063, 892, 1509, 575, 1508]"
4167,"[1929, 1592, 1723, 1590, 1666]"
4168,"[1567, 1723, 18, 37, 54]"
4169,"[1929, 1592, 18, 723, 807]"
4170,"[1608, 1680, 18, 662, 1666]"
4171,"[1592, 1590, 886, 1929, 1666]"
4172,"[1929, 1592, 1933, 1723, 1154]"
4173,"[1709, 1567, 1063, 16, 44]"
4174,"[807, 44, 18, 587, 593]"
4175,"[1929, 1592, 1138, 891, 1723]"
4176,"[884, 807, 18, 632, 606]"
4177,"[1885, 1592, 1591, 1542, 598]"
4178,"[886, 1193, 1929, 1592, 1351]"
4179,"[44, 1567, 1063, 655, 43]"
4180,"[1592, 1608, 886, 1517, 1591]"
4181,"[807, 18, 739, 1855, 1846]"
4182,"[1592, 1723, 1929, 1900, 18]"
4183,"[1929, 1592, 1586, 1666, 891]"
4184,"[1929, 1592, 1338, 723, 545]"
4185,"[1592, 1929, 1590, 1915, 903]"
4186,"[1592, 43, 18, 44, 1666]"
4187,"[891, 1723, 1717, 687, 480]"
4188,"[1592, 54, 57, 58, 480]"
4189,"[1929, 1592, 480, 1608, 1900]"
4190,"[1929, 1592, 1900, 1902, 114]"
4191,"[886, 1193, 1042, 1929, 1680]"
4192,"[796, 1043, 54, 57, 58]"
4193,"[1915, 114, 1592, 1449, 1666]"
4194,"[114, 1592, 884, 54, 57]"
4195,"[1929, 1592, 480, 18, 796]"
4196,"[886, 1193, 1608, 1042, 1929]"
4197,"[807, 1249, 18, 596, 598]"
4198,"[1929, 1592, 54, 57, 58]"
4199,"[218, 261, 1592, 1929, 257]"
4200,"[1929, 1592, 891, 446, 54]"
4201,"[1929, 1608, 1592, 1607, 891]"
4202,"[1929, 1592, 886, 891, 1680]"
4203,"[1574, 1592, 1567, 480, 1063]"
4204,"[1193, 1680, 1592, 1929, 1351]"
4205,"[796, 1592, 1666, 1574, 903]"
4206,"[160, 1193, 930, 1666, 784]"
4207,"[1929, 1204, 1592, 1855, 1846]"
4208,"[1929, 1592, 1608, 891, 886]"
4209,"[886, 1193, 1351, 54, 57]"
4210,"[891, 18, 1574, 807, 1723]"
4211,"[1055, 1052, 1680, 1053, 1049]"
4212,"[927, 1334, 577, 1249, 1495]"
4213,"[1193, 1809, 1055, 1025, 403]"
4214,"[1055, 1053, 933, 930, 403]"
4215,"[1809, 1193, 1055, 403, 1025]"
4216,"[807, 606, 18, 403, 1574]"
4217,"[1055, 1052, 1680, 403, 1666]"
4218,"[1574, 533, 1582, 49, 88]"
4219,"[153, 1428, 927, 403, 930]"
4220,"[408, 261, 1004, 240, 1003]"
4221,"[1809, 1193, 1053, 933, 1025]"
4222,"[886, 1574, 927, 1495, 18]"
4223,"[1053, 933, 1055, 1809, 930]"
4224,"[1055, 1666, 1052, 1574, 18]"
4225,"[261, 408, 233, 234, 235]"
4226,"[403, 1006, 1666, 933, 71]"
4227,"[1055, 1053, 403, 990, 1666]"
4228,"[1055, 1053, 990, 403, 153]"
4229,"[1049, 1053, 1030, 1055, 1052]"
4230,"[1006, 18, 54, 57, 58]"
4231,"[403, 1630, 933, 1855, 261]"
4232,"[1053, 933, 1055, 1809, 930]"
4233,"[1053, 933, 930, 1809, 1055]"
4234,"[1055, 1584, 731, 68, 933]"
4235,"[1358, 1809, 261, 222, 1047]"
4236,"[1488, 216, 577, 533, 1582]"
4237,"[114, 1053, 222, 1055, 1666]"
4238,"[230, 244, 226, 268, 263]"
4239,"[261, 218, 266, 267, 233]"
4240,"[1193, 1809, 1055, 933, 1025]"
4241,"[1204, 261, 1358, 933, 1666]"
4242,"[1314, 1658, 1488, 257, 1680]"
4243,"[1055, 1917, 71, 1047, 1630]"
4244,"[1930, 886, 1054, 1193, 1052]"
4245,"[1358, 261, 1680, 721, 933]"
4246,"[18, 807, 403, 16, 1204]"
4247,"[1055, 1666, 1933, 1052, 1680]"
4248,"[1052, 1680, 1006, 933, 1428]"
4249,"[1809, 1193, 1055, 403, 1045]"
4250,"[1053, 1055, 1680, 1047, 1038]"
4251,"[1630, 18, 1358, 261, 1855]"
4252,"[1666, 1588, 1052, 1591, 1590]"
4253,"[403, 1630, 886, 903, 1666]"
4254,"[927, 1055, 222, 403, 1428]"
4255,"[1915, 1344, 1193, 1054, 327]"
4256,"[1666, 501, 1404, 18, 807]"
4257,"[1193, 1809, 1026, 1909, 903]"
4258,"[1666, 927, 18, 1915, 1592]"
4259,"[1488, 824, 1826, 1249, 723]"
4260,"[903, 1079, 885, 1240, 218]"
4261,"[408, 930, 1846, 1855, 1592]"
4262,"[1042, 1666, 1680, 160, 903]"
4263,"[1666, 1917, 1902, 1915, 1344]"
4264,"[1666, 1054, 1917, 1915, 1049]"
4265,"[886, 885, 543, 1193, 1049]"
4266,"[1042, 452, 1666, 1300, 1574]"
4267,"[903, 807, 1574, 501, 1249]"
4268,"[1915, 18, 1457, 807, 1574]"
4269,"[927, 1915, 403, 903, 1500]"
4270,"[1915, 1666, 18, 807, 1567]"
4271,"[1666, 1915, 1054, 1574, 18]"
4272,"[903, 1590, 1666, 1054, 1079]"
4273,"[1915, 1054, 1666, 1193, 18]"
4274,"[403, 1666, 1567, 1574, 18]"
4275,"[903, 1902, 1832, 1302, 1252]"
4276,"[903, 1193, 114, 1666, 1079]"
4277,"[18, 1915, 927, 1592, 807]"
4278,"[903, 1079, 885, 1590, 543]"
4279,"[531, 1509, 573, 545, 1508]"
4280,"[1929, 721, 1666, 884, 1574]"
4281,"[1591, 1666, 903, 18, 1574]"
4282,"[1915, 1846, 1861, 18, 1574]"
4283,"[1915, 18, 408, 1666, 452]"
4284,"[903, 620, 470, 1915, 1574]"
4285,"[1026, 141, 720, 1591, 1666]"
4286,"[903, 1026, 1590, 1666, 403]"
4287,"[543, 903, 1488, 626, 1661]"
4288,"[1026, 1054, 1666, 1574, 903]"
4289,"[1590, 1666, 1052, 407, 903]"
4290,"[1915, 1929, 903, 160, 1861]"
4291,"[1449, 1052, 1591, 1488, 1592]"
4292,"[1193, 1809, 1666, 1902, 933]"
4293,"[1863, 1861, 1666, 1846, 1855]"
4294,"[1666, 1415, 18, 73, 54]"
4295,"[1592, 1590, 903, 885, 1929]"
4296,"[1915, 1666, 1027, 1193, 160]"
4297,"[1574, 903, 1193, 1063, 1567]"
4298,"[1666, 1917, 1915, 18, 1861]"
4299,"[1679, 18, 1567, 807, 1574]"
4300,"[1194, 1304, 160, 1618, 1696]"
4301,"[1679, 18, 41, 337, 1567]"
4302,"[788, 1608, 1241, 609, 1063]"
4303,"[16, 1063, 807, 1806, 1567]"
4304,"[1312, 1562, 258, 1884, 708]"
4305,"[686, 676, 690, 680, 687]"
4306,"[687, 1567, 1913, 1574, 1542]"
4307,"[659, 1476, 645, 807, 1482]"
4308,"[258, 688, 1733, 1666, 1573]"
4309,"[1924, 478, 258, 1304, 321]"
4310,"[18, 684, 1316, 884, 1573]"
4311,"[1249, 1192, 1692, 1564, 860]"
4312,"[1900, 1902, 1917, 1543, 216]"
4313,"[258, 1242, 1006, 936, 673]"
4314,"[649, 807, 1573, 1204, 18]"
4315,"[645, 1573, 16, 48, 687]"
4316,"[652, 44, 1573, 18, 31]"
4317,"[807, 443, 1574, 1194, 403]"
4318,"[1562, 708, 1884, 258, 1599]"
4319,"[1902, 1900, 258, 1917, 1064]"
4320,"[1249, 555, 258, 111, 552]"
4321,"[1304, 1249, 1573, 1204, 44]"
4322,"[114, 449, 18, 1573, 807]"
4323,"[690, 258, 678, 686, 676]"
4324,"[652, 18, 14, 1573, 1204]"
4325,"[687, 480, 1567, 892, 1581]"
4326,"[1717, 687, 1574, 1723, 884]"
4327,"[1924, 478, 258, 662, 1204]"
4328,"[258, 1916, 1696, 1030, 1677]"
4329,"[1592, 16, 44, 1717, 522]"
4330,"[1562, 687, 1312, 708, 1884]"
4331,"[1924, 258, 478, 321, 1304]"
4332,"[275, 277, 273, 270, 278]"
4333,"[114, 1574, 662, 807, 1573]"
4334,"[258, 1133, 673, 1929, 1666]"
4335,"[1562, 258, 708, 710, 682]"
4336,"[1924, 1618, 478, 1913, 552]"
4337,"[1567, 616, 18, 31, 33]"
4338,"[44, 18, 16, 1679, 807]"
4339,"[645, 807, 1249, 531, 1573]"
4340,"[16, 18, 44, 1679, 807]"
4341,"[18, 659, 1193, 261, 784]"
4342,"[413, 44, 884, 648, 43]"
4343,"[1610, 1614, 1638, 1639, 45]"
4344,"[1567, 403, 807, 1063, 18]"
4345,"[749, 1624, 1249, 1552, 1543]"
4346,"[1204, 903, 1573, 1249, 807]"
4347,"[44, 1915, 884, 1249, 665]"
4348,"[480, 403, 638, 499, 1301]"
4349,"[645, 18, 807, 1204, 1573]"
4350,"[1902, 1552, 1543, 420, 665]"
4351,"[114, 1193, 1249, 606, 1287]"
4352,"[43, 1567, 403, 18, 44]"
4353,"[1902, 420, 1900, 403, 665]"
4354,"[807, 16, 336, 579, 18]"
4355,"[113, 171, 1534, 1677, 927]"
4356,"[44, 18, 16, 1567, 1573]"
4357,"[629, 1249, 861, 954, 1713]"
4358,"[420, 665, 628, 666, 97]"
4359,"[1541, 420, 1700, 452, 97]"
4360,"[1902, 658, 296, 1552, 97]"
4361,"[665, 420, 403, 1063, 807]"
4362,"[403, 443, 18, 807, 1063]"
4363,"[884, 420, 1538, 403, 18]"
4364,"[536, 46, 860, 1249, 807]"
4365,"[606, 723, 1679, 403, 1573]"
4366,"[1628, 1553, 1541, 1543, 1552]"
4367,"[43, 1561, 1521, 420, 98]"
4368,"[1541, 658, 749, 1544, 1522]"
4369,"[1552, 629, 1073, 97, 1543]"
4370,"[884, 790, 1934, 1908, 665]"
4371,"[658, 1902, 1552, 665, 1320]"
4372,"[1902, 1320, 403, 1194, 420]"
4373,"[1201, 124, 126, 749, 96]"
4374,"[665, 420, 1320, 18, 403]"
4375,"[97, 96, 98, 420, 102]"
4376,"[114, 1611, 44, 1638, 1610]"
4377,"[531, 573, 1509, 1508, 545]"
4378,"[44, 43, 884, 1610, 860]"
4379,"[420, 102, 96, 97, 1073]"
4380,"[1618, 1592, 1249, 1929, 629]"
4381,"[420, 102, 97, 96, 1885]"
4382,"[1457, 665, 723, 1573, 807]"
4383,"[18, 96, 1517, 97, 665]"
4384,"[645, 1573, 18, 1249, 807]"
4385,"[1639, 1613, 1194, 1530, 1696]"
4386,"[1507, 528, 1434, 538, 707]"
4387,"[18, 1679, 807, 798, 14]"
4388,"[807, 1063, 468, 18, 1708]"
4389,"[1747, 863, 865, 314, 1717]"
4390,"[314, 1694, 118, 1693, 422]"
4391,"[1923, 1747, 863, 865, 314]"
4392,"[749, 1923, 314, 1693, 1597]"
4393,"[1923, 1747, 863, 865, 1693]"
4394,"[720, 1772, 531, 18, 655]"
4395,"[1923, 635, 1495, 807, 18]"
4396,"[1747, 863, 865, 314, 1138]"
4397,"[1923, 1747, 863, 865, 314]"
4398,"[1747, 863, 865, 118, 1923]"
4399,"[1495, 807, 18, 1846, 1457]"
4400,"[1923, 807, 18, 1249, 1747]"
4401,"[1434, 1567, 1249, 807, 1453]"
4402,"[1747, 863, 1138, 865, 749]"
4403,"[1887, 1923, 1313, 864, 97]"
4404,"[1747, 863, 865, 118, 314]"
4405,"[1747, 865, 863, 118, 314]"
4406,"[1747, 863, 865, 314, 1138]"
4407,"[1923, 1747, 863, 865, 711]"
4408,"[1923, 1747, 863, 865, 118]"
4409,"[1747, 863, 865, 314, 1138]"
4410,"[1923, 1747, 863, 865, 1693]"
4411,"[1902, 1115, 1934, 1064, 1923]"
4412,"[1923, 1747, 863, 865, 314]"
4413,"[1747, 863, 865, 314, 446]"
4414,"[1747, 863, 865, 1923, 118]"
4415,"[18, 655, 1579, 807, 54]"
4416,"[1923, 18, 807, 1747, 863]"
4417,"[1747, 863, 865, 314, 1138]"
4418,"[1747, 863, 865, 314, 1694]"
4419,"[1747, 863, 865, 118, 1694]"
4420,"[1747, 865, 863, 118, 314]"
4421,"[927, 655, 531, 807, 1772]"
4422,"[1747, 863, 865, 314, 613]"
4423,"[1923, 1747, 863, 865, 314]"
4424,"[863, 1747, 865, 118, 314]"
4425,"[1747, 863, 865, 314, 1204]"
4426,"[1742, 18, 807, 1923, 1204]"
4427,"[1923, 1747, 863, 865, 1693]"
4428,"[1923, 1747, 863, 865, 314]"
4429,"[1239, 446, 1560, 1923, 18]"
4430,"[807, 1495, 1457, 514, 1453]"
4431,"[16, 1567, 114, 1611, 507]"
4432,"[1567, 110, 114, 1692, 16]"
4433,"[1567, 1032, 114, 1588, 43]"
4434,"[114, 16, 1611, 1567, 321]"
4435,"[16, 114, 1611, 1588, 535]"
4436,"[16, 1567, 114, 1608, 1611]"
4437,"[1567, 478, 16, 114, 786]"
4438,"[16, 1611, 114, 1191, 455]"
4439,"[926, 1588, 1615, 1618, 1627]"
4440,"[16, 1611, 114, 1567, 507]"
4441,"[114, 478, 884, 1884, 1924]"
4442,"[16, 1611, 114, 535, 1567]"
4443,"[16, 114, 1611, 1567, 1249]"
4444,"[16, 1611, 1567, 507, 103]"
4445,"[535, 1567, 16, 114, 692]"
4446,"[16, 1611, 114, 1567, 507]"
4447,"[114, 1611, 1113, 455, 16]"
4448,"[114, 1567, 1113, 16, 390]"
4449,"[1567, 16, 114, 110, 1611]"
4450,"[1618, 114, 37, 95, 1611]"
4451,"[1567, 114, 16, 455, 1611]"
4452,"[1567, 1588, 321, 1618, 1586]"
4453,"[16, 1611, 114, 1567, 1617]"
4454,"[1567, 114, 16, 1611, 535]"
4455,"[16, 1611, 114, 1204, 1567]"
4456,"[16, 114, 1611, 1567, 321]"
4457,"[16, 114, 1611, 1617, 507]"
4458,"[1567, 114, 16, 1611, 535]"
4459,"[16, 114, 1611, 535, 1567]"
4460,"[868, 1748, 114, 1807, 1896]"
4461,"[1567, 16, 114, 1611, 535]"
4462,"[1567, 114, 16, 1611, 443]"
4463,"[16, 114, 1611, 110, 1567]"
4464,"[16, 1611, 114, 1113, 1191]"
4465,"[1567, 114, 1588, 321, 1896]"
4466,"[114, 455, 16, 1611, 125]"
4467,"[1567, 114, 16, 807, 1611]"
4468,"[114, 1567, 16, 807, 18]"
4469,"[16, 1611, 114, 1567, 1617]"
4470,"[1899, 106, 114, 419, 16]"
4471,"[1627, 1905, 1618, 113, 114]"
4472,"[1567, 114, 1406, 16, 1907]"
4473,"[16, 1611, 114, 1567, 321]"
4474,"[114, 1567, 321, 1157, 1611]"
4475,"[368, 1193, 1567, 1607, 1191]"
4476,"[608, 739, 1882, 1778, 403]"
4477,"[1567, 368, 1618, 739, 1191]"
4478,"[1567, 368, 1157, 114, 16]"
4479,"[1607, 1896, 1725, 608, 739]"
4480,"[1567, 1113, 368, 1056, 16]"
4481,"[511, 501, 1809, 595, 590]"
4482,"[1567, 1896, 16, 103, 1611]"
4483,"[1193, 1567, 1191, 37, 368]"
4484,"[1567, 1191, 54, 57, 58]"
4485,"[1567, 37, 54, 57, 58]"
4486,"[1567, 16, 1611, 807, 1573]"
4487,"[1304, 403, 1721, 1072, 1567]"
4488,"[372, 368, 1607, 1157, 1072]"
4489,"[1567, 37, 1072, 1896, 1191]"
4490,"[1567, 37, 18, 1194, 1063]"
4491,"[1249, 18, 1316, 1567, 160]"
4492,"[1607, 1608, 1896, 1517, 886]"
4493,"[1896, 1607, 1608, 1517, 1191]"
4494,"[1072, 1620, 1607, 368, 1615]"
4495,"[1629, 1896, 1539, 1613, 291]"
4496,"[1607, 1896, 739, 368, 114]"
4497,"[503, 501, 1457, 1404, 1499]"
4498,"[1567, 37, 1072, 1896, 1194]"
4499,"[1193, 1567, 43, 1896, 1063]"
4500,"[1896, 403, 623, 480, 502]"
4501,"[739, 18, 1186, 1825, 593]"
4502,"[860, 1567, 18, 807, 16]"
4503,"[1567, 1896, 16, 1517, 535]"
4504,"[18, 16, 606, 1772, 1567]"
4505,"[903, 115, 1567, 403, 1194]"
4506,"[1567, 1896, 1618, 1608, 114]"
4507,"[1567, 37, 95, 18, 501]"
4508,"[1567, 37, 1194, 1063, 16]"
4509,"[1157, 54, 57, 58, 403]"
4510,"[1191, 1896, 1567, 1608, 1607]"
4511,"[1613, 1542, 1191, 1530, 1193]"
4512,"[901, 368, 1567, 1157, 1113]"
4513,"[1567, 1603, 739, 368, 16]"
4514,"[1191, 368, 1896, 1567, 1072]"
4515,"[1607, 368, 1072, 1721, 403]"
4516,"[1567, 1193, 160, 1861, 930]"
4517,"[1072, 1613, 1556, 1069, 1896]"
4518,"[1567, 1193, 16, 1721, 735]"
4519,"[1708, 1204, 16, 807, 44]"
4520,"[18, 606, 723, 1249, 1581]"
4521,"[445, 807, 1573, 336, 18]"
4522,"[54, 57, 58, 700, 884]"
4523,"[29, 443, 18, 1567, 44]"
4524,"[884, 1679, 18, 1574, 1567]"
4525,"[884, 18, 807, 1574, 1567]"
4526,"[16, 18, 807, 1567, 595]"
4527,"[18, 807, 16, 1204, 1679]"
4528,"[807, 1574, 18, 1573, 1204]"
4529,"[1708, 1806, 16, 1567, 1883]"
4530,"[1121, 1715, 639, 18, 1717]"
4531,"[807, 403, 1679, 18, 1772]"
4532,"[44, 269, 645, 18, 403]"
4533,"[160, 18, 1574, 749, 807]"
4534,"[18, 16, 1679, 655, 807]"
4535,"[1574, 1679, 18, 807, 1573]"
4536,"[445, 565, 1567, 44, 1204]"
4537,"[1204, 44, 43, 807, 16]"
4538,"[1249, 807, 1567, 18, 598]"
4539,"[269, 18, 44, 403, 807]"
4540,"[884, 18, 1574, 807, 1567]"
4541,"[18, 807, 1708, 1204, 16]"
4542,"[18, 784, 1567, 807, 606]"
4543,"[691, 446, 807, 1573, 54]"
4544,"[606, 807, 1204, 1567, 1691]"
4545,"[807, 606, 16, 44, 1204]"
4546,"[807, 18, 1204, 16, 635]"
4547,"[807, 1567, 1204, 18, 606]"
4548,"[1287, 807, 18, 1204, 1573]"
4549,"[18, 807, 403, 1204, 606]"
4550,"[687, 18, 114, 1567, 1063]"
4551,"[884, 18, 807, 1574, 1567]"
4552,"[1573, 660, 114, 649, 18]"
4553,"[1403, 661, 807, 691, 1567]"
4554,"[661, 1581, 111, 1249, 443]"
4555,"[1778, 126, 420, 18, 807]"
4556,"[18, 807, 1204, 261, 798]"
4557,"[884, 606, 16, 1567, 807]"
4558,"[807, 18, 1567, 661, 1063]"
4559,"[1266, 405, 446, 1204, 1575]"
4560,"[114, 606, 639, 1022, 1204]"
4561,"[1544, 114, 1896, 606, 43]"
4562,"[1314, 468, 892, 1569, 790]"
4563,"[44, 43, 1610, 884, 114]"
4564,"[1900, 403, 639, 1567, 649]"
4565,"[403, 501, 595, 1249, 593]"
4566,"[452, 1807, 1861, 103, 1748]"
4567,"[574, 575, 598, 596, 562]"
4568,"[1900, 1902, 1574, 807, 501]"
4569,"[413, 1063, 1567, 501, 570]"
4570,"[1894, 106, 1193, 1542, 37]"
4571,"[1929, 1592, 406, 1603, 407]"
4572,"[1809, 1193, 1252, 425, 735]"
4573,"[1263, 432, 438, 1080, 1266]"
4574,"[418, 452, 1204, 18, 403]"
4575,"[1900, 1902, 18, 807, 16]"
4576,"[1249, 1567, 593, 595, 403]"
4577,"[1917, 1900, 1574, 606, 807]"
4578,"[1900, 1902, 473, 114, 403]"
4579,"[471, 43, 1239, 1588, 1587]"
4580,"[1717, 687, 18, 1723, 91]"
4581,"[1588, 43, 1529, 1567, 413]"
4582,"[1193, 735, 1900, 1917, 620]"
4583,"[739, 1676, 624, 884, 1249]"
4584,"[1573, 807, 1204, 662, 18]"
4585,"[1607, 403, 1495, 884, 807]"
4586,"[1191, 606, 43, 1656, 807]"
4587,"[103, 1071, 413, 811, 43]"
4588,"[1193, 735, 927, 1574, 1567]"
4589,"[1900, 1691, 1934, 425, 1666]"
4590,"[1574, 106, 1193, 1583, 1907]"
4591,"[1861, 1846, 1567, 1320, 1574]"
4592,"[18, 1567, 1863, 1809, 807]"
4593,"[1861, 1287, 1495, 1252, 807]"
4594,"[825, 1249, 606, 110, 662]"
4595,"[739, 1900, 1902, 1607, 1070]"
4596,"[1567, 1900, 478, 1902, 403]"
4597,"[1587, 927, 113, 1588, 884]"
4598,"[1567, 595, 16, 807, 18]"
4599,"[1567, 37, 95, 16, 884]"
4600,"[403, 1249, 44, 43, 1438]"
4601,"[1304, 1301, 452, 1522, 501]"
4602,"[1574, 1900, 43, 1583, 1193]"
4603,"[408, 18, 807, 662, 1574]"
4604,"[1612, 1574, 1620, 1074, 1927]"
4605,"[66, 501, 403, 1567, 16]"
4606,"[413, 43, 1567, 16, 18]"
4607,"[1937, 478, 807, 533, 1582]"
4608,"[438, 1279, 1263, 1928, 1636]"
4609,"[1269, 1104, 1197, 446, 1936]"
4610,"[1928, 1528, 1677, 1279, 1807]"
4611,"[425, 1279, 1748, 868, 1249]"
4612,"[1279, 613, 533, 1582, 49]"
4613,"[1936, 1277, 1279, 1249, 533]"
4614,"[1279, 1108, 1636, 433, 1574]"
4615,"[1906, 1928, 1528, 1588, 1529]"
4616,"[1607, 403, 1691, 577, 596]"
4617,"[1936, 1277, 1295, 1935, 1928]"
4618,"[1677, 1279, 1874, 17, 533]"
4619,"[1279, 1677, 533, 1582, 49]"
4620,"[96, 97, 98, 102, 1746]"
4621,"[511, 18, 570, 1691, 336]"
4622,"[1936, 1277, 1279, 1295, 1935]"
4623,"[1279, 521, 1301, 1457, 533]"
4624,"[448, 1936, 1524, 933, 930]"
4625,"[1885, 1104, 1269, 1123, 1279]"
4626,"[1279, 1269, 1301, 522, 521]"
4627,"[1279, 1474, 1301, 1506, 550]"
4628,"[1279, 1277, 446, 533, 1582]"
4629,"[1936, 1279, 1900, 1902, 1561]"
4630,"[692, 1191, 501, 1301, 1249]"
4631,"[1742, 1279, 443, 403, 533]"
4632,"[403, 1301, 1500, 1809, 1846]"
4633,"[16, 1611, 114, 446, 48]"
4634,"[807, 533, 1582, 49, 88]"
4635,"[1279, 1748, 403, 1919, 1874]"
4636,"[1928, 1588, 1529, 1528, 1178]"
4637,"[1279, 1691, 18, 807, 1267]"
4638,"[1936, 1277, 1279, 1295, 1935]"
4639,"[1924, 478, 1677, 1874, 1824]"
4640,"[1279, 1900, 550, 1902, 533]"
4641,"[807, 1561, 125, 1724, 1249]"
4642,"[1474, 1249, 1869, 1506, 1301]"
4643,"[1279, 1088, 1689, 309, 533]"
4644,"[1936, 1534, 1561, 1677, 1279]"
4645,"[892, 1674, 1673, 1677, 872]"
4646,"[446, 411, 1750, 1279, 404]"
4647,"[1607, 1517, 1277, 1677, 451]"
4648,"[18, 1500, 1472, 1473, 1495]"
4649,"[606, 1279, 18, 807, 1267]"
4650,"[448, 1279, 1902, 784, 1495]"
4651,"[46, 1522, 420, 1247, 1902]"
4652,"[1119, 1923, 807, 1204, 18]"
4653,"[632, 408, 1267, 1691, 18]"
4654,"[91, 446, 18, 807, 44]"
4655,"[927, 1588, 110, 1542, 1520]"
4656,"[632, 1679, 18, 807, 606]"
4657,"[892, 18, 1495, 807, 403]"
4658,"[1902, 46, 1247, 1543, 1628]"
4659,"[1846, 1855, 933, 1574, 807]"
4660,"[632, 807, 595, 1334, 43]"
4661,"[446, 1247, 408, 1239, 807]"
4662,"[1358, 514, 597, 599, 590]"
4663,"[611, 1320, 411, 446, 1204]"
4664,"[1055, 1250, 126, 861, 1053]"
4665,"[723, 1574, 16, 807, 1249]"
4666,"[884, 18, 807, 1573, 1204]"
4667,"[126, 4, 1201, 46, 807]"
4668,"[394, 18, 807, 337, 311]"
4669,"[1902, 1495, 403, 595, 590]"
4670,"[478, 1545, 1554, 807, 1574]"
4671,"[46, 1522, 1902, 1412, 570]"
4672,"[1268, 1775, 552, 284, 1249]"
4673,"[927, 171, 446, 1193, 1588]"
4674,"[632, 1573, 807, 531, 18]"
4675,"[739, 662, 18, 807, 43]"
4676,"[18, 1608, 1679, 807, 43]"
4677,"[425, 884, 1574, 662, 595]"
4678,"[1320, 420, 1548, 1778, 1540]"
4679,"[417, 17, 868, 304, 1636]"
4680,"[1902, 1900, 403, 1194, 1778]"
4681,"[1674, 46, 807, 1882, 889]"
4682,"[18, 807, 606, 1287, 798]"
4683,"[1896, 884, 18, 1567, 807]"
4684,"[43, 807, 1574, 1204, 1679]"
4685,"[1249, 242, 72, 892, 54]"
4686,"[1320, 403, 1772, 1495, 18]"
4687,"[452, 1300, 1873, 1836, 1832]"
4688,"[114, 443, 807, 18, 1204]"
4689,"[632, 1679, 18, 1063, 1708]"
4690,"[1193, 43, 807, 18, 1574]"
4691,"[1902, 91, 446, 18, 16]"
4692,"[403, 1567, 1679, 18, 1574]"
4693,"[1, 443, 807, 1204, 18]"
4694,"[1861, 1846, 1855, 18, 807]"
4695,"[3, 809, 808, 468, 111]"
4696,"[1275, 449, 884, 1934, 650]"
4697,"[18, 807, 16, 691, 457]"
4698,"[18, 647, 807, 16, 1287]"
4699,"[860, 1751, 1063, 468, 1249]"
4700,"[1895, 18, 227, 16, 802]"
4701,"[1267, 624, 1900, 884, 807]"
4702,"[1287, 113, 1897, 1922, 1193]"
4703,"[48, 1587, 18, 44, 16]"
4704,"[368, 1724, 1011, 1, 48]"
4705,"[1249, 807, 1287, 884, 48]"
4706,"[401, 801, 18, 16, 1204]"
4707,"[1895, 1287, 18, 807, 1574]"
4708,"[561, 665, 18, 1009, 807]"
4709,"[18, 16, 1573, 1574, 1249]"
4710,"[927, 1915, 807, 18, 903]"
4711,"[401, 1717, 807, 606, 1567]"
4712,"[884, 18, 807, 54, 57]"
4713,"[1287, 18, 807, 403, 1204]"
4714,"[891, 18, 807, 606, 1573]"
4715,"[1562, 1915, 54, 57, 58]"
4716,"[1138, 18, 807, 606, 659]"
4717,"[18, 807, 739, 1063, 1567]"
4718,"[860, 16, 1249, 1611, 1574]"
4719,"[639, 16, 807, 44, 18]"
4720,"[1287, 111, 468, 1194, 1624]"
4721,"[1785, 105, 224, 259, 1296]"
4722,"[1567, 16, 18, 807, 1063]"
4723,"[927, 468, 1574, 18, 54]"
4724,"[927, 16, 18, 1249, 807]"
4725,"[18, 807, 16, 1573, 1567]"
4726,"[401, 82, 807, 18, 606]"
4727,"[1897, 1922, 54, 57, 58]"
4728,"[111, 48, 468, 1249, 1287]"
4729,"[18, 413, 16, 807, 468]"
4730,"[111, 1897, 1922, 1032, 480]"
4731,"[1681, 401, 801, 18, 1895]"
4732,"[1895, 18, 501, 1404, 655]"
4733,"[412, 414, 417, 807, 514]"
4734,"[502, 1457, 639, 1567, 16]"
4735,"[18, 1611, 807, 1457, 1314]"
4736,"[48, 18, 254, 16, 1567]"
4737,"[18, 807, 1287, 1573, 1204]"
4738,"[632, 606, 650, 18, 807]"
4739,"[478, 807, 786, 1197, 1249]"
4740,"[1573, 18, 16, 807, 784]"
4741,"[807, 18, 1573, 662, 1204]"
4742,"[649, 1204, 807, 18, 501]"
4743,"[1567, 114, 1897, 1922, 403]"
4744,"[1900, 114, 446, 1902, 1543]"
4745,"[478, 1924, 1204, 1197, 807]"
4746,"[1884, 1900, 1902, 1543, 1724]"
4747,"[1197, 1900, 1902, 478, 1924]"
4748,"[807, 18, 1197, 1573, 1204]"
4749,"[478, 1197, 786, 1884, 1491]"
4750,"[478, 1434, 561, 1900, 16]"
4751,"[478, 1924, 1900, 687, 1204]"
4752,"[1233, 1193, 1619, 1555, 1722]"
4753,"[1884, 478, 1924, 786, 18]"
4754,"[48, 114, 1197, 414, 650]"
4755,"[478, 1924, 1197, 1884, 786]"
4756,"[1567, 1924, 478, 114, 786]"
4757,"[478, 1197, 1900, 1902, 116]"
4758,"[1614, 1610, 1521, 44, 884]"
4759,"[478, 1924, 1197, 1434, 1204]"
4760,"[1885, 901, 807, 403, 1457]"
4761,"[478, 1924, 786, 1197, 1249]"
4762,"[1884, 54, 57, 58, 48]"
4763,"[478, 1724, 1750, 116, 783]"
4764,"[114, 16, 478, 1884, 1611]"
4765,"[478, 1900, 1902, 1197, 446]"
4766,"[114, 807, 606, 1204, 16]"
4767,"[1924, 478, 1884, 1204, 807]"
4768,"[478, 1924, 786, 1434, 561]"
4769,"[1924, 1884, 478, 1434, 1197]"
4770,"[1924, 16, 478, 446, 413]"
4771,"[723, 1574, 1249, 606, 807]"
4772,"[48, 16, 18, 649, 1567]"
4773,"[446, 691, 807, 1249, 1573]"
4774,"[1902, 807, 1573, 16, 18]"
4775,"[1884, 48, 1197, 16, 1567]"
4776,"[16, 48, 1197, 478, 649]"
4777,"[114, 807, 54, 57, 58]"
4778,"[1884, 48, 1900, 1897, 1922]"
4779,"[478, 1915, 1924, 1457, 502]"
4780,"[478, 1924, 1900, 1902, 114]"
4781,"[1936, 1295, 1277, 451, 478]"
4782,"[1434, 553, 1504, 478, 786]"
4783,"[413, 44, 478, 43, 807]"
4784,"[445, 1900, 18, 403, 16]"
4785,"[18, 807, 16, 1573, 1567]"
4786,"[807, 1204, 1434, 18, 1900]"
4787,"[691, 807, 445, 1204, 1573]"
4788,"[471, 29, 18, 1573, 807]"
4789,"[478, 1924, 892, 1197, 1434]"
4790,"[16, 1461, 1434, 1567, 807]"
4791,"[723, 1884, 48, 111, 1249]"
4792,"[1900, 16, 807, 18, 1679]"
4793,"[606, 1434, 807, 54, 57]"
4794,"[807, 1204, 18, 662, 16]"
4795,"[647, 1204, 606, 807, 18]"
4796,"[336, 16, 884, 1567, 18]"
4797,"[1724, 860, 113, 1904, 413]"
4798,"[1896, 1517, 1191, 368, 114]"
4799,"[413, 44, 478, 43, 807]"
4800,"[478, 114, 1544, 1924, 18]"
4801,"[114, 1457, 18, 501, 588]"
4802,"[1197, 807, 1573, 16, 18]"
4803,"[18, 114, 445, 668, 807]"
4804,"[478, 1197, 413, 1386, 44]"
4805,"[445, 1679, 16, 1717, 44]"
4806,"[388, 807, 18, 1567, 114]"
4807,"[884, 1204, 18, 807, 662]"
4808,"[478, 401, 1287, 18, 639]"
4809,"[1884, 1249, 478, 1434, 1924]"
4810,"[1924, 478, 1434, 561, 401]"
4811,"[723, 1884, 54, 57, 58]"
4812,"[783, 1249, 807, 1574, 884]"
4813,"[48, 16, 1197, 44, 807]"
4814,"[884, 1197, 1249, 478, 1599]"
4815,"[471, 114, 16, 18, 1204]"
4816,"[16, 807, 44, 1434, 1772]"
4817,"[807, 445, 478, 606, 662]"
4818,"[884, 18, 401, 336, 1239]"
4819,"[1461, 1679, 478, 1708, 807]"
4820,"[16, 807, 1567, 1204, 1679]"
4821,"[18, 114, 401, 445, 884]"
4822,"[478, 1924, 1197, 1434, 786]"
4823,"[445, 884, 401, 641, 662]"
4824,"[16, 807, 1772, 44, 1567]"
4825,"[18, 807, 16, 1567, 662]"
4826,"[1434, 561, 16, 1567, 807]"
4827,"[501, 1404, 1457, 1472, 1249]"
4828,"[1617, 1555, 292, 1722, 1702]"
4829,"[1304, 1249, 1618, 1721, 125]"
4830,"[1249, 1610, 892, 1611, 1509]"
4831,"[1906, 1473, 1928, 1916, 849]"
4832,"[114, 1249, 501, 1574, 1902]"
4833,"[1193, 892, 1249, 43, 501]"
4834,"[1617, 1702, 926, 1193, 125]"
4835,"[1555, 18, 1708, 807, 132]"
4836,"[501, 1574, 1679, 43, 1567]"
4837,"[1249, 1071, 868, 1748, 1807]"
4838,"[1588, 1587, 43, 892, 1567]"
4839,"[501, 1249, 1567, 892, 18]"
4840,"[501, 1404, 1249, 884, 662]"
4841,"[1065, 1907, 1900, 1885, 1620]"
4842,"[1561, 1249, 1618, 1193, 1885]"
4843,"[868, 1748, 1618, 1913, 1453]"
4844,"[1617, 1737, 1740, 1725, 1555]"
4845,"[926, 876, 1617, 1702, 1626]"
4846,"[1032, 1907, 1193, 1885, 1328]"
4847,"[926, 125, 1561, 1041, 1194]"
4848,"[1916, 1030, 1917, 1561, 773]"
4849,"[160, 1619, 620, 470, 735]"
4850,"[1193, 1917, 868, 1748, 1915]"
4851,"[1193, 1915, 1618, 1249, 892]"
4852,"[501, 1404, 1457, 807, 1691]"
4853,"[501, 403, 1457, 18, 807]"
4854,"[1618, 1902, 114, 414, 1187]"
4855,"[872, 1191, 1674, 1673, 331]"
4856,"[926, 1618, 1617, 125, 1555]"
4857,"[1193, 927, 95, 1554, 1520]"
4858,"[1249, 1598, 1068, 43, 1611]"
4859,"[926, 868, 900, 1748, 1249]"
4860,"[18, 41, 807, 1679, 31]"
4861,"[1193, 114, 1915, 620, 470]"
4862,"[1618, 1032, 1040, 115, 1620]"
4863,"[927, 1457, 1902, 1495, 1249]"
4864,"[1916, 1276, 1906, 1588, 885]"
4865,"[1193, 1909, 1618, 1885, 425]"
4866,"[884, 1676, 114, 1404, 501]"
4867,"[1618, 1193, 37, 1574, 1520]"
4868,"[1193, 522, 892, 1618, 1611]"
4869,"[892, 1567, 43, 1249, 1574]"
4870,"[926, 900, 1618, 1702, 1194]"
4871,"[1573, 18, 807, 16, 1249]"
4872,"[120, 1292, 54, 57, 58]"
4873,"[1292, 120, 18, 807, 1573]"
4874,"[798, 636, 47, 120, 815]"
4875,"[48, 807, 632, 1573, 1574]"
4876,"[1292, 1295, 1276, 825, 438]"
4877,"[636, 807, 1204, 645, 661]"
4878,"[807, 18, 16, 1573, 501]"
4879,"[807, 1249, 1314, 468, 1882]"
4880,"[1568, 1709, 807, 1567, 16]"
4881,"[443, 815, 403, 18, 468]"
4882,"[120, 815, 636, 1567, 18]"
4883,"[786, 787, 1455, 1476, 636]"
4884,"[120, 815, 18, 401, 47]"
4885,"[408, 534, 807, 18, 1573]"
4886,"[16, 739, 48, 1573, 807]"
4887,"[114, 18, 807, 1573, 1249]"
4888,"[807, 18, 16, 1249, 1567]"
4889,"[807, 16, 661, 1567, 18]"
4890,"[120, 815, 636, 798, 1292]"
4891,"[739, 54, 57, 58, 807]"
4892,"[120, 1338, 636, 807, 18]"
4893,"[120, 815, 636, 1292, 18]"
4894,"[120, 927, 636, 1063, 1567]"
4895,"[1113, 1567, 368, 120, 1549]"
4896,"[120, 815, 1292, 636, 798]"
4897,"[636, 807, 114, 1403, 606]"
4898,"[1573, 18, 807, 54, 57]"
4899,"[1292, 120, 1679, 18, 1717]"
4900,"[632, 807, 18, 1573, 16]"
4901,"[114, 1573, 16, 18, 48]"
4902,"[1287, 807, 18, 1573, 16]"
4903,"[18, 16, 807, 1567, 1063]"
4904,"[18, 1573, 807, 798, 606]"
4905,"[401, 120, 1292, 807, 47]"
4906,"[1204, 807, 18, 636, 1573]"
4907,"[16, 1679, 43, 18, 44]"
4908,"[1573, 120, 641, 807, 649]"
4909,"[807, 18, 1204, 662, 798]"
4910,"[120, 815, 1113, 47, 18]"
4911,"[807, 18, 892, 1846, 1855]"
4912,"[1573, 807, 114, 18, 54]"
4913,"[314, 1504, 118, 1693, 457]"
4914,"[18, 16, 1567, 807, 531]"
4915,"[884, 1611, 606, 807, 1249]"
4916,"[18, 1574, 606, 1453, 1249]"
4917,"[1567, 403, 115, 37, 1574]"
4918,"[1193, 1239, 425, 1603, 1612]"
4919,"[886, 1193, 419, 18, 1620]"
4920,"[868, 1748, 811, 18, 103]"
4921,"[425, 1025, 1193, 1666, 160]"
4922,"[18, 403, 1574, 807, 1573]"
4923,"[1193, 1574, 43, 1567, 1588]"
4924,"[1861, 611, 1567, 16, 403]"
4925,"[49, 1898, 426, 1582, 1380]"
4926,"[1567, 18, 1846, 16, 1861]"
4927,"[1193, 1809, 1586, 1620, 1608]"
4928,"[403, 1809, 1863, 1299, 1867]"
4929,"[18, 1861, 446, 1567, 593]"
4930,"[544, 1457, 403, 501, 502]"
4931,"[1193, 1559, 1620, 1524, 425]"
4932,"[446, 1239, 595, 807, 403]"
4933,"[886, 1193, 1666, 537, 419]"
4934,"[1193, 886, 1620, 406, 407]"
4935,"[1567, 443, 132, 796, 403]"
4936,"[1591, 1930, 886, 885, 1666]"
4937,"[1548, 921, 1567, 160, 425]"
4938,"[1861, 403, 1567, 44, 595]"
4939,"[1863, 452, 403, 570, 501]"
4940,"[1861, 1560, 1562, 403, 1249]"
4941,"[1193, 1809, 1620, 403, 1520]"
4942,"[403, 1809, 1717, 595, 501]"
4943,"[1534, 1548, 1561, 1542, 1564]"
4944,"[1666, 406, 407, 160, 1193]"
4945,"[1567, 1063, 1193, 403, 18]"
4946,"[1193, 1620, 425, 1520, 735]"
4947,"[1607, 446, 1193, 606, 1249]"
4948,"[1063, 1574, 1567, 905, 426]"
4949,"[1193, 419, 1620, 406, 407]"
4950,"[1666, 406, 407, 160, 1193]"
4951,"[1193, 1620, 406, 407, 425]"
4952,"[1861, 403, 1567, 514, 1502]"
4953,"[1193, 425, 927, 1520, 403]"
4954,"[165, 174, 167, 164, 175]"
4955,"[1861, 403, 1300, 452, 1567]"
4956,"[1567, 18, 16, 807, 1806]"
4957,"[446, 1861, 425, 1906, 115]"
4958,"[403, 1574, 18, 514, 807]"
4959,"[111, 28, 468, 6, 918]"
4960,"[1882, 1805, 578, 598, 1474]"
4961,"[927, 1244, 423, 125, 1618]"
4962,"[125, 423, 1244, 1702, 578]"
4963,"[125, 1244, 423, 891, 1702]"
4964,"[1618, 1249, 655, 160, 884]"
4965,"[1573, 807, 665, 691, 1574]"
4966,"[578, 580, 600, 598, 596]"
4967,"[1855, 1846, 1861, 411, 1540]"
4968,"[1575, 606, 446, 1197, 1263]"
4969,"[661, 807, 18, 1574, 606]"
4970,"[1244, 423, 125, 1618, 1702]"
4971,"[125, 18, 114, 1619, 1618]"
4972,"[111, 49, 1898, 1582, 1380]"
4973,"[1126, 1702, 1708, 1204, 578]"
4974,"[1197, 1900, 807, 606, 18]"
4975,"[125, 423, 1244, 1702, 1491]"
4976,"[423, 1244, 125, 1702, 1690]"
4977,"[927, 446, 54, 57, 58]"
4978,"[446, 691, 54, 57, 58]"
4979,"[807, 1567, 655, 598, 16]"
4980,"[1126, 1244, 423, 578, 1006]"
4981,"[1244, 423, 1126, 1702, 1006]"
4982,"[1244, 423, 125, 1702, 1491]"
4983,"[125, 423, 1244, 1702, 1557]"
4984,"[1491, 1555, 1619, 891, 1412]"
4985,"[125, 423, 1244, 1702, 1126]"
4986,"[97, 96, 531, 1508, 892]"
4987,"[43, 1913, 1006, 403, 1063]"
4988,"[1676, 322, 807, 18, 598]"
4989,"[1244, 423, 125, 1702, 1491]"
4990,"[125, 423, 1244, 1619, 1558]"
4991,"[125, 1244, 423, 1702, 1618]"
4992,"[125, 423, 1244, 1675, 1676]"
4993,"[423, 1244, 125, 1702, 1491]"
4994,"[1573, 807, 18, 114, 48]"
4995,"[423, 1244, 125, 1702, 1555]"
4996,"[1861, 1846, 1855, 1567, 18]"
4997,"[423, 1244, 125, 1702, 1555]"
4998,"[423, 1244, 125, 1907, 1670]"
4999,"[125, 423, 1244, 1702, 96]"
5000,"[930, 1670, 160, 933, 1846]"
5001,"[423, 1244, 125, 1702, 868]"
5002,"[125, 1244, 423, 1702, 807]"
5003,"[1434, 1924, 478, 1377, 1639]"
5004,"[478, 1924, 1915, 1030, 419]"
5005,"[1923, 1747, 863, 1915, 865]"
5006,"[807, 18, 1434, 1461, 1679]"
5007,"[1924, 478, 1249, 662, 43]"
5008,"[18, 1561, 1249, 807, 54]"
5009,"[478, 1924, 807, 18, 649]"
5010,"[1934, 403, 807, 1679, 18]"
5011,"[1924, 478, 114, 662, 1434]"
5012,"[18, 807, 655, 1567, 110]"
5013,"[1717, 1560, 403, 43, 44]"
5014,"[1507, 528, 1434, 1924, 1442]"
5015,"[1924, 478, 1884, 1434, 538]"
5016,"[1507, 528, 1434, 538, 1504]"
5017,"[1434, 1924, 478, 1249, 807]"
5018,"[1434, 538, 1924, 1504, 1560]"
5019,"[1561, 1560, 478, 1934, 44]"
5020,"[478, 1561, 1560, 1193, 1885]"
5021,"[1507, 1434, 528, 538, 1504]"
5022,"[1924, 478, 786, 561, 1434]"
5023,"[1507, 538, 528, 1434, 547]"
5024,"[807, 1249, 1611, 1267, 114]"
5025,"[478, 1924, 54, 57, 58]"
5026,"[478, 1924, 786, 807, 645]"
5027,"[478, 786, 18, 807, 1573]"
5028,"[290, 1696, 927, 1915, 538]"
5029,"[531, 528, 1500, 1507, 1504]"
5030,"[927, 1772, 649, 1846, 18]"
5031,"[478, 611, 807, 655, 18]"
5032,"[1885, 500, 1884, 1524, 1455]"
5033,"[1507, 538, 1434, 1504, 547]"
5034,"[1885, 1561, 1924, 1030, 670]"
5035,"[478, 1516, 1885, 1193, 1524]"
5036,"[478, 1924, 18, 1573, 807]"
5037,"[478, 1924, 786, 1434, 403]"
5038,"[1924, 478, 1639, 807, 1937]"
5039,"[1434, 538, 1063, 468, 111]"
5040,"[1507, 528, 1434, 538, 341]"
5041,"[1900, 608, 1737, 739, 1457]"
5042,"[1934, 341, 1696, 1639, 1698]"
5043,"[1434, 1507, 528, 1924, 538]"
5044,"[478, 1434, 807, 18, 43]"
5045,"[1507, 538, 1924, 1639, 593]"
5046,"[1885, 1193, 1894, 1524, 478]"
5047,"[1434, 558, 552, 1497, 528]"
5048,"[1929, 1592, 1721, 501, 1404]"
5049,"[1592, 1929, 1721, 108, 1191]"
5050,"[1618, 108, 926, 891, 1447]"
5051,"[1491, 1497, 18, 44, 807]"
5052,"[535, 1491, 1497, 1447, 1412]"
5053,"[80, 1721, 1724, 108, 377]"
5054,"[445, 1405, 807, 18, 655]"
5055,"[1098, 612, 807, 18, 1161]"
5056,"[108, 1721, 697, 51, 1929]"
5057,"[1929, 1592, 535, 1514, 1434]"
5058,"[114, 18, 807, 600, 1491]"
5059,"[853, 531, 570, 573, 1509]"
5060,"[1618, 1495, 108, 544, 1491]"
5061,"[1617, 292, 1722, 1655, 1555]"
5062,"[1617, 1555, 1924, 292, 1702]"
5063,"[1567, 1453, 37, 1193, 18]"
5064,"[1617, 292, 1702, 1194, 1619]"
5065,"[1617, 292, 1555, 1655, 1702]"
5066,"[1555, 1194, 44, 1702, 807]"
5067,"[1617, 1702, 292, 1194, 1722]"
5068,"[1617, 1555, 292, 1722, 1550]"
5069,"[1722, 292, 1617, 1555, 1655]"
5070,"[1555, 1194, 18, 84, 807]"
5071,"[18, 471, 1772, 1708, 807]"
5072,"[1617, 891, 1924, 478, 1412]"
5073,"[1194, 1586, 1555, 113, 1538]"
5074,"[292, 1722, 1617, 1884, 1655]"
5075,"[1562, 1884, 1722, 1608, 1531]"
5076,"[1884, 1312, 1562, 1722, 1599]"
5077,"[1555, 1193, 1194, 1702, 1567]"
5078,"[1722, 1884, 1599, 1312, 1562]"
5079,"[292, 1722, 1617, 1884, 1655]"
5080,"[606, 552, 501, 560, 557]"
5081,"[1617, 1567, 1555, 1611, 1722]"
5082,"[1617, 292, 1722, 1555, 1655]"
5083,"[1201, 1555, 97, 96, 1541]"
5084,"[1655, 544, 292, 1555, 84]"
5085,"[1617, 811, 292, 1611, 1702]"
5086,"[1617, 891, 1558, 1555, 16]"
5087,"[292, 1617, 1722, 1555, 926]"
5088,"[1617, 1113, 1567, 292, 1722]"
5089,"[1617, 1702, 1194, 292, 1555]"
5090,"[1924, 478, 1617, 1557, 1555]"
5091,"[1722, 1312, 292, 1599, 1884]"
5092,"[292, 1722, 1617, 1655, 1555]"
5093,"[687, 807, 18, 662, 1204]"
5094,"[1617, 926, 891, 1924, 1558]"
5095,"[1655, 544, 292, 1555, 84]"
5096,"[1655, 544, 292, 1555, 552]"
5097,"[18, 73, 1772, 807, 468]"
5098,"[1617, 1702, 1194, 1555, 115]"
5099,"[16, 44, 1567, 1599, 43]"
5100,"[1617, 292, 1722, 1555, 1702]"
5101,"[1722, 687, 1562, 708, 1884]"
5102,"[1617, 1924, 926, 891, 1558]"
5103,"[1617, 16, 115, 125, 1618]"
5104,"[44, 807, 18, 16, 43]"
5105,"[43, 1191, 44, 1587, 113]"
5106,"[1567, 1063, 43, 1905, 16]"
5107,"[1191, 860, 1614, 1622, 1533]"
5108,"[1587, 1567, 1063, 18, 43]"
5109,"[1063, 48, 1587, 1627, 1567]"
5110,"[43, 44, 321, 1587, 113]"
5111,"[892, 321, 1905, 1556, 1326]"
5112,"[1071, 868, 43, 1748, 1587]"
5113,"[43, 44, 1587, 321, 884]"
5114,"[43, 1587, 1193, 1588, 1567]"
5115,"[687, 1713, 889, 1063, 673]"
5116,"[43, 1587, 1588, 113, 1193]"
5117,"[1531, 1070, 1713, 866, 291]"
5118,"[43, 413, 1587, 1627, 1567]"
5119,"[687, 40, 1574, 160, 807]"
5120,"[1567, 16, 43, 1542, 807]"
5121,"[43, 1588, 927, 1567, 1063]"
5122,"[43, 1567, 1587, 18, 1882]"
5123,"[43, 1191, 44, 884, 113]"
5124,"[1191, 1627, 1587, 1905, 1533]"
5125,"[43, 1587, 927, 1588, 1567]"
5126,"[1587, 43, 413, 1627, 113]"
5127,"[892, 111, 1587, 468, 1627]"
5128,"[43, 1587, 113, 1193, 1588]"
5129,"[1924, 1904, 868, 1574, 478]"
5130,"[1924, 478, 1913, 1586, 1900]"
5131,"[1924, 478, 1628, 1937, 1553]"
5132,"[445, 1193, 1906, 1528, 1772]"
5133,"[16, 44, 632, 18, 807]"
5134,"[1924, 478, 1937, 1553, 111]"
5135,"[632, 18, 31, 33, 807]"
5136,"[1924, 478, 1937, 662, 632]"
5137,"[1924, 478, 111, 1063, 1621]"
5138,"[1897, 1922, 1583, 1194, 1063]"
5139,"[1614, 1610, 1521, 1063, 46]"
5140,"[1517, 1896, 114, 478, 1924]"
5141,"[46, 109, 1194, 1589, 1563]"
5142,"[111, 1063, 807, 861, 1611]"
5143,"[1070, 889, 1533, 811, 111]"
5144,"[807, 1204, 18, 1574, 31]"
5145,"[1700, 60, 98, 96, 124]"
5146,"[691, 807, 1744, 18, 114]"
5147,"[111, 1063, 1641, 19, 39]"
5148,"[889, 905, 457, 88, 1718]"
5149,"[111, 49, 1898, 1582, 1380]"
5150,"[1638, 48, 860, 1266, 1585]"
5151,"[111, 1517, 678, 31, 33]"
5152,"[889, 691, 1744, 49, 457]"
5153,"[691, 1744, 889, 457, 1751]"
5154,"[111, 600, 468, 579, 1063]"
5155,"[111, 49, 1898, 1582, 1380]"
5156,"[1249, 1063, 807, 593, 579]"
5157,"[1656, 1562, 1884, 432, 708]"
5158,"[111, 49, 426, 600, 88]"
5159,"[1063, 598, 600, 596, 514]"
5160,"[111, 1517, 1249, 807, 1544]"
5161,"[46, 1585, 216, 1624, 1622]"
5162,"[1712, 26, 905, 457, 1718]"
5163,"[431, 433, 1636, 1625, 31]"
5164,"[1191, 1070, 1533, 811, 1713]"
5165,"[111, 49, 905, 1582, 1380]"
5166,"[1521, 807, 1063, 31, 33]"
5167,"[1070, 1191, 291, 1533, 111]"
5168,"[96, 98, 102, 97, 1746]"
5169,"[111, 602, 1746, 1713, 1063]"
5170,"[889, 1712, 1751, 691, 31]"
5171,"[1614, 1610, 113, 449, 45]"
5172,"[426, 49, 1582, 1380, 533]"
5173,"[1656, 1562, 1884, 708, 432]"
5174,"[18, 807, 667, 1574, 1320]"
5175,"[1712, 889, 865, 1063, 1410]"
5176,"[111, 1517, 1063, 468, 1267]"
5177,"[1713, 111, 602, 1063, 683]"
5178,"[1610, 114, 1614, 1638, 113]"
5179,"[98, 1194, 1902, 1552, 1713]"
5180,"[1677, 1656, 1562, 1063, 111]"
5181,"[1751, 1806, 1883, 1708, 807]"
5182,"[1434, 1567, 1679, 561, 1708]"
5183,"[807, 1204, 18, 598, 1679]"
5184,"[478, 1924, 786, 18, 1434]"
5185,"[114, 18, 691, 446, 807]"
5186,"[1434, 538, 1377, 1385, 1937]"
5187,"[1461, 807, 1708, 1434, 561]"
5188,"[1507, 1434, 538, 485, 1377]"
5189,"[1507, 1434, 538, 1377, 1063]"
5190,"[1625, 1712, 1541, 111, 1611]"
5191,"[1924, 478, 786, 1884, 1434]"
5192,"[478, 1924, 1913, 1745, 103]"
5193,"[807, 18, 16, 44, 606]"
5194,"[1507, 1434, 528, 538, 1377]"
5195,"[1507, 538, 1434, 1377, 1385]"
5196,"[1507, 538, 1434, 1377, 547]"
5197,"[1507, 1434, 538, 1377, 547]"
5198,"[601, 1193, 537, 1778, 541]"
5199,"[1507, 538, 1434, 1504, 1377]"
5200,"[1744, 691, 18, 16, 1806]"
5201,"[62, 889, 1596, 419, 1583]"
5202,"[1924, 786, 478, 1884, 1434]"
5203,"[1713, 1063, 892, 1194, 1583]"
5204,"[538, 1377, 453, 119, 1385]"
5205,"[807, 1434, 1204, 401, 18]"
5206,"[1434, 538, 1377, 453, 1524]"
5207,"[126, 457, 1582, 49, 1898]"
5208,"[478, 1924, 786, 1453, 96]"
5209,"[538, 1377, 1385, 117, 1639]"
5210,"[1567, 570, 1434, 1249, 501]"
5211,"[48, 1197, 18, 54, 57]"
5212,"[614, 478, 649, 29, 1924]"
5213,"[898, 893, 478, 1874, 1677]"
5214,"[541, 1884, 478, 401, 807]"
5215,"[16, 1772, 655, 807, 1567]"
5216,"[1507, 1434, 538, 1377, 1639]"
5217,"[1507, 538, 1434, 1377, 547]"
5218,"[659, 478, 1924, 786, 561]"
5219,"[18, 1708, 807, 16, 798]"
5220,"[538, 1434, 1377, 1639, 333]"
5221,"[111, 478, 468, 749, 892]"
5222,"[478, 1924, 1434, 1717, 561]"
5223,"[478, 1894, 1924, 786, 1249]"
5224,"[1708, 1806, 1883, 16, 1567]"
5225,"[1504, 1882, 49, 1805, 1898]"
5226,"[336, 43, 16, 44, 807]"
5227,"[446, 1902, 1900, 1574, 723]"
5228,"[927, 1193, 406, 419, 407]"
5229,"[43, 1587, 1193, 54, 57]"
5230,"[1567, 37, 1643, 43, 1913]"
5231,"[1534, 43, 18, 44, 807]"
5232,"[1567, 37, 1643, 95, 1805]"
5233,"[1586, 1193, 1534, 113, 1520]"
5234,"[927, 1528, 1916, 1588, 1885]"
5235,"[1193, 927, 1588, 1554, 1529]"
5236,"[1193, 927, 43, 1909, 1194]"
5237,"[1904, 43, 48, 425, 1589]"
5238,"[242, 1193, 1909, 1914, 927]"
5239,"[1904, 43, 1554, 1589, 1532]"
5240,"[1904, 43, 425, 1348, 1489]"
5241,"[1587, 1627, 1006, 1905, 43]"
5242,"[1574, 905, 426, 1898, 88]"
5243,"[1904, 1532, 43, 425, 1489]"
5244,"[1904, 1193, 927, 43, 1909]"
5245,"[1574, 1193, 1583, 1063, 1567]"
5246,"[927, 1193, 1588, 1574, 1529]"
5247,"[1904, 43, 1532, 1489, 1587]"
5248,"[1904, 43, 1191, 1896, 1611]"
5249,"[1904, 43, 1193, 927, 1194]"
5250,"[1534, 1567, 43, 1193, 1629]"
5251,"[1618, 1619, 1567, 1913, 1885]"
5252,"[927, 91, 1575, 749, 43]"
5253,"[1554, 1588, 1556, 1538, 1530]"
5254,"[1904, 43, 1193, 1589, 425]"
5255,"[1904, 43, 1588, 1587, 1567]"
5256,"[1904, 43, 1587, 1589, 1532]"
5257,"[1618, 1904, 43, 620, 470]"
5258,"[43, 1534, 1629, 1567, 44]"
5259,"[43, 1588, 927, 1904, 1567]"
5260,"[1904, 43, 1532, 1589, 1489]"
5261,"[1588, 1529, 1899, 95, 114]"
5262,"[1538, 1556, 1542, 1554, 1534]"
5263,"[1612, 1574, 1620, 1625, 1193]"
5264,"[261, 233, 234, 238, 239]"
5265,"[1316, 1567, 37, 43, 1913]"
5266,"[1543, 1534, 1561, 1554, 1564]"
5267,"[1561, 1560, 1564, 1629, 1589]"
5268,"[446, 830, 1575, 1691, 43]"
5269,"[1567, 1913, 43, 1589, 160]"
5270,"[97, 98, 96, 1219, 1778]"
5271,"[420, 98, 1861, 97, 96]"
5272,"[18, 807, 114, 1404, 662]"
5273,"[446, 716, 1197, 1778, 667]"
5274,"[927, 868, 420, 1575, 1197]"
5275,"[1540, 98, 97, 96, 1541]"
5276,"[1888, 1197, 1778, 1885, 91]"
5277,"[1902, 659, 749, 480, 1320]"
5278,"[1040, 1717, 480, 716, 1197]"
5279,"[420, 96, 97, 102, 1197]"
5280,"[1495, 1902, 1040, 480, 1197]"
5281,"[124, 876, 97, 1549, 1320]"
5282,"[1495, 1772, 18, 1320, 531]"
5283,"[97, 96, 1495, 1902, 807]"
5284,"[1197, 1700, 628, 876, 124]"
5285,"[98, 97, 96, 629, 1700]"
5286,"[1219, 1902, 807, 18, 72]"
5287,"[1700, 1902, 97, 420, 96]"
5288,"[98, 97, 749, 46, 96]"
5289,"[667, 687, 1040, 107, 1197]"
5290,"[1902, 1900, 667, 1552, 420]"
5291,"[667, 1219, 1902, 1040, 97]"
5292,"[1197, 361, 472, 1888, 1133]"
5293,"[1902, 1885, 1894, 1197, 807]"
5294,"[1541, 97, 1536, 98, 96]"
5295,"[667, 1197, 97, 96, 420]"
5296,"[1197, 1040, 749, 716, 1320]"
5297,"[1495, 98, 97, 96, 1902]"
5298,"[97, 96, 1588, 1040, 420]"
5299,"[485, 1219, 1040, 97, 98]"
5300,"[1201, 171, 97, 96, 98]"
5301,"[334, 107, 687, 1893, 1040]"
5302,"[44, 18, 43, 1063, 606]"
5303,"[667, 1219, 97, 420, 876]"
5304,"[1219, 1902, 667, 1197, 807]"
5305,"[1040, 1197, 124, 97, 96]"
5306,"[891, 687, 160, 1885, 1699]"
5307,"[1197, 1040, 1902, 1885, 716]"
5308,"[1197, 96, 1540, 97, 1118]"
5309,"[1863, 523, 1484, 505, 1499]"
5310,"[107, 420, 1902, 1778, 716]"
5311,"[114, 1040, 1902, 18, 807]"
5312,"[667, 1902, 716, 1900, 420]"
5313,"[667, 1219, 716, 97, 96]"
5314,"[1249, 403, 892, 1495, 1567]"
5315,"[1193, 927, 1618, 1194, 43]"
5316,"[1193, 927, 1194, 1574, 43]"
5317,"[1193, 927, 1587, 43, 413]"
5318,"[731, 730, 1667, 723, 18]"
5319,"[1915, 1063, 18, 48, 16]"
5320,"[1193, 927, 1909, 1194, 1255]"
5321,"[501, 1249, 884, 1567, 723]"
5322,"[1917, 730, 1584, 731, 541]"
5323,"[1338, 233, 234, 235, 238]"
5324,"[731, 1338, 1917, 1667, 723]"
5325,"[1193, 1666, 1338, 723, 807]"
5326,"[903, 1428, 160, 18, 1772]"
5327,"[114, 1900, 113, 43, 54]"
5328,"[721, 1666, 1006, 723, 903]"
5329,"[1584, 1338, 1591, 1193, 1592]"
5330,"[406, 1902, 407, 1934, 927]"
5331,"[1438, 1915, 1343, 1495, 1457]"
5332,"[1584, 426, 1898, 457, 1730]"
5333,"[1863, 927, 1193, 406, 1620]"
5334,"[1584, 1338, 426, 1898, 457]"
5335,"[1193, 1620, 1194, 37, 1613]"
5336,"[1063, 901, 43, 1567, 18]"
5337,"[18, 1004, 1574, 233, 234]"
5338,"[1193, 927, 1063, 1194, 43]"
5339,"[1915, 1054, 721, 723, 1428]"
5340,"[1902, 1917, 927, 1900, 1552]"
5341,"[739, 927, 1574, 1591, 1249]"
5342,"[1584, 1574, 1006, 1630, 1428]"
5343,"[1193, 620, 470, 1035, 1900]"
5344,"[1193, 1574, 927, 884, 1457]"
5345,"[1630, 1666, 1006, 1574, 723]"
5346,"[1193, 927, 1029, 425, 1900]"
5347,"[1193, 927, 43, 1194, 1587]"
5348,"[1338, 823, 1193, 1666, 933]"
5349,"[1193, 927, 1025, 1909, 43]"
5350,"[1915, 1630, 236, 1003, 232]"
5351,"[1584, 911, 273, 1630, 1193]"
5352,"[1620, 1520, 1567, 43, 1882]"
5353,"[1193, 927, 1194, 1861, 1543]"
5354,"[807, 1900, 903, 739, 1574]"
5355,"[1902, 1917, 1900, 1552, 1915]"
5356,"[565, 529, 541, 551, 784]"
5357,"[927, 1917, 160, 1574, 930]"
5358,"[1894, 1544, 44, 662, 18]"
5359,"[1708, 18, 1806, 807, 595]"
5360,"[544, 524, 786, 845, 1619]"
5361,"[445, 114, 18, 807, 662]"
5362,"[1930, 18, 1573, 606, 807]"
5363,"[1619, 688, 125, 891, 1861]"
5364,"[1619, 1708, 807, 18, 16]"
5365,"[1708, 16, 807, 1772, 1717]"
5366,"[1679, 1567, 1708, 37, 18]"
5367,"[1900, 1902, 18, 807, 1249]"
5368,"[1567, 43, 1063, 892, 44]"
5369,"[1679, 18, 337, 1574, 443]"
5370,"[1607, 401, 478, 18, 662]"
5371,"[927, 1574, 18, 649, 933]"
5372,"[1915, 443, 403, 1900, 480]"
5373,"[18, 1729, 403, 1249, 43]"
5374,"[1491, 891, 544, 1567, 501]"
5375,"[78, 44, 43, 16, 861]"
5376,"[1894, 478, 632, 18, 807]"
5377,"[1900, 1902, 1543, 1249, 18]"
5378,"[18, 807, 443, 44, 1708]"
5379,"[1607, 886, 1608, 1894, 1517]"
5380,"[1619, 891, 1894, 1567, 160]"
5381,"[1567, 1491, 18, 1742, 807]"
5382,"[114, 1618, 18, 1567, 606]"
5383,"[807, 1267, 1573, 1574, 1611]"
5384,"[1608, 18, 114, 1896, 1900]"
5385,"[1525, 845, 18, 403, 1567]"
5386,"[1491, 1655, 544, 860, 1197]"
5387,"[1804, 1801, 1799, 1802, 1798]"
5388,"[1491, 1412, 1507, 1619, 18]"
5389,"[18, 114, 512, 1491, 1472]"
5390,"[1900, 891, 1619, 414, 1508]"
5391,"[891, 1917, 1900, 1902, 108]"
5392,"[1249, 1869, 18, 1567, 807]"
5393,"[514, 655, 18, 807, 570]"
5394,"[891, 1619, 1491, 160, 1618]"
5395,"[796, 1567, 37, 16, 43]"
5396,"[660, 478, 1567, 37, 1885]"
5397,"[1491, 18, 807, 1412, 16]"
5398,"[1567, 16, 1204, 606, 18]"
5399,"[107, 114, 887, 1042, 671]"
5400,"[1723, 1894, 891, 44, 1717]"
5401,"[606, 723, 1204, 1900, 1574]"
5402,"[18, 1708, 16, 807, 1772]"
5403,"[1063, 1574, 37, 1567, 43]"
5404,"[18, 807, 1574, 1063, 687]"
5405,"[1193, 113, 927, 1914, 1897]"
5406,"[1564, 1489, 1554, 1542, 1539]"
5407,"[1586, 1618, 1538, 1556, 1533]"
5408,"[1044, 1537, 1534, 1535, 1539]"
5409,"[1534, 1586, 1538, 1615, 1556]"
5410,"[1534, 113, 1527, 1905, 1611]"
5411,"[602, 1583, 622, 1595, 1625]"
5412,"[1586, 1914, 1193, 1538, 1556]"
5413,"[413, 1537, 1044, 890, 1534]"
5414,"[1463, 95, 870, 1208, 100]"
5415,"[113, 1534, 890, 1586, 112]"
5416,"[1063, 1583, 1764, 1759, 602]"
5417,"[870, 1927, 698, 1342, 873]"
5418,"[1554, 113, 399, 1735, 890]"
5419,"[113, 1534, 1586, 1615, 1538]"
5420,"[1537, 1533, 866, 1713, 1326]"
5421,"[1063, 884, 1574, 43, 1193]"
5422,"[892, 1537, 1533, 1538, 749]"
5423,"[1537, 1618, 1534, 1044, 1533]"
5424,"[884, 1063, 1574, 1926, 37]"
5425,"[113, 890, 112, 872, 43]"
5426,"[406, 407, 44, 43, 884]"
5427,"[1807, 413, 1453, 1451, 1452]"
5428,"[421, 1909, 89, 752, 930]"
5429,"[1032, 1525, 1567, 1588, 43]"
5430,"[1610, 406, 1936, 425, 1573]"
5431,"[1907, 1534, 1909, 171, 1677]"
5432,"[1567, 807, 16, 18, 501]"
5433,"[1618, 1548, 1617, 927, 884]"
5434,"[1548, 1936, 425, 406, 407]"
5435,"[1548, 1912, 1772, 18, 807]"
5436,"[406, 407, 1861, 1772, 18]"
5437,"[403, 18, 1723, 1500, 1457]"
5438,"[406, 632, 407, 54, 57]"
5439,"[1666, 1489, 1193, 18, 407]"
5440,"[1936, 1935, 1548, 1304, 1527]"
5441,"[807, 18, 16, 403, 662]"
5442,"[1267, 1708, 16, 44, 18]"
5443,"[1900, 160, 1893, 425, 1006]"
5444,"[1733, 1588, 1564, 1573, 1544]"
5445,"[160, 930, 1890, 1548, 89]"
5446,"[1723, 406, 407, 807, 1567]"
5447,"[1032, 1516, 1006, 1772, 111]"
5448,"[403, 18, 1574, 1679, 1882]"
5449,"[1915, 425, 1567, 1574, 18]"
5450,"[425, 1249, 884, 43, 807]"
5451,"[54, 57, 58, 884, 1249]"
5452,"[1548, 43, 44, 1191, 884]"
5453,"[1890, 1548, 160, 89, 406]"
5454,"[1548, 1619, 1617, 406, 407]"
5455,"[1032, 425, 1588, 1548, 160]"
5456,"[160, 1900, 406, 407, 1548]"
5457,"[1548, 18, 1679, 807, 1574]"
5458,"[1617, 1603, 1197, 1548, 1619]"
5459,"[1900, 1032, 1006, 1772, 1679]"
5460,"[927, 1929, 1592, 807, 1573]"
5461,"[611, 160, 807, 531, 655]"
5462,"[18, 1603, 807, 1573, 44]"
5463,"[687, 406, 407, 1548, 688]"
5464,"[406, 407, 1543, 1552, 1520]"
5465,"[478, 1548, 1561, 1562, 1489]"
5466,"[1618, 1548, 1617, 927, 884]"
5467,"[412, 1204, 1575, 1893, 18]"
5468,"[1610, 1548, 884, 1249, 1522]"
5469,"[406, 407, 1534, 419, 1666]"
5470,"[598, 596, 1424, 902, 496]"
5471,"[1904, 1562, 289, 1921, 1531]"
5472,"[1193, 1567, 421, 1894, 43]"
5473,"[1904, 289, 1191, 1531, 1562]"
5474,"[114, 1066, 1585, 43, 1589]"
5475,"[1904, 289, 1724, 1531, 1191]"
5476,"[1889, 1193, 1904, 1067, 1907]"
5477,"[116, 1032, 1534, 419, 43]"
5478,"[1904, 289, 1562, 1531, 1890]"
5479,"[1904, 289, 1724, 1531, 1562]"
5480,"[1567, 1907, 37, 1191, 544]"
5481,"[1567, 114, 1192, 1907, 1896]"
5482,"[289, 1032, 1534, 496, 1562]"
5483,"[1249, 1574, 687, 807, 18]"
5484,"[1889, 1618, 1567, 1897, 1907]"
5485,"[1904, 1532, 860, 687, 1249]"
5486,"[1562, 1032, 1191, 1542, 1904]"
5487,"[1904, 289, 1191, 1531, 1562]"
5488,"[289, 1531, 1068, 1032, 1589]"
5489,"[1562, 1567, 796, 18, 403]"
5490,"[1904, 1562, 289, 1531, 1191]"
5491,"[109, 677, 1601, 692, 1610]"
5492,"[1904, 289, 1531, 1562, 1589]"
5493,"[1904, 289, 1531, 1589, 1532]"
5494,"[1904, 289, 1921, 1589, 1531]"
5495,"[1889, 446, 1072, 113, 1902]"
5496,"[1904, 289, 1531, 1562, 1191]"
5497,"[1567, 1913, 1191, 37, 1805]"
5498,"[1904, 289, 1531, 1191, 124]"
5499,"[692, 1193, 677, 1567, 1894]"
5500,"[1904, 289, 1921, 1907, 1066]"
5501,"[1904, 1562, 289, 1191, 1890]"
5502,"[289, 116, 1531, 1032, 113]"
5503,"[289, 1531, 1562, 1068, 1032]"
5504,"[1904, 1424, 1191, 1532, 1562]"
5505,"[1567, 403, 18, 54, 57]"
5506,"[1904, 289, 1191, 1424, 1532]"
5507,"[1904, 1191, 124, 1531, 1532]"
5508,"[18, 16, 807, 1772, 471]"
5509,"[1722, 1639, 17, 1276, 1934]"
5510,"[1567, 677, 1316, 37, 1192]"
5511,"[1904, 289, 1531, 1921, 1068]"
5512,"[1567, 18, 403, 54, 57]"
5513,"[1904, 1424, 1889, 1532, 1589]"
5514,"[1900, 443, 1560, 403, 1543]"
5515,"[749, 649, 593, 18, 1861]"
5516,"[1828, 1848, 1805, 1511, 1509]"
5517,"[1019, 1608, 1607, 1896, 884]"
5518,"[18, 44, 48, 807, 16]"
5519,"[1900, 1567, 1574, 606, 1679]"
5520,"[1019, 891, 1723, 1249, 1560]"
5521,"[798, 1574, 807, 18, 649]"
5522,"[1900, 1574, 18, 723, 1249]"
5523,"[1019, 1608, 1607, 1896, 1517]"
5524,"[1863, 1299, 1915, 1819, 1815]"
5525,"[1575, 242, 1861, 592, 18]"
5526,"[95, 18, 500, 502, 1457]"
5527,"[1607, 1517, 1896, 18, 1724]"
5528,"[1575, 242, 1861, 1567, 807]"
5529,"[18, 884, 16, 1204, 807]"
5530,"[1861, 1863, 611, 1846, 18]"
5531,"[446, 18, 1574, 807, 649]"
5532,"[111, 468, 403, 892, 1679]"
5533,"[1567, 44, 16, 18, 1708]"
5534,"[446, 425, 1197, 18, 1574]"
5535,"[1457, 501, 807, 1267, 1404]"
5536,"[1915, 1561, 1863, 18, 374]"
5537,"[17, 1666, 884, 18, 853]"
5538,"[930, 18, 1679, 1574, 807]"
5539,"[18, 884, 807, 1204, 798]"
5540,"[1575, 242, 1772, 1560, 1567]"
5541,"[18, 1574, 740, 1567, 807]"
5542,"[1608, 1607, 1896, 1517, 1019]"
5543,"[1193, 1894, 1885, 886, 425]"
5544,"[443, 884, 1679, 661, 1567]"
5545,"[1019, 505, 620, 470, 1725]"
5546,"[18, 1472, 1363, 505, 1502]"
5547,"[1915, 425, 1861, 1567, 37]"
5548,"[18, 1679, 1574, 44, 43]"
5549,"[501, 403, 1404, 531, 573]"
5550,"[18, 1772, 16, 1567, 649]"
5551,"[632, 884, 18, 1320, 1772]"
5552,"[1844, 1851, 1850, 592, 577]"
5553,"[1618, 1567, 1855, 1861, 425]"
5554,"[1721, 891, 18, 593, 606]"
5555,"[807, 665, 649, 1573, 1574]"
5556,"[1861, 1855, 1863, 1915, 1530]"
5557,"[1697, 1698, 366, 609, 1696]"
5558,"[1063, 1574, 426, 1898, 88]"
5559,"[65, 723, 688, 257, 1193]"
5560,"[1193, 1567, 927, 1574, 37]"
5561,"[1574, 1063, 426, 1898, 88]"
5562,"[1613, 1193, 1587, 1194, 1627]"
5563,"[113, 1897, 1922, 1193, 1587]"
5564,"[1567, 37, 1708, 18, 16]"
5565,"[95, 807, 443, 44, 18]"
5566,"[1574, 1193, 1063, 1583, 1567]"
5567,"[43, 927, 884, 1587, 1586]"
5568,"[1587, 43, 1588, 1627, 1905]"
5569,"[43, 1587, 1627, 1905, 892]"
5570,"[872, 1204, 784, 1193, 892]"
5571,"[1907, 1567, 1892, 1897, 1922]"
5572,"[927, 43, 1587, 892, 1063]"
5573,"[1193, 43, 1666, 1897, 1922]"
5574,"[1193, 1567, 927, 500, 1574]"
5575,"[1885, 933, 446, 930, 160]"
5576,"[1587, 43, 1567, 48, 1193]"
5577,"[927, 1063, 1574, 1567, 426]"
5578,"[1193, 1613, 1666, 1194, 1587]"
5579,"[807, 527, 590, 587, 1574]"
5580,"[1574, 1193, 1063, 426, 1898]"
5581,"[1193, 1063, 1574, 426, 1898]"
5582,"[1907, 1438, 18, 807, 1437]"
5583,"[1063, 1574, 1567, 426, 1898]"
5584,"[1193, 1608, 886, 1896, 1607]"
5585,"[1193, 43, 1567, 1063, 892]"
5586,"[927, 1193, 43, 1025, 1194]"
5587,"[1063, 1574, 426, 1898, 88]"
5588,"[1204, 43, 892, 1587, 1063]"
5589,"[1193, 1587, 43, 1897, 1922]"
5590,"[43, 1587, 48, 892, 1897]"
5591,"[927, 1193, 43, 1025, 1006]"
5592,"[89, 1892, 884, 160, 37]"
5593,"[1897, 1922, 43, 1586, 1615]"
5594,"[1193, 807, 43, 892, 18]"
5595,"[1574, 1917, 426, 1898, 1718]"
5596,"[1574, 1907, 1927, 1520, 1544]"
5597,"[1193, 927, 1587, 1194, 1897]"
5598,"[1063, 426, 88, 1718, 792]"
5599,"[1063, 1574, 1193, 426, 1898]"
5600,"[1063, 1574, 426, 88, 1718]"
5601,"[1574, 1063, 18, 37, 54]"
5602,"[48, 589, 18, 37, 1567]"
5603,"[16, 48, 1713, 1701, 1554]"
5604,"[1567, 1071, 48, 1701, 103]"
5605,"[48, 1906, 1588, 1529, 1528]"
5606,"[1574, 1554, 1193, 1885, 1542]"
5607,"[106, 1899, 48, 419, 43]"
5608,"[421, 1071, 103, 1670, 1588]"
5609,"[930, 160, 1701, 171, 18]"
5610,"[1071, 113, 1160, 1907, 868]"
5611,"[48, 1713, 681, 1554, 581]"
5612,"[1924, 48, 478, 1713, 43]"
5613,"[48, 43, 44, 884, 1713]"
5614,"[1204, 48, 1713, 1554, 1905]"
5615,"[48, 446, 18, 1239, 457]"
5616,"[16, 48, 1713, 457, 1718]"
5617,"[1204, 48, 1646, 426, 1898]"
5618,"[18, 1573, 807, 16, 606]"
5619,"[48, 18, 1713, 457, 807]"
5620,"[1193, 48, 1160, 417, 293]"
5621,"[18, 48, 114, 1472, 606]"
5622,"[48, 446, 417, 1160, 1701]"
5623,"[48, 1713, 114, 1666, 18]"
5624,"[1627, 16, 1905, 1527, 1554]"
5625,"[48, 403, 18, 480, 807]"
5626,"[48, 1713, 18, 1708, 1567]"
5627,"[1579, 18, 1573, 1907, 1561]"
5628,"[1934, 18, 48, 1457, 522]"
5629,"[1204, 606, 1567, 807, 18]"
5630,"[18, 807, 1772, 41, 31]"
5631,"[48, 1701, 1713, 457, 88]"
5632,"[892, 48, 49, 1898, 457]"
5633,"[48, 892, 1713, 1701, 581]"
5634,"[48, 1713, 18, 1708, 1567]"
5635,"[48, 1588, 1529, 1528, 1193]"
5636,"[687, 1885, 500, 1193, 1713]"
5637,"[18, 48, 403, 1573, 807]"
5638,"[48, 18, 807, 1204, 446]"
5639,"[1588, 1529, 48, 1906, 1528]"
5640,"[478, 1193, 1924, 1885, 1915]"
5641,"[480, 1272, 18, 48, 807]"
5642,"[48, 927, 18, 1713, 807]"
5643,"[1937, 460, 48, 1713, 457]"
5644,"[1588, 1529, 1906, 1916, 1528]"
5645,"[171, 48, 1320, 1701, 1567]"
5646,"[1193, 1587, 1588, 1897, 1922]"
5647,"[1586, 1193, 1909, 1538, 1556]"
5648,"[18, 1897, 1922, 113, 1534]"
5649,"[1907, 1627, 1905, 927, 1527]"
5650,"[606, 17, 44, 109, 18]"
5651,"[113, 884, 1534, 1193, 160]"
5652,"[113, 43, 1249, 884, 1567]"
5653,"[1574, 446, 1520, 1544, 1239]"
5654,"[1249, 16, 160, 527, 1567]"
5655,"[1901, 1193, 37, 1574, 1287]"
5656,"[1438, 1193, 1287, 1772, 1700]"
5657,"[828, 1897, 1922, 1570, 1526]"
5658,"[48, 1916, 1907, 1071, 1160]"
5659,"[1574, 1063, 426, 1898, 88]"
5660,"[1907, 1193, 1574, 1901, 1909]"
5661,"[48, 18, 807, 723, 1772]"
5662,"[1193, 1025, 1026, 1034, 1029]"
5663,"[1897, 1922, 48, 43, 1588]"
5664,"[1574, 785, 1193, 1583, 1063]"
5665,"[927, 1897, 1922, 933, 930]"
5666,"[927, 1567, 1902, 37, 18]"
5667,"[606, 807, 749, 598, 1574]"
5668,"[1897, 1922, 43, 1588, 113]"
5669,"[1567, 43, 1907, 606, 892]"
5670,"[807, 1861, 1855, 1574, 1573]"
5671,"[1861, 1574, 160, 425, 1520]"
5672,"[113, 1897, 1922, 1193, 1618]"
5673,"[1846, 1861, 1855, 1618, 171]"
5674,"[1897, 1922, 1287, 160, 884]"
5675,"[1919, 1737, 1362, 403, 613]"
5676,"[1567, 37, 1574, 1885, 661]"
5677,"[1204, 807, 18, 1567, 1855]"
5678,"[403, 468, 1679, 1575, 1772]"
5679,"[665, 749, 628, 1320, 403]"
5680,"[1742, 1564, 1489, 1542, 1525]"
5681,"[1320, 1567, 1742, 1679, 403]"
5682,"[1320, 420, 1888, 1778, 1197]"
5683,"[1197, 403, 420, 1902, 1888]"
5684,"[884, 1517, 1197, 1574, 1320]"
5685,"[336, 723, 1902, 807, 420]"
5686,"[1541, 1197, 1553, 1628, 1887]"
5687,"[73, 807, 1772, 18, 798]"
5688,"[1320, 749, 602, 531, 98]"
5689,"[420, 1559, 1516, 1197, 1524]"
5690,"[420, 1313, 97, 96, 98]"
5691,"[73, 1320, 1197, 1574, 37]"
5692,"[1115, 628, 403, 1320, 794]"
5693,"[73, 18, 468, 807, 1717]"
5694,"[97, 96, 98, 1885, 1197]"
5695,"[102, 1541, 793, 1201, 1700]"
5696,"[18, 1708, 807, 595, 16]"
5697,"[1887, 102, 1646, 1197, 97]"
5698,"[1564, 1489, 1554, 1542, 1541]"
5699,"[1320, 18, 807, 43, 1717]"
5700,"[606, 1564, 1542, 1320, 403]"
5701,"[1320, 403, 1772, 18, 749]"
5702,"[37, 1574, 18, 667, 1320]"
5703,"[933, 43, 403, 18, 807]"
5704,"[1201, 749, 665, 1670, 772]"
5705,"[73, 807, 18, 1772, 798]"
5706,"[1805, 1474, 1506, 1301, 1882]"
5707,"[868, 403, 1320, 18, 807]"
5708,"[1700, 124, 1320, 403, 18]"
5709,"[1320, 420, 1778, 1063, 1888]"
5710,"[1320, 1197, 1670, 160, 665]"
5711,"[606, 1567, 18, 1679, 1320]"
5712,"[807, 1708, 18, 16, 1679]"
5713,"[1320, 420, 723, 1888, 1778]"
5714,"[1320, 1717, 468, 403, 1197]"
5715,"[848, 1246, 807, 1574, 1204]"
5716,"[640, 468, 1717, 861, 1567]"
5717,"[73, 48, 1574, 1701, 1778]"
5718,"[73, 807, 18, 1717, 471]"
5719,"[1742, 606, 1534, 1564, 1554]"
5720,"[501, 1404, 1574, 1457, 1679]"
5721,"[1742, 1320, 403, 1778, 48]"
5722,"[1193, 1909, 421, 1547, 1559]"
5723,"[1586, 1006, 1713, 1070, 1615]"
5724,"[425, 1885, 43, 1574, 1249]"
5725,"[1495, 1500, 570, 1509, 1508]"
5726,"[1193, 1040, 1029, 1043, 1202]"
5727,"[1909, 1029, 1696, 1167, 1923]"
5728,"[1025, 160, 169, 159, 937]"
5729,"[1193, 1026, 163, 159, 937]"
5730,"[1193, 1586, 1040, 1909, 1524]"
5731,"[1006, 1554, 1523, 1556, 1538]"
5732,"[1029, 1909, 105, 1041, 159]"
5733,"[169, 1025, 921, 156, 1672]"
5734,"[1193, 1026, 1029, 1025, 1043]"
5735,"[1006, 1041, 43, 1586, 1554]"
5736,"[1193, 159, 937, 163, 1043]"
5737,"[884, 1249, 606, 661, 807]"
5738,"[1193, 425, 1909, 421, 1586]"
5739,"[1885, 1193, 425, 43, 1574]"
5740,"[1193, 1909, 1029, 1026, 1202]"
5741,"[425, 112, 890, 353, 160]"
5742,"[927, 446, 1863, 606, 1249]"
5743,"[1025, 937, 159, 1672, 921]"
5744,"[1586, 1615, 1193, 1040, 1556]"
5745,"[1040, 1026, 1029, 480, 1909]"
5746,"[1733, 1026, 161, 169, 1672]"
5747,"[1193, 1040, 885, 1574, 425]"
5748,"[1193, 1202, 1043, 410, 159]"
5749,"[1193, 1029, 1043, 163, 159]"
5750,"[425, 453, 1586, 1549, 1538]"
5751,"[1438, 1915, 1772, 1026, 405]"
5752,"[160, 18, 1574, 1846, 1855]"
5753,"[1193, 1040, 1041, 1026, 1029]"
5754,"[1070, 421, 112, 1586, 1193]"
5755,"[1670, 1193, 159, 937, 1029]"
5756,"[1193, 1909, 1586, 1029, 1040]"
5757,"[681, 1697, 1574, 691, 1249]"
5758,"[1567, 114, 16, 1586, 698]"
5759,"[1915, 1574, 1567, 37, 18]"
5760,"[903, 735, 935, 1670, 156]"
5761,"[410, 1202, 1193, 1885, 1916]"
5762,"[903, 1026, 403, 1666, 18]"
5763,"[452, 403, 359, 1666, 1026]"
5764,"[1079, 1590, 1449, 1054, 824]"
5765,"[1666, 1030, 1885, 1882, 37]"
5766,"[1042, 1915, 1026, 903, 1299]"
5767,"[903, 1043, 160, 1574, 1193]"
5768,"[1042, 1030, 1590, 1053, 258]"
5769,"[1193, 1666, 1592, 425, 1591]"
5770,"[1193, 1025, 1603, 419, 1666]"
5771,"[1193, 885, 900, 258, 470]"
5772,"[1193, 1909, 921, 1025, 159]"
5773,"[446, 990, 927, 1666, 903]"
5774,"[1449, 1079, 823, 1590, 837]"
5775,"[903, 543, 1079, 1038, 1449]"
5776,"[824, 1636, 1249, 606, 1691]"
5777,"[903, 1723, 1574, 606, 403]"
5778,"[1193, 1666, 1054, 1915, 885]"
5779,"[1915, 903, 1249, 1508, 1509]"
5780,"[1666, 1915, 807, 1495, 1574]"
5781,"[1666, 738, 1906, 1054, 1574]"
5782,"[885, 903, 1590, 1666, 258]"
5783,"[446, 402, 1099, 437, 1102]"
5784,"[408, 1915, 1193, 160, 1574]"
5785,"[403, 18, 807, 1138, 1249]"
5786,"[606, 1573, 807, 1567, 160]"
5787,"[1574, 1193, 823, 728, 1049]"
5788,"[1666, 1915, 403, 18, 1574]"
5789,"[1666, 927, 1004, 1855, 1846]"
5790,"[1588, 1032, 1529, 1592, 1926]"
5791,"[903, 403, 16, 1567, 1574]"
5792,"[1680, 1633, 1006, 991, 1682]"
5793,"[872, 723, 522, 807, 1900]"
5794,"[1042, 160, 1592, 1929, 1680]"
5795,"[884, 443, 1500, 480, 807]"
5796,"[1618, 1915, 1929, 1592, 1043]"
5797,"[1915, 1438, 1249, 54, 57]"
5798,"[927, 1934, 1721, 403, 18]"
5799,"[885, 1915, 927, 1680, 1052]"
5800,"[667, 807, 884, 18, 1249]"
5801,"[1404, 1457, 561, 1449, 1403]"
5802,"[1207, 1680, 1933, 721, 1154]"
5803,"[847, 1666, 722, 1592, 1680]"
5804,"[1193, 807, 1043, 1588, 18]"
5805,"[807, 18, 1573, 1574, 1666]"
5806,"[114, 1344, 1915, 885, 1917]"
5807,"[18, 807, 1573, 1679, 1574]"
5808,"[18, 807, 1573, 1574, 48]"
5809,"[1677, 927, 1929, 1249, 723]"
5810,"[807, 18, 1573, 1574, 1882]"
5811,"[1915, 1042, 721, 1700, 1929]"
5812,"[1592, 1193, 1929, 18, 1680]"
5813,"[1680, 1590, 258, 1573, 1488]"
5814,"[1666, 1680, 1207, 1154, 1038]"
5815,"[1592, 408, 1929, 420, 69]"
5816,"[1666, 823, 1054, 18, 1590]"
5817,"[807, 1917, 1592, 1574, 1404]"
5818,"[1193, 1680, 1809, 1043, 1666]"
5819,"[443, 18, 403, 16, 1708]"
5820,"[1897, 1922, 43, 1900, 480]"
5821,"[1915, 18, 1006, 1574, 54]"
5822,"[1917, 1930, 1585, 278, 273]"
5823,"[1204, 1900, 892, 1934, 322]"
5824,"[807, 18, 16, 1573, 1900]"
5825,"[1060, 1930, 419, 1917, 1030]"
5826,"[1592, 1590, 1591, 197, 1929]"
5827,"[114, 1915, 1344, 18, 1574]"
5828,"[1772, 43, 1063, 1006, 16]"
5829,"[1680, 1723, 687, 1564, 1543]"
5830,"[796, 1567, 1929, 18, 1193]"
5831,"[1680, 1154, 1038, 1591, 543]"
5832,"[1680, 1666, 1207, 1154, 1038]"
5833,"[885, 1915, 18, 807, 903]"
5834,"[1193, 1680, 1049, 1043, 1592]"
5835,"[403, 108, 1567, 1900, 18]"
5836,"[1863, 1733, 1861, 632, 18]"
5837,"[18, 1567, 54, 57, 58]"
5838,"[1618, 1193, 1909, 1620, 620]"
5839,"[1276, 926, 1557, 1617, 1125]"
5840,"[601, 1473, 406, 407, 501]"
5841,"[1191, 1588, 1529, 1528, 1564]"
5842,"[1846, 531, 593, 501, 1855]"
5843,"[1249, 900, 258, 1344, 723]"
5844,"[1193, 1620, 1618, 1520, 1907]"
5845,"[1193, 1588, 1906, 1529, 1528]"
5846,"[1193, 1909, 425, 1620, 1520]"
5847,"[1457, 501, 1906, 403, 1404]"
5848,"[1909, 1193, 1666, 886, 1030]"
5849,"[796, 1043, 1526, 936, 1527]"
5850,"[341, 1936, 723, 885, 1934]"
5851,"[1618, 1193, 1620, 37, 1567]"
5852,"[1588, 1529, 1906, 1916, 1528]"
5853,"[1936, 1618, 1885, 1567, 1193]"
5854,"[501, 1602, 1666, 555, 1249]"
5855,"[885, 1915, 1193, 1906, 620]"
5856,"[1193, 1916, 1588, 927, 1909]"
5857,"[954, 1590, 1592, 885, 1666]"
5858,"[1588, 1916, 1915, 1619, 1861]"
5859,"[1917, 408, 1193, 1666, 1584]"
5860,"[1193, 1620, 1029, 425, 1520]"
5861,"[1193, 927, 537, 1861, 1915]"
5862,"[1906, 1588, 1528, 1618, 1619]"
5863,"[824, 1936, 446, 79, 723]"
5864,"[1193, 1915, 1029, 1037, 1588]"
5865,"[900, 1193, 926, 1906, 1528]"
5866,"[1906, 1528, 1928, 1529, 1588]"
5867,"[1193, 1885, 1916, 901, 1620]"
5868,"[1936, 1906, 1619, 1618, 884]"
5869,"[1193, 1909, 1567, 425, 1608]"
5870,"[1193, 1588, 1906, 1529, 1554]"
5871,"[1906, 1473, 1588, 1249, 1528]"
5872,"[926, 1618, 1249, 1557, 903]"
5873,"[18, 655, 807, 1573, 1574]"
5874,"[1618, 1193, 1620, 735, 425]"
5875,"[1618, 735, 1193, 1249, 1567]"
5876,"[901, 1906, 1528, 1588, 1529]"
5877,"[1885, 1906, 1304, 258, 501]"
5878,"[1666, 406, 407, 1620, 425]"
5879,"[1063, 18, 54, 57, 58]"
5880,"[1638, 534, 1584, 1006, 1666]"
5881,"[1613, 257, 730, 1033, 1530]"
5882,"[1063, 1567, 1574, 37, 43]"
5883,"[731, 1584, 730, 534, 1006]"
5884,"[892, 927, 868, 1567, 1063]"
5885,"[1193, 927, 1917, 1039, 1033]"
5886,"[1666, 406, 407, 160, 1649]"
5887,"[54, 57, 58, 1063, 18]"
5888,"[1006, 257, 1517, 886, 1039]"
5889,"[1193, 1204, 1574, 18, 927]"
5890,"[1193, 927, 1194, 860, 1587]"
5891,"[1567, 807, 1708, 1063, 606]"
5892,"[606, 1679, 1567, 160, 18]"
5893,"[730, 1930, 927, 731, 1006]"
5894,"[927, 730, 1054, 739, 930]"
5895,"[691, 54, 57, 58, 18]"
5896,"[927, 1193, 1587, 43, 807]"
5897,"[1338, 1574, 426, 457, 88]"
5898,"[43, 1587, 54, 57, 58]"
5899,"[1193, 886, 406, 407, 425]"
5900,"[927, 1193, 1567, 1194, 1587]"
5901,"[54, 57, 58, 1567, 1063]"
5902,"[1587, 43, 927, 892, 1063]"
5903,"[930, 160, 1679, 1567, 807]"
5904,"[927, 1193, 933, 1033, 1666]"
5905,"[406, 407, 419, 1666, 1548]"
5906,"[1338, 927, 1917, 1006, 1063]"
5907,"[1457, 43, 1063, 927, 892]"
5908,"[1574, 1063, 54, 57, 58]"
5909,"[1917, 730, 534, 1050, 408]"
5910,"[1193, 927, 43, 1033, 1587]"
5911,"[927, 604, 18, 43, 1574]"
5912,"[1039, 1630, 604, 1006, 1428]"
5913,"[886, 730, 1006, 1428, 37]"
5914,"[1193, 927, 534, 1587, 1025]"
5915,"[886, 1193, 419, 537, 1666]"
5916,"[1193, 419, 406, 407, 1620]"
5917,"[18, 1006, 1567, 1574, 1063]"
5918,"[1666, 54, 57, 58, 160]"
5919,"[1193, 927, 1025, 1033, 921]"
5920,"[1193, 927, 43, 892, 1587]"
5921,"[933, 1809, 261, 930, 1003]"
5922,"[1063, 927, 1249, 1587, 16]"
5923,"[1016, 730, 350, 731, 1630]"
5924,"[1197, 1885, 403, 18, 807]"
5925,"[1917, 1902, 18, 1567, 1882]"
5926,"[18, 807, 1204, 16, 796]"
5927,"[1917, 807, 1748, 632, 17]"
5928,"[659, 807, 18, 1772, 606]"
5929,"[723, 91, 728, 443, 1428]"
5930,"[445, 691, 446, 649, 54]"
5931,"[1054, 1680, 18, 796, 543]"
5932,"[1917, 1630, 18, 1574, 807]"
5933,"[927, 1915, 1666, 18, 807]"
5934,"[884, 1567, 18, 443, 16]"
5935,"[1054, 1042, 1193, 1344, 1133]"
5936,"[903, 18, 1560, 54, 57]"
5937,"[1561, 1552, 1564, 403, 1542]"
5938,"[723, 1900, 374, 403, 1197]"
5939,"[1929, 1567, 16, 807, 1574]"
5940,"[54, 58, 57, 18, 1915]"
5941,"[1915, 18, 1680, 1574, 807]"
5942,"[1449, 784, 543, 606, 1591]"
5943,"[1915, 408, 1902, 1917, 1054]"
5944,"[1915, 1193, 1042, 114, 1552]"
5945,"[1193, 1042, 1025, 921, 1620]"
5946,"[1193, 1909, 1620, 1885, 1520]"
5947,"[659, 807, 18, 16, 1573]"
5948,"[1591, 1006, 1574, 403, 1666]"
5949,"[1900, 635, 723, 1723, 160]"
5950,"[51, 847, 1193, 606, 403]"
5951,"[1680, 1193, 1042, 1592, 1590]"
5952,"[1193, 16, 18, 807, 606]"
5953,"[1054, 1917, 1915, 723, 1574]"
5954,"[1902, 1900, 1917, 1543, 1552]"
5955,"[927, 1915, 1929, 1592, 419]"
5956,"[114, 1917, 1193, 723, 1900]"
5957,"[593, 597, 599, 595, 1567]"
5958,"[1915, 1567, 1193, 606, 1249]"
5959,"[1900, 114, 408, 1561, 1902]"
5960,"[419, 406, 407, 659, 1043]"
5961,"[1042, 1900, 395, 388, 327]"
5962,"[1063, 593, 1772, 16, 597]"
5963,"[927, 728, 1885, 1916, 1592]"
5964,"[1915, 1054, 501, 1404, 807]"
5965,"[655, 336, 807, 1573, 18]"
5966,"[1915, 478, 1900, 1574, 18]"
5967,"[1900, 1902, 1561, 114, 1917]"
5968,"[1592, 1929, 1488, 891, 1193]"
5969,"[380, 1929, 1592, 1344, 1488]"
5970,"[1929, 1592, 927, 1666, 723]"
5971,"[1488, 197, 1054, 1592, 1929]"
5972,"[18, 1544, 1611, 807, 403]"
5973,"[54, 57, 58, 544, 18]"
5974,"[796, 1592, 1929, 1043, 54]"
5975,"[1592, 544, 891, 796, 54]"
5976,"[1608, 886, 1517, 1666, 1042]"
5977,"[544, 1666, 891, 1574, 480]"
5978,"[1592, 1063, 1723, 1567, 796]"
5979,"[1929, 1592, 1590, 1931, 1666]"
5980,"[1608, 1929, 1607, 886, 1517]"
5981,"[54, 57, 58, 1592, 1680]"
5982,"[1929, 1608, 1592, 891, 1666]"
5983,"[1193, 1592, 1567, 891, 1063]"
5984,"[1929, 1592, 544, 1723, 891]"
5985,"[1592, 1929, 1591, 480, 1723]"
5986,"[1592, 54, 57, 58, 796]"
5987,"[261, 233, 234, 235, 238]"
5988,"[54, 57, 58, 1567, 18]"
5989,"[1666, 731, 242, 1316, 1574]"
5990,"[18, 807, 1204, 1567, 1679]"
5991,"[823, 1666, 1611, 18, 807]"
5992,"[1929, 1592, 1608, 886, 1680]"
5993,"[1592, 1666, 18, 796, 1574]"
5994,"[1567, 807, 1411, 1708, 501]"
5995,"[1592, 891, 1666, 54, 57]"
5996,"[1592, 1574, 88, 1718, 792]"
5997,"[886, 1193, 1680, 1929, 1592]"
5998,"[891, 480, 54, 57, 58]"
5999,"[1542, 1567, 16, 807, 1573]"
6000,"[1929, 1592, 1666, 1723, 1680]"
6001,"[1929, 1592, 54, 57, 58]"
6002,"[1592, 1723, 54, 57, 58]"
6003,"[1896, 18, 401, 336, 807]"
6004,"[1608, 480, 1723, 1026, 403]"
6005,"[1929, 1592, 1666, 796, 1900]"
6006,"[1207, 1592, 1680, 721, 1933]"
6007,"[1929, 1592, 1249, 43, 687]"
6008,"[1592, 891, 1929, 886, 478]"
6009,"[1042, 1488, 886, 1608, 1590]"
6010,"[1929, 1592, 886, 1193, 1608]"
6011,"[1929, 1592, 480, 18, 1900]"
6012,"[403, 1855, 933, 261, 1809]"
6013,"[261, 266, 267, 233, 234]"
6014,"[886, 1193, 1809, 1894, 421]"
6015,"[408, 54, 57, 58, 807]"
6016,"[1055, 1052, 1049, 255, 446]"
6017,"[886, 403, 1006, 1666, 1809]"
6018,"[886, 1055, 1630, 1006, 1053]"
6019,"[1630, 558, 550, 534, 1236]"
6020,"[1055, 1049, 1047, 1052, 222]"
6021,"[1809, 1193, 933, 936, 1025]"
6022,"[18, 807, 1457, 1573, 1574]"
6023,"[1053, 933, 1055, 1809, 930]"
6024,"[1809, 1053, 1193, 933, 927]"
6025,"[1055, 1630, 1666, 52, 933]"
6026,"[261, 218, 266, 267, 233]"
6027,"[982, 1049, 1052, 211, 213]"
6028,"[282, 66, 84, 1500, 1933]"
6029,"[886, 1193, 1809, 1055, 1025]"
6030,"[261, 222, 218, 233, 234]"
6031,"[1055, 1911, 1052, 980, 982]"
6032,"[1809, 1193, 1351, 1053, 933]"
6033,"[720, 1153, 194, 1055, 1917]"
6034,"[1193, 1809, 403, 18, 1055]"
6035,"[1052, 1630, 1680, 71, 1666]"
6036,"[1047, 403, 1358, 1486, 548]"
6037,"[1193, 1055, 927, 1809, 1025]"
6038,"[261, 218, 233, 234, 235]"
6039,"[1055, 933, 925, 1025, 1193]"
6040,"[927, 43, 1055, 933, 1193]"
6041,"[1055, 1630, 927, 930, 933]"
6042,"[403, 1055, 1809, 1520, 927]"
6043,"[403, 1809, 933, 66, 1603]"
6044,"[18, 807, 1855, 1691, 403]"
6045,"[1338, 1917, 1584, 1047, 359]"
6046,"[261, 266, 267, 233, 234]"
6047,"[1055, 1630, 933, 1666, 403]"
6048,"[1809, 1053, 1193, 933, 930]"
6049,"[223, 260, 263, 1075, 533]"
6050,"[1666, 1574, 43, 18, 606]"
6051,"[224, 261, 259, 266, 267]"
6052,"[933, 1055, 930, 1809, 1855]"
6053,"[403, 1917, 1809, 1630, 1574]"
6054,"[886, 1193, 1809, 421, 1025]"
6055,"[1917, 403, 359, 1006, 1666]"
6056,"[1042, 1809, 403, 1026, 886]"
6057,"[593, 1574, 903, 1666, 796]"
6058,"[1917, 903, 1574, 853, 66]"
6059,"[403, 1249, 903, 1772, 1861]"
6060,"[1037, 1052, 728, 885, 1666]"
6061,"[903, 1590, 1079, 543, 885]"
6062,"[403, 1666, 18, 933, 1574]"
6063,"[1861, 1855, 1846, 236, 237]"
6064,"[1915, 1030, 1906, 900, 1618]"
6065,"[1863, 1666, 1193, 160, 1846]"
6066,"[1193, 1909, 543, 903, 886]"
6067,"[1026, 1193, 1885, 606, 1666]"
6068,"[1666, 1846, 1495, 927, 784]"
6069,"[1666, 1495, 1846, 784, 927]"
6070,"[1193, 885, 1909, 1555, 1618]"
6071,"[903, 1026, 930, 1049, 1666]"
6072,"[1003, 236, 232, 237, 1861]"
6073,"[927, 1054, 735, 1666, 1193]"
6074,"[403, 1666, 903, 18, 1574]"
6075,"[927, 1915, 903, 501, 1457]"
6076,"[1193, 1054, 1026, 903, 1349]"
6077,"[1193, 1909, 620, 470, 1520]"
6078,"[1193, 1909, 1026, 903, 1029]"
6079,"[903, 1590, 1079, 543, 885]"
6080,"[1030, 1916, 1193, 1909, 1041]"
6081,"[886, 1809, 1053, 1193, 1042]"
6082,"[1861, 1003, 232, 236, 237]"
6083,"[1915, 1666, 884, 1930, 1079]"
6084,"[1054, 723, 1666, 1500, 1885]"
6085,"[1591, 160, 903, 1004, 237]"
6086,"[1054, 606, 1249, 1193, 723]"
6087,"[886, 1809, 1053, 1193, 1042]"
6088,"[1882, 1805, 687, 1249, 884]"
6089,"[258, 1304, 321, 43, 1063]"
6090,"[1562, 708, 258, 687, 43]"
6091,"[1542, 1554, 1564, 1489, 606]"
6092,"[258, 321, 1926, 1193, 1489]"
6093,"[1924, 478, 1249, 1304, 16]"
6094,"[687, 662, 807, 1574, 18]"
6095,"[258, 1926, 321, 697, 112]"
6096,"[884, 110, 18, 501, 1404]"
6097,"[258, 1299, 927, 1202, 425]"
6098,"[1924, 258, 478, 321, 1304]"
6099,"[1442, 1591, 1928, 1567, 403]"
6100,"[1249, 900, 1926, 258, 111]"
6101,"[258, 1900, 1902, 1916, 1249]"
6102,"[1924, 1677, 1573, 18, 1249]"
6103,"[44, 632, 649, 1573, 43]"
6104,"[258, 1902, 1900, 1656, 1562]"
6105,"[927, 1193, 1249, 1574, 807]"
6106,"[258, 1934, 1926, 321, 1193]"
6107,"[1900, 18, 1543, 54, 57]"
6108,"[258, 110, 1639, 43, 1641]"
6109,"[258, 1900, 1850, 1851, 1838]"
6110,"[692, 1249, 807, 691, 1457]"
6111,"[1304, 807, 1869, 18, 1249]"
6112,"[618, 443, 403, 18, 1708]"
6113,"[258, 321, 659, 679, 697]"
6114,"[691, 54, 57, 58, 18]"
6115,"[687, 688, 1926, 655, 676]"
6116,"[807, 18, 1204, 662, 1573]"
6117,"[1249, 1596, 1585, 1583, 1624]"
6118,"[1272, 79, 610, 1271, 442]"
6119,"[807, 1573, 18, 1204, 691]"
6120,"[1063, 44, 1249, 807, 16]"
6121,"[18, 807, 798, 1574, 1679]"
6122,"[1249, 665, 927, 1778, 533]"
6123,"[114, 884, 1929, 535, 407]"
6124,"[884, 443, 18, 1679, 403]"
6125,"[1562, 708, 1884, 258, 1599]"
6126,"[18, 401, 684, 1544, 1717]"
6127,"[321, 1129, 18, 1639, 116]"
6128,"[1064, 1615, 884, 1586, 1544]"
6129,"[18, 1679, 403, 1573, 1574]"
6130,"[1204, 1193, 1902, 114, 807]"
6131,"[258, 1063, 43, 807, 18]"
6132,"[111, 1063, 1249, 1596, 1585]"
6133,"[1541, 1564, 1489, 1542, 1544]"
6134,"[807, 645, 1204, 1249, 522]"
6135,"[1902, 18, 807, 403, 1063]"
6136,"[443, 1567, 18, 16, 403]"
6137,"[111, 1063, 1517, 468, 1544]"
6138,"[658, 1541, 876, 869, 880]"
6139,"[1935, 1936, 420, 1676, 658]"
6140,"[665, 420, 18, 807, 1574]"
6141,"[1915, 1249, 531, 629, 1509]"
6142,"[1902, 403, 1567, 1772, 1677]"
6143,"[403, 16, 18, 807, 1249]"
6144,"[1197, 807, 1204, 1573, 1249]"
6145,"[1516, 1889, 665, 687, 18]"
6146,"[1617, 781, 700, 1655, 1194]"
6147,"[681, 954, 1538, 629, 1713]"
6148,"[927, 1643, 403, 1575, 807]"
6149,"[471, 1717, 1679, 16, 1708]"
6150,"[649, 43, 44, 807, 1567]"
6151,"[1320, 420, 126, 96, 794]"
6152,"[927, 807, 16, 18, 595]"
6153,"[403, 665, 1320, 468, 73]"
6154,"[1902, 126, 420, 98, 96]"
6155,"[1656, 43, 1521, 860, 46]"
6156,"[420, 96, 98, 97, 1524]"
6157,"[420, 884, 1538, 97, 96]"
6158,"[645, 648, 18, 1573, 16]"
6159,"[1902, 98, 1900, 420, 1552]"
6160,"[1197, 46, 97, 98, 96]"
6161,"[420, 1320, 403, 665, 658]"
6162,"[1934, 1275, 403, 480, 1266]"
6163,"[1861, 501, 1855, 1846, 1567]"
6164,"[927, 1863, 1249, 1861, 54]"
6165,"[1541, 658, 1073, 1628, 1700]"
6166,"[1900, 403, 443, 18, 44]"
6167,"[1063, 1191, 1249, 807, 1611]"
6168,"[114, 111, 1897, 1922, 1249]"
6169,"[420, 1863, 665, 1197, 1902]"
6170,"[1320, 420, 403, 1197, 665]"
6171,"[629, 665, 420, 1549, 96]"
6172,"[46, 1611, 468, 1249, 892]"
6173,"[1495, 1902, 1552, 1561, 1543]"
6174,"[97, 102, 96, 98, 1746]"
6175,"[1886, 472, 1249, 807, 1611]"
6176,"[1747, 863, 865, 118, 314]"
6177,"[865, 1747, 863, 1923, 314]"
6178,"[1923, 1747, 863, 865, 118]"
6179,"[444, 314, 1923, 1747, 18]"
6180,"[807, 16, 1567, 18, 1204]"
6181,"[1747, 863, 865, 118, 314]"
6182,"[1923, 1608, 1437, 1747, 863]"
6183,"[118, 892, 1898, 426, 314]"
6184,"[314, 1747, 863, 865, 1608]"
6185,"[1923, 1747, 863, 865, 314]"
6186,"[1138, 659, 749, 1717, 1709]"
6187,"[1923, 865, 863, 1747, 635]"
6188,"[1923, 863, 1747, 865, 118]"
6189,"[1923, 863, 1747, 865, 1717]"
6190,"[1747, 863, 865, 118, 1694]"
6191,"[688, 863, 659, 1900, 160]"
6192,"[1579, 1147, 18, 655, 41]"
6193,"[1434, 1507, 1249, 807, 606]"
6194,"[1923, 1747, 863, 865, 314]"
6195,"[1679, 1567, 807, 1708, 1717]"
6196,"[1747, 863, 865, 1923, 118]"
6197,"[1747, 863, 865, 1717, 1138]"
6198,"[1894, 619, 1608, 1923, 59]"
6199,"[1747, 863, 865, 314, 1138]"
6200,"[1747, 863, 865, 314, 1655]"
6201,"[1747, 863, 865, 118, 314]"
6202,"[863, 1747, 865, 1869, 314]"
6203,"[1117, 1923, 313, 1694, 864]"
6204,"[531, 593, 1855, 1772, 807]"
6205,"[1722, 1713, 1544, 688, 1143]"
6206,"[1747, 863, 865, 612, 1923]"
6207,"[865, 863, 1747, 1720, 1736]"
6208,"[1747, 865, 863, 314, 612]"
6209,"[1772, 593, 1434, 1063, 531]"
6210,"[1579, 1147, 18, 655, 807]"
6211,"[1747, 863, 865, 314, 1608]"
6212,"[1073, 1934, 1560, 403, 18]"
6213,"[1747, 863, 865, 118, 314]"
6214,"[18, 1742, 1717, 1567, 807]"
6215,"[865, 1747, 863, 1138, 1358]"
6216,"[1747, 865, 863, 314, 118]"
6217,"[1138, 749, 1574, 1717, 1709]"
6218,"[1923, 1747, 863, 865, 118]"
6219,"[1495, 1249, 18, 1453, 807]"
6220,"[1567, 624, 455, 16, 114]"
6221,"[1567, 114, 16, 1611, 1113]"
6222,"[1567, 16, 114, 1611, 535]"
6223,"[114, 455, 1611, 1702, 1063]"
6224,"[16, 413, 1611, 807, 44]"
6225,"[16, 1611, 1567, 535, 926]"
6226,"[1567, 16, 114, 1611, 1113]"
6227,"[16, 1611, 114, 1567, 1113]"
6228,"[1406, 517, 807, 16, 18]"
6229,"[1567, 1588, 16, 1882, 37]"
6230,"[16, 1611, 114, 455, 1113]"
6231,"[114, 455, 1567, 16, 1611]"
6232,"[16, 884, 1544, 860, 1614]"
6233,"[1567, 114, 16, 1444, 1611]"
6234,"[16, 1611, 114, 1567, 926]"
6235,"[926, 16, 1617, 114, 1611]"
6236,"[1567, 114, 16, 1611, 535]"
6237,"[1617, 926, 114, 16, 1611]"
6238,"[114, 16, 507, 554, 535]"
6239,"[1588, 926, 455, 321, 1529]"
6240,"[16, 1611, 1617, 114, 455]"
6241,"[16, 1611, 114, 1191, 455]"
6242,"[16, 1611, 114, 535, 507]"
6243,"[16, 1611, 114, 1567, 507]"
6244,"[16, 1611, 114, 1617, 1567]"
6245,"[16, 1611, 1617, 1567, 321]"
6246,"[1567, 535, 1929, 114, 16]"
6247,"[1249, 109, 1523, 455, 114]"
6248,"[16, 114, 1611, 1567, 1617]"
6249,"[16, 114, 1611, 1567, 1916]"
6250,"[16, 1611, 114, 1191, 535]"
6251,"[1884, 114, 1567, 16, 110]"
6252,"[1567, 114, 16, 1611, 18]"
6253,"[16, 114, 1611, 110, 1567]"
6254,"[16, 1611, 114, 1924, 1567]"
6255,"[16, 1611, 1617, 535, 507]"
6256,"[1866, 1546, 1829, 1823, 1349]"
6257,"[16, 114, 1611, 535, 1567]"
6258,"[1567, 114, 16, 1611, 535]"
6259,"[114, 16, 1567, 1611, 554]"
6260,"[1617, 16, 114, 1611, 292]"
6261,"[114, 1567, 455, 16, 1897]"
6262,"[16, 114, 1611, 1567, 1194]"
6263,"[16, 1611, 114, 507, 1191]"
6264,"[368, 1072, 1567, 54, 57]"
6265,"[1896, 1191, 1608, 1567, 37]"
6266,"[368, 1892, 403, 1554, 1072]"
6267,"[114, 18, 16, 1567, 606]"
6268,"[1619, 403, 1618, 1249, 1611]"
6269,"[1067, 1567, 1907, 1072, 1193]"
6270,"[1567, 114, 18, 16, 1896]"
6271,"[368, 739, 884, 1249, 544]"
6272,"[1567, 1896, 1618, 16, 37]"
6273,"[1579, 403, 108, 1457, 54]"
6274,"[1191, 1072, 1567, 1896, 1907]"
6275,"[1567, 1191, 37, 54, 57]"
6276,"[1191, 368, 1567, 620, 470]"
6277,"[832, 884, 1267, 501, 1249]"
6278,"[1567, 1488, 16, 1611, 1006]"
6279,"[1557, 3, 808, 1611, 807]"
6280,"[1607, 1896, 368, 1608, 1517]"
6281,"[1157, 368, 372, 1113, 1567]"
6282,"[1567, 1896, 1072, 368, 37]"
6283,"[1907, 1066, 1892, 1646, 1554]"
6284,"[1567, 1618, 1249, 1573, 884]"
6285,"[111, 468, 1249, 861, 1314]"
6286,"[1567, 368, 18, 16, 403]"
6287,"[1338, 1409, 538, 1482, 1476]"
6288,"[54, 57, 58, 16, 1708]"
6289,"[886, 1193, 537, 1351, 1567]"
6290,"[1567, 1896, 1042, 1193, 1608]"
6291,"[1567, 1557, 114, 18, 16]"
6292,"[739, 1186, 1157, 1778, 740]"
6293,"[595, 501, 511, 590, 599]"
6294,"[1567, 16, 114, 18, 1611]"
6295,"[1567, 16, 1618, 114, 1896]"
6296,"[1193, 1567, 37, 1805, 606]"
6297,"[1072, 54, 57, 58, 1896]"
6298,"[1567, 1072, 1896, 1191, 37]"
6299,"[18, 739, 1472, 606, 1063]"
6300,"[1567, 16, 1193, 1063, 1443]"
6301,"[368, 372, 739, 1157, 1567]"
6302,"[1725, 608, 739, 368, 403]"
6303,"[608, 1725, 768, 739, 740]"
6304,"[1191, 1567, 37, 1072, 18]"
6305,"[1896, 1191, 1607, 1554, 1072]"
6306,"[1896, 1567, 1191, 1608, 37]"
6307,"[403, 1896, 108, 37, 1567]"
6308,"[1314, 114, 16, 1567, 884]"
6309,"[1022, 639, 1161, 18, 798]"
6310,"[1772, 18, 1679, 884, 798]"
6311,"[269, 349, 1574, 1249, 784]"
6312,"[1204, 18, 807, 691, 884]"
6313,"[884, 18, 807, 1204, 1679]"
6314,"[1679, 443, 18, 807, 1006]"
6315,"[1679, 18, 269, 1574, 403]"
6316,"[18, 1708, 807, 1772, 1574]"
6317,"[43, 1193, 691, 113, 1567]"
6318,"[884, 1006, 18, 44, 1679]"
6319,"[1204, 807, 18, 1574, 577]"
6320,"[1161, 44, 639, 18, 1717]"
6321,"[1121, 1724, 1145, 1934, 1143]"
6322,"[269, 1679, 18, 807, 1574]"
6323,"[43, 547, 1587, 1193, 892]"
6324,"[269, 1204, 18, 807, 606]"
6325,"[44, 16, 645, 43, 807]"
6326,"[44, 18, 1679, 632, 1567]"
6327,"[1708, 807, 18, 798, 1679]"
6328,"[547, 1697, 1204, 17, 700]"
6329,"[269, 355, 1717, 403, 468]"
6330,"[44, 1708, 1006, 1717, 807]"
6331,"[807, 18, 1204, 1574, 632]"
6332,"[892, 43, 1567, 927, 1193]"
6333,"[44, 639, 1022, 18, 1679]"
6334,"[1679, 44, 1708, 18, 807]"
6335,"[1772, 16, 18, 807, 649]"
6336,"[807, 18, 1204, 606, 1573]"
6337,"[114, 18, 884, 606, 1204]"
6338,"[18, 807, 1679, 1567, 661]"
6339,"[443, 1772, 18, 807, 1679]"
6340,"[18, 1708, 807, 649, 1574]"
6341,"[1902, 1900, 446, 723, 807]"
6342,"[884, 443, 18, 1679, 403]"
6343,"[1573, 1884, 1204, 44, 1197]"
6344,"[18, 1679, 798, 1574, 639]"
6345,"[1708, 18, 16, 807, 1204]"
6346,"[688, 609, 639, 1006, 700]"
6347,"[1197, 478, 54, 57, 58]"
6348,"[606, 807, 1204, 1573, 18]"
6349,"[269, 17, 1204, 18, 807]"
6350,"[662, 269, 639, 1725, 1717]"
6351,"[807, 1573, 114, 18, 662]"
6352,"[403, 1717, 1723, 1574, 468]"
6353,"[1574, 426, 1718, 792, 1730]"
6354,"[1900, 1574, 1063, 426, 88]"
6355,"[807, 1900, 884, 1252, 1302]"
6356,"[595, 1567, 590, 403, 599]"
6357,"[903, 18, 807, 110, 1567]"
6358,"[1567, 426, 1898, 1718, 792]"
6359,"[1193, 927, 112, 1567, 43]"
6360,"[403, 901, 1574, 502, 1438]"
6361,"[1191, 1255, 1906, 1528, 17]"
6362,"[1255, 1506, 1474, 511, 1302]"
6363,"[478, 43, 1896, 95, 1567]"
6364,"[403, 1861, 18, 1573, 807]"
6365,"[1063, 43, 113, 413, 1574]"
6366,"[1574, 1620, 1065, 1625, 1520]"
6367,"[1574, 1917, 426, 1898, 1583]"
6368,"[1193, 1588, 43, 1909, 1529]"
6369,"[1574, 1063, 1583, 43, 1193]"
6370,"[574, 575, 563, 562, 564]"
6371,"[106, 1193, 1618, 1032, 884]"
6372,"[574, 586, 577, 563, 567]"
6373,"[1574, 1193, 1588, 95, 1567]"
6374,"[1891, 1608, 1567, 1574, 1063]"
6375,"[403, 1567, 1457, 1472, 1495]"
6376,"[1193, 425, 735, 1620, 1917]"
6377,"[1063, 1574, 426, 1898, 88]"
6378,"[1574, 426, 1898, 1583, 88]"
6379,"[1567, 37, 403, 480, 1574]"
6380,"[1249, 1495, 884, 1581, 807]"
6381,"[452, 403, 807, 1861, 1573]"
6382,"[1778, 1902, 1900, 114, 403]"
6383,"[1567, 1913, 95, 1907, 37]"
6384,"[1063, 1574, 1567, 43, 426]"
6385,"[570, 505, 573, 1509, 1915]"
6386,"[1472, 505, 403, 1457, 593]"
6387,"[403, 443, 18, 1900, 480]"
6388,"[413, 1567, 95, 37, 43]"
6389,"[1574, 1063, 1900, 114, 905]"
6390,"[807, 1457, 1249, 1575, 502]"
6391,"[1567, 403, 443, 1495, 16]"
6392,"[1193, 927, 112, 1567, 43]"
6393,"[1574, 426, 1583, 88, 1718]"
6394,"[1063, 1574, 114, 1064, 1907]"
6395,"[1915, 1917, 1900, 1574, 1666]"
6396,"[1279, 613, 443, 448, 18]"
6397,"[504, 1279, 771, 1824, 1474]"
6398,"[807, 468, 1063, 16, 1679]"
6399,"[1279, 73, 18, 443, 533]"
6400,"[1936, 446, 1279, 1557, 1474]"
6401,"[1936, 1894, 1890, 533, 1582]"
6402,"[1277, 403, 1279, 1691, 1874]"
6403,"[606, 1279, 807, 1691, 662]"
6404,"[1495, 505, 1809, 446, 1457]"
6405,"[486, 1289, 1063, 1249, 18]"
6406,"[807, 1063, 16, 1708, 1204]"
6407,"[1677, 522, 1874, 1279, 905]"
6408,"[126, 155, 157, 158, 1937]"
6409,"[1495, 1279, 1677, 1301, 403]"
6410,"[1928, 1178, 1529, 1444, 1528]"
6411,"[1279, 1087, 446, 1677, 1874]"
6412,"[1279, 884, 403, 1301, 1874]"
6413,"[1928, 1588, 1529, 1528, 446]"
6414,"[452, 1301, 1300, 1902, 408]"
6415,"[443, 403, 533, 1582, 49]"
6416,"[18, 531, 1772, 1320, 501]"
6417,"[868, 1915, 113, 1564, 1543]"
6418,"[1544, 18, 687, 443, 403]"
6419,"[1279, 1088, 1278, 533, 1582]"
6420,"[1924, 478, 1279, 1677, 17]"
6421,"[1270, 257, 1269, 1104, 1279]"
6422,"[1279, 1474, 1874, 1824, 1301]"
6423,"[1748, 1299, 1193, 1279, 1301]"
6424,"[1936, 1277, 1724, 1935, 1279]"
6425,"[1684, 18, 16, 44, 807]"
6426,"[1279, 443, 533, 1582, 49]"
6427,"[1607, 1517, 1277, 1279, 1691]"
6428,"[1279, 443, 18, 533, 1582]"
6429,"[645, 606, 1279, 18, 522]"
6430,"[1204, 1063, 579, 807, 588]"
6431,"[1928, 1528, 1807, 1474, 1506]"
6432,"[73, 1279, 443, 1267, 1708]"
6433,"[73, 404, 443, 1267, 1679]"
6434,"[431, 1679, 861, 1882, 1063]"
6435,"[1557, 1277, 1279, 403, 443]"
6436,"[1936, 1935, 1277, 433, 773]"
6437,"[1936, 1277, 1295, 443, 1279]"
6438,"[606, 884, 807, 18, 29]"
6439,"[1928, 1279, 1807, 18, 807]"
6440,"[471, 612, 1239, 645, 401]"
6441,"[1863, 1861, 1809, 452, 933]"
6442,"[1249, 723, 446, 798, 720]"
6443,"[43, 44, 1679, 1567, 861]"
6444,"[807, 1204, 16, 1573, 18]"
6445,"[471, 645, 18, 44, 1573]"
6446,"[114, 16, 687, 44, 1567]"
6447,"[889, 18, 807, 443, 403]"
6448,"[18, 1708, 1679, 16, 1574]"
6449,"[1522, 1541, 1201, 126, 628]"
6450,"[423, 1244, 43, 446, 868]"
6451,"[18, 884, 1573, 807, 1679]"
6452,"[44, 413, 1573, 1679, 43]"
6453,"[446, 437, 1575, 1281, 884]"
6454,"[18, 884, 606, 16, 807]"
6455,"[471, 401, 18, 884, 1204]"
6456,"[1204, 1561, 1560, 1529, 1197]"
6457,"[884, 18, 1239, 807, 612]"
6458,"[18, 807, 16, 1567, 606]"
6459,"[18, 884, 1573, 807, 336]"
6460,"[114, 446, 408, 1249, 18]"
6461,"[18, 403, 1573, 807, 1679]"
6462,"[413, 44, 884, 18, 43]"
6463,"[43, 44, 1717, 1679, 807]"
6464,"[1484, 892, 1900, 43, 1567]"
6465,"[443, 1679, 807, 44, 18]"
6466,"[18, 884, 16, 807, 1573]"
6467,"[446, 44, 16, 1567, 18]"
6468,"[632, 1654, 1309, 464, 16]"
6469,"[18, 884, 807, 1708, 16]"
6470,"[417, 1544, 416, 1543, 1534]"
6471,"[884, 18, 807, 1573, 612]"
6472,"[413, 16, 44, 18, 807]"
6473,"[18, 1708, 73, 16, 132]"
6474,"[884, 18, 807, 1573, 16]"
6475,"[632, 18, 1679, 884, 807]"
6476,"[403, 1495, 443, 1490, 18]"
6477,"[593, 1708, 18, 595, 1772]"
6478,"[471, 18, 114, 1573, 807]"
6479,"[1313, 793, 472, 1073, 1247]"
6480,"[18, 807, 1204, 662, 1679]"
6481,"[443, 1679, 18, 403, 807]"
6482,"[18, 884, 807, 1679, 1573]"
6483,"[403, 544, 18, 16, 807]"
6484,"[1287, 16, 1772, 18, 807]"
6485,"[111, 1249, 18, 468, 807]"
6486,"[18, 1287, 1772, 1567, 807]"
6487,"[43, 468, 44, 1063, 16]"
6488,"[884, 739, 1717, 18, 16]"
6489,"[468, 3, 809, 1570, 808]"
6490,"[48, 18, 1287, 807, 16]"
6491,"[828, 1895, 1897, 1922, 1316]"
6492,"[401, 16, 18, 1567, 807]"
6493,"[1934, 1275, 449, 807, 1204]"
6494,"[807, 111, 48, 1287, 1710]"
6495,"[828, 1015, 54, 57, 58]"
6496,"[110, 1062, 54, 57, 58]"
6497,"[505, 1487, 1287, 1302, 1500]"
6498,"[1915, 1936, 1897, 1922, 420]"
6499,"[647, 48, 18, 1287, 807]"
6500,"[884, 1517, 1599, 54, 57]"
6501,"[73, 468, 54, 57, 58]"
6502,"[1569, 860, 468, 111, 1063]"
6503,"[111, 884, 54, 57, 58]"
6504,"[927, 48, 807, 739, 1554]"
6505,"[1581, 111, 807, 18, 1611]"
6506,"[1772, 1567, 16, 655, 1679]"
6507,"[48, 884, 606, 114, 1287]"
6508,"[18, 1772, 16, 807, 1742]"
6509,"[133, 854, 1516, 1894, 1574]"
6510,"[884, 48, 18, 1287, 16]"
6511,"[884, 807, 18, 739, 16]"
6512,"[1772, 18, 1287, 807, 599]"
6513,"[773, 804, 120, 801, 1592]"
6514,"[1287, 18, 556, 1213, 1467]"
6515,"[18, 16, 1567, 1772, 1428]"
6516,"[381, 723, 111, 1447, 375]"
6517,"[1717, 16, 50, 801, 18]"
6518,"[18, 807, 14, 1013, 337]"
6519,"[44, 16, 1717, 401, 18]"
6520,"[1138, 468, 73, 884, 54]"
6521,"[1897, 1922, 1567, 18, 16]"
6522,"[1287, 18, 1567, 1882, 1805]"
6523,"[16, 18, 691, 1567, 807]"
6524,"[1679, 18, 807, 1567, 16]"
6525,"[884, 807, 1708, 1567, 16]"
6526,"[1772, 18, 1679, 403, 542]"
6527,"[1895, 18, 828, 54, 57]"
6528,"[478, 1434, 443, 1567, 403]"
6529,"[1900, 1543, 807, 48, 16]"
6530,"[478, 1434, 1197, 1884, 553]"
6531,"[114, 1567, 18, 16, 1611]"
6532,"[1884, 48, 1197, 16, 18]"
6533,"[1561, 807, 478, 1249, 18]"
6534,"[18, 1197, 478, 16, 606]"
6535,"[1924, 478, 18, 1204, 807]"
6536,"[478, 1434, 16, 443, 18]"
6537,"[1884, 48, 1197, 1900, 16]"
6538,"[1884, 48, 16, 44, 1567]"
6539,"[446, 1249, 54, 57, 58]"
6540,"[16, 48, 1900, 18, 403]"
6541,"[1567, 114, 16, 1611, 44]"
6542,"[478, 1924, 1197, 1434, 786]"
6543,"[1197, 807, 1204, 1573, 18]"
6544,"[18, 478, 1197, 786, 1691]"
6545,"[16, 1567, 807, 662, 1204]"
6546,"[1884, 48, 1924, 16, 1197]"
6547,"[1924, 478, 1884, 1917, 1900]"
6548,"[48, 16, 44, 1567, 807]"
6549,"[1884, 478, 1924, 786, 1457]"
6550,"[114, 18, 478, 807, 1204]"
6551,"[1457, 1884, 552, 478, 786]"
6552,"[1924, 478, 1434, 561, 1204]"
6553,"[1434, 561, 16, 807, 1567]"
6554,"[1884, 786, 1924, 48, 561]"
6555,"[445, 44, 16, 18, 1573]"
6556,"[1924, 478, 1884, 1573, 807]"
6557,"[1614, 1521, 1523, 1622, 478]"
6558,"[114, 16, 807, 18, 662]"
6559,"[16, 1772, 1567, 1708, 807]"
6560,"[1884, 48, 16, 1197, 44]"
6561,"[48, 1197, 16, 1567, 649]"
6562,"[478, 1924, 1900, 1902, 114]"
6563,"[1884, 478, 18, 44, 403]"
6564,"[807, 478, 1573, 1204, 18]"
6565,"[478, 1924, 1197, 1434, 1897]"
6566,"[1924, 478, 1197, 116, 1204]"
6567,"[1204, 1924, 478, 1573, 1434]"
6568,"[1679, 807, 18, 16, 44]"
6569,"[1884, 445, 48, 1197, 1900]"
6570,"[114, 1567, 478, 455, 16]"
6571,"[1197, 1884, 1897, 1922, 478]"
6572,"[16, 1204, 807, 1567, 1461]"
6573,"[478, 1924, 1197, 1434, 1204]"
6574,"[18, 807, 662, 1573, 44]"
6575,"[16, 807, 1772, 1461, 561]"
6576,"[18, 807, 16, 1204, 1573]"
6577,"[1197, 478, 445, 884, 401]"
6578,"[1924, 478, 1461, 1679, 16]"
6579,"[478, 1197, 1461, 1924, 807]"
6580,"[111, 1896, 468, 1607, 1517]"
6581,"[336, 114, 18, 807, 606]"
6582,"[446, 807, 16, 18, 1573]"
6583,"[1884, 1924, 478, 786, 1434]"
6584,"[1733, 478, 1434, 807, 786]"
6585,"[1924, 1884, 478, 786, 1434]"
6586,"[114, 445, 807, 18, 44]"
6587,"[478, 807, 1204, 662, 1434]"
6588,"[445, 44, 662, 807, 606]"
6589,"[445, 1708, 44, 807, 1679]"
6590,"[478, 1434, 561, 1515, 807]"
6591,"[606, 44, 16, 1204, 807]"
6592,"[807, 16, 1204, 18, 606]"
6593,"[784, 1555, 110, 1573, 807]"
6594,"[1618, 110, 1611, 425, 884]"
6595,"[1855, 1846, 1249, 1618, 1509]"
6596,"[1617, 1702, 1555, 292, 1194]"
6597,"[926, 1249, 18, 884, 1618]"
6598,"[900, 1618, 1249, 1194, 1603]"
6599,"[1917, 1900, 1902, 374, 1457]"
6600,"[926, 125, 114, 1618, 1249]"
6601,"[1065, 1068, 1520, 1072, 43]"
6602,"[1917, 1193, 735, 927, 160]"
6603,"[1702, 1194, 1554, 1555, 1655]"
6604,"[1906, 501, 1528, 1557, 1249]"
6605,"[37, 892, 1574, 1567, 1249]"
6606,"[1618, 114, 478, 884, 807]"
6607,"[1617, 1193, 1194, 1702, 1655]"
6608,"[1618, 1557, 1619, 115, 1249]"
6609,"[901, 114, 1618, 1917, 926]"
6610,"[1602, 1068, 1254, 926, 1618]"
6611,"[1618, 374, 926, 900, 1560]"
6612,"[892, 1249, 37, 1457, 501]"
6613,"[1567, 1249, 807, 18, 884]"
6614,"[501, 1495, 1249, 892, 1404]"
6615,"[1617, 292, 1655, 1722, 1555]"
6616,"[1618, 1619, 900, 885, 1491]"
6617,"[1906, 1928, 1557, 1457, 1249]"
6618,"[926, 900, 125, 1917, 1618]"
6619,"[114, 1561, 1193, 884, 1574]"
6620,"[1917, 1902, 1900, 1618, 403]"
6621,"[1561, 473, 773, 868, 606]"
6622,"[900, 1249, 926, 885, 1194]"
6623,"[1619, 1917, 735, 1555, 160]"
6624,"[1618, 811, 868, 1748, 1071]"
6625,"[1917, 1902, 1900, 1618, 403]"
6626,"[1249, 900, 1032, 1927, 1068]"
6627,"[620, 470, 1193, 670, 885]"
6628,"[1618, 1917, 1032, 1915, 1040]"
6629,"[1193, 1032, 1620, 1612, 1574]"
6630,"[892, 522, 1249, 687, 43]"
6631,"[1886, 1618, 1674, 1194, 926]"
6632,"[1618, 544, 1900, 884, 1617]"
6633,"[1249, 1674, 1520, 1542, 1554]"
6634,"[1618, 114, 1917, 1249, 1194]"
6635,"[1618, 620, 470, 1555, 1550]"
6636,"[1567, 16, 1292, 120, 1611]"
6637,"[212, 979, 213, 723, 54]"
6638,"[18, 927, 807, 784, 1573]"
6639,"[807, 1573, 18, 54, 57]"
6640,"[443, 1292, 120, 18, 636]"
6641,"[556, 535, 1409, 636, 1567]"
6642,"[16, 1113, 120, 48, 368]"
6643,"[120, 54, 57, 58, 48]"
6644,"[1573, 114, 54, 57, 58]"
6645,"[120, 815, 636, 65, 898]"
6646,"[16, 927, 807, 1567, 18]"
6647,"[120, 815, 1292, 636, 47]"
6648,"[1560, 1561, 903, 1915, 1054]"
6649,"[1748, 811, 1071, 868, 289]"
6650,"[1643, 807, 1575, 18, 403]"
6651,"[1907, 1917, 1612, 1902, 1587]"
6652,"[1863, 420, 773, 1721, 1560]"
6653,"[667, 1219, 1902, 1197, 98]"
6654,"[16, 114, 1611, 1567, 1191]"
6655,"[43, 1588, 1904, 892, 927]"
6656,"[1552, 629, 1073, 97, 1543]"
6657,"[1567, 37, 95, 18, 1063]"
6658,"[1063, 1567, 1679, 807, 44]"
6659,"[1249, 403, 901, 903, 606]"
6660,"[1929, 1592, 1304, 1869, 258]"
6661,"[1193, 1885, 48, 293, 1524]"
6662,"[403, 1861, 1567, 1708, 18]"
6663,"[1904, 1191, 1532, 1589, 1562]"
6664,"[114, 1897, 1922, 927, 113]"
6665,"[1680, 1630, 721, 1929, 18]"
6666,"[1157, 1567, 1751, 1778, 1805]"
6667,"[1863, 1404, 501, 606, 1457]"
6668,"[1929, 108, 1721, 688, 16]"
6669,"[1197, 403, 1320, 420, 1567]"
6670,"[1748, 891, 1618, 1874, 1279]"
6671,"[1057, 849, 1219, 716, 97]"
6672,"[927, 43, 1587, 1627, 1897]"
6673,"[608, 739, 740, 368, 1567]"
6674,"[1747, 863, 865, 314, 612]"
6675,"[927, 1915, 96, 97, 98]"
6676,"[1904, 289, 1921, 1531, 1032]"
6677,"[860, 44, 1622, 43, 1521]"
6678,"[1924, 1937, 126, 478, 1063]"
6679,"[1063, 927, 18, 807, 1567]"
6680,"[927, 446, 1193, 613, 18]"
6681,"[413, 1915, 114, 1900, 807]"
6682,"[688, 863, 659, 1900, 160]"
6683,"[125, 423, 1244, 1702, 468]"
6684,"[545, 1509, 1596, 1249, 1585]"
6685,"[18, 1618, 1249, 1929, 1567]"
6686,"[468, 807, 1063, 1267, 111]"
6687,"[48, 1713, 1573, 807, 18]"
6688,"[1567, 419, 37, 1548, 43]"
6689,"[665, 629, 658, 1770, 700]"
6690,"[1936, 1894, 1890, 533, 1582]"
6691,"[16, 1611, 114, 507, 1567]"
6692,"[1115, 1900, 1902, 344, 1934]"
6693,"[1917, 1006, 1428, 933, 1680]"
6694,"[292, 1924, 687, 1722, 478]"
6695,"[1742, 891, 1567, 1708, 1679]"
6696,"[403, 1500, 1666, 1053, 1055]"
6697,"[667, 1042, 1680, 1054, 1900]"
6698,"[655, 1915, 1592, 1449, 903]"
6699,"[927, 1929, 1592, 1193, 1618]"
6700,"[114, 884, 43, 1567, 807]"
6701,"[125, 423, 1244, 1702, 1191]"
6702,"[18, 1882, 1567, 1915, 1805]"
6703,"[111, 1063, 468, 49, 1898]"
6704,"[1126, 1124, 1917, 1702, 1900]"
6705,"[892, 37, 1249, 501, 1574]"
6706,"[114, 1054, 1193, 1666, 1588]"
6707,"[406, 407, 925, 419, 938]"
6708,"[1917, 419, 1584, 1006, 1592]"
6709,"[1239, 446, 1915, 417, 403]"
6710,"[1924, 478, 1937, 1553, 111]"
6711,"[478, 1924, 1197, 1900, 114]"
6712,"[1193, 1889, 1026, 1025, 1029]"
6713,"[1191, 113, 291, 1070, 1533]"
6714,"[218, 261, 1592, 1929, 257]"
6715,"[1904, 1191, 860, 1532, 1562]"
6716,"[930, 160, 1708, 16, 807]"
6717,"[1646, 48, 54, 57, 58]"
6718,"[903, 723, 114, 54, 57]"
6719,"[18, 1197, 478, 16, 606]"
6720,"[261, 1358, 1053, 1055, 1809]"
6721,"[44, 18, 807, 16, 861]"
6722,"[1614, 1610, 1521, 111, 449]"
6723,"[1507, 538, 528, 1434, 547]"
6724,"[1608, 1567, 1896, 1894, 37]"
6725,"[96, 1358, 97, 420, 1902]"
6726,"[927, 1552, 1197, 1902, 1628]"
6727,"[16, 1611, 114, 1567, 1191]"
6728,"[1561, 773, 1618, 374, 1193]"
6729,"[18, 655, 807, 1573, 1574]"
6730,"[618, 18, 1574, 1495, 443]"
6731,"[48, 1567, 807, 54, 57]"
6732,"[1924, 478, 662, 1588, 891]"
6733,"[1900, 114, 1902, 1249, 606]"
6734,"[18, 807, 606, 44, 1573]"
6735,"[1906, 1588, 1916, 1030, 1928]"
6736,"[1902, 1900, 891, 1721, 1457]"
6737,"[1560, 1561, 1249, 403, 665]"
6738,"[1567, 368, 37, 1913, 1608]"
6739,"[1567, 16, 114, 535, 1772]"
6740,"[1586, 1193, 113, 1040, 1620]"
6741,"[1869, 403, 443, 54, 57]"
6742,"[1884, 48, 1197, 16, 18]"
6743,"[1319, 256, 1288, 1318, 477]"
6744,"[887, 108, 636, 499, 1148]"
6745,"[471, 1708, 665, 73, 18]"
6746,"[1610, 1521, 111, 1636, 449]"
6747,"[432, 48, 49, 1898, 426]"
6748,"[1902, 1197, 97, 1552, 96]"
6749,"[16, 1611, 114, 1567, 507]"
6750,"[1567, 114, 884, 16, 1611]"
6751,"[1588, 1934, 1547, 1459, 54]"
6752,"[892, 111, 1536, 1063, 1583]"
6753,"[1627, 1905, 1713, 48, 1527]"
6754,"[1040, 716, 1320, 43, 1888]"
6755,"[1861, 639, 18, 403, 807]"
6756,"[423, 1244, 125, 1702, 160]"
6757,"[1897, 1922, 1927, 1160, 1586]"
6758,"[1193, 632, 1489, 1542, 1589]"
6759,"[1042, 1193, 1680, 1054, 361]"
6760,"[1495, 1902, 51, 807, 1197]"
6761,"[1747, 865, 863, 314, 612]"
6762,"[552, 321, 544, 1567, 1249]"
6763,"[1861, 1855, 1197, 1846, 1900]"
6764,"[120, 636, 1573, 16, 807]"
6765,"[175, 925, 928, 164, 165]"
6766,"[1055, 1053, 933, 930, 403]"
6767,"[1193, 113, 927, 1914, 1897]"
6768,"[1507, 1434, 538, 1377, 862]"
6769,"[1434, 1924, 1377, 333, 1639]"
6770,"[1573, 807, 18, 1204, 1249]"
6771,"[1138, 1567, 807, 18, 16]"
6772,"[1904, 1532, 1589, 43, 18]"
6773,"[43, 784, 1069, 884, 1567]"
6774,"[659, 868, 807, 662, 1495]"
6775,"[1639, 1900, 334, 1561, 1696]"
6776,"[807, 18, 662, 606, 1204]"
6777,"[48, 18, 1701, 1646, 1713]"
6778,"[1902, 1552, 1543, 1561, 1279]"
6779,"[796, 1680, 425, 1588, 1542]"
6780,"[1438, 531, 1680, 807, 18]"
6781,"[665, 807, 1287, 658, 18]"
6782,"[649, 645, 807, 1249, 18]"
6783,"[1543, 1562, 1544, 1531, 1900]"
6784,"[1204, 807, 44, 43, 16]"
6785,"[927, 1863, 739, 1542, 18]"
6786,"[18, 807, 1772, 1567, 1573]"
6787,"[1193, 1889, 886, 1072, 421]"
6788,"[1320, 403, 1197, 807, 1574]"
6789,"[538, 1924, 1434, 554, 547]"
6790,"[807, 18, 1772, 1708, 16]"
6791,"[927, 443, 595, 1679, 1567]"
6792,"[1197, 927, 97, 96, 98]"
6793,"[111, 1063, 1623, 468, 49]"
6794,"[423, 1244, 125, 1702, 1249]"
6795,"[48, 1204, 1554, 691, 18]"
6796,"[1893, 1019, 749, 1700, 1201]"
6797,"[403, 1717, 1574, 1249, 468]"
6798,"[1219, 667, 687, 1902, 716]"
6799,"[891, 1249, 892, 37, 884]"
6800,"[1902, 1900, 114, 1552, 1543]"
6801,"[455, 454, 114, 1567, 16]"
6802,"[1434, 538, 1924, 478, 1639]"
6803,"[1567, 37, 1191, 16, 1679]"
6804,"[1923, 807, 18, 1249, 1747]"
6805,"[97, 96, 18, 98, 1197]"
6806,"[884, 1544, 18, 44, 336]"
6807,"[1630, 1457, 721, 723, 930]"
6808,"[773, 1740, 781, 1929, 1747]"
6809,"[16, 1567, 1113, 1611, 1896]"
6810,"[1267, 1708, 16, 44, 18]"
6811,"[1861, 1855, 1193, 1885, 420]"
6812,"[1902, 1197, 1040, 1201, 876]"
6813,"[1618, 570, 807, 125, 160]"
6814,"[1249, 1434, 538, 807, 1611]"
6815,"[1193, 1909, 1620, 1520, 171]"
6816,"[1567, 16, 1721, 1611, 1249]"
6817,"[403, 501, 1809, 590, 1495]"
6818,"[1564, 1489, 1554, 1542, 1539]"
6819,"[1628, 1040, 97, 98, 96]"
6820,"[1708, 18, 1806, 471, 16]"
6821,"[1897, 1922, 113, 43, 1587]"
6822,"[432, 1266, 905, 426, 1522]"
6823,"[111, 1063, 468, 807, 861]"
6824,"[1936, 1277, 1295, 1279, 443]"
6825,"[1567, 37, 54, 57, 58]"
6826,"[1708, 18, 16, 807, 1679]"
6827,"[645, 1599, 1249, 1573, 807]"
6828,"[292, 1555, 606, 1599, 16]"
6829,"[1894, 1531, 1562, 1588, 1542]"
6830,"[1904, 43, 1532, 44, 1708]"
6831,"[1809, 1193, 1252, 425, 735]"
6832,"[1197, 1063, 1249, 861, 1713]"
6833,"[1535, 1560, 1558, 884, 1249]"
6834,"[103, 1071, 868, 1748, 1453]"
6835,"[496, 1904, 289, 1424, 106]"
6836,"[18, 892, 807, 1249, 574]"
6837,"[16, 18, 1567, 807, 1287]"
6838,"[1516, 97, 96, 1040, 1197]"
6839,"[443, 327, 328, 1574, 18]"
6840,"[927, 1193, 1861, 1855, 1574]"
6841,"[853, 849, 104, 18, 807]"
6842,"[446, 54, 57, 58, 1666]"
6843,"[1193, 1586, 1524, 1040, 1059]"
6844,"[478, 1861, 611, 649, 18]"
6845,"[538, 1915, 1547, 1266, 1517]"
6846,"[1890, 1191, 1531, 1032, 1587]"
6847,"[16, 18, 807, 1708, 43]"
6848,"[135, 368, 114, 1567, 1607]"
6849,"[886, 1193, 1930, 1488, 1056]"
6850,"[1713, 48, 1701, 933, 18]"
6851,"[1608, 1896, 1567, 1517, 37]"
6852,"[48, 1138, 43, 44, 1063]"
6853,"[443, 403, 18, 807, 1772]"
6854,"[665, 420, 1320, 403, 1197]"
6855,"[1567, 1457, 1723, 1509, 1511]"
6856,"[1591, 368, 1006, 480, 1428]"
6857,"[115, 1193, 446, 613, 1567]"
6858,"[1459, 807, 16, 1567, 1574]"
6859,"[1629, 1896, 1539, 1613, 291]"
6860,"[1271, 114, 449, 1275, 403]"
6861,"[125, 1244, 423, 1702, 578]"
6862,"[1679, 44, 807, 18, 16]"
6863,"[1936, 1279, 114, 1902, 1900]"
6864,"[1193, 1620, 425, 1586, 1520]"
6865,"[1587, 739, 927, 1039, 1063]"
6866,"[125, 1244, 423, 1702, 1249]"
6867,"[1929, 1592, 720, 476, 1318]"
6868,"[1193, 927, 1351, 1567, 43]"
6869,"[1639, 1249, 1063, 807, 889]"
6870,"[1700, 1552, 1532, 1902, 1574]"
6871,"[1072, 54, 57, 58, 1721]"
6872,"[1118, 1197, 97, 96, 577]"
6873,"[1902, 1197, 420, 1628, 1552]"
6874,"[1567, 595, 1708, 1249, 593]"
6875,"[1304, 807, 1869, 18, 1249]"
6876,"[1586, 1193, 1040, 1538, 1615]"
6877,"[1567, 807, 18, 501, 1508]"
6878,"[259, 537, 1317, 1567, 1238]"
6879,"[16, 1611, 114, 1567, 1617]"
6880,"[1197, 1902, 1888, 1885, 807]"
6881,"[1560, 1561, 1551, 1541, 1542]"
6882,"[522, 521, 1499, 1506, 1474]"
6883,"[1522, 46, 1521, 44, 97]"
6884,"[1917, 1902, 18, 1204, 807]"
6885,"[503, 48, 1567, 445, 18]"
6886,"[413, 18, 807, 1453, 43]"
6887,"[1677, 1279, 1874, 17, 533]"
6888,"[1507, 1434, 528, 1924, 478]"
6889,"[1619, 1191, 368, 1607, 1249]"
6890,"[1567, 37, 1805, 1063, 18]"
6891,"[43, 1587, 413, 113, 1897]"
6892,"[807, 1434, 1204, 401, 18]"
6893,"[446, 421, 1620, 403, 1520]"
6894,"[478, 807, 662, 18, 639]"
6895,"[120, 815, 636, 1292, 47]"
6896,"[1896, 1567, 1608, 114, 478]"
6897,"[1902, 18, 1148, 807, 1204]"
6898,"[95, 1331, 1567, 54, 57]"
6899,"[1581, 1574, 1567, 884, 54]"
6900,"[1157, 1567, 37, 403, 1063]"
6901,"[1567, 1618, 1896, 114, 1913]"
6902,"[1561, 1560, 1249, 1611, 807]"
6903,"[49, 1898, 426, 1582, 457]"
6904,"[16, 1567, 1806, 1708, 1868]"
6905,"[478, 1924, 1197, 18, 807]"
6906,"[1742, 1279, 443, 1574, 18]"
6907,"[233, 234, 235, 238, 239]"
6908,"[1197, 1525, 1934, 665, 403]"
6909,"[1747, 863, 865, 118, 314]"
6910,"[48, 1899, 1907, 1713, 1619]"
6911,"[1320, 420, 403, 1197, 665]"
6912,"[1567, 37, 1063, 1006, 43]"
6913,"[1608, 1929, 1607, 886, 1517]"
6914,"[46, 111, 1564, 892, 1805]"
6915,"[1574, 1063, 905, 426, 1567]"
6916,"[1193, 1567, 537, 1351, 1909]"
6917,"[1630, 1680, 443, 1574, 18]"
6918,"[1904, 1869, 425, 1532, 1489]"
6919,"[885, 18, 903, 807, 1574]"
6920,"[1915, 34, 216, 849, 1194]"
6921,"[437, 1575, 446, 1197, 405]"
6922,"[480, 403, 1717, 611, 99]"
6923,"[1157, 368, 1186, 501, 739]"
6924,"[807, 18, 739, 1855, 1846]"
6925,"[1567, 1896, 114, 1618, 1611]"
6926,"[1249, 807, 18, 1573, 54]"
6927,"[1915, 885, 1933, 1680, 1630]"
6928,"[368, 1191, 1896, 1056, 891]"
6929,"[368, 1607, 372, 114, 1157]"
6930,"[1587, 18, 1567, 43, 807]"
6931,"[1534, 1561, 1603, 1602, 473]"
6932,"[1516, 1197, 1902, 480, 1320]"
6933,"[420, 1902, 1516, 921, 1320]"
6934,"[44, 43, 1567, 606, 1249]"
6935,"[1666, 823, 1321, 696, 18]"
6936,"[1070, 1656, 291, 1112, 111]"
6937,"[1069, 1567, 1679, 37, 18]"
6938,"[538, 1377, 433, 1063, 670]"
6939,"[1610, 1548, 884, 1249, 1522]"
6940,"[1924, 478, 1561, 807, 1639]"
6941,"[1937, 1249, 807, 1583, 1596]"
6942,"[1467, 1708, 18, 1806, 1567]"
6943,"[1573, 660, 1588, 807, 18]"
6944,"[478, 786, 1434, 403, 561]"
6945,"[667, 1902, 1040, 927, 1900]"
6946,"[413, 443, 44, 1567, 1772]"
6947,"[1902, 1552, 1543, 1197, 807]"
6948,"[18, 16, 44, 1708, 1772]"
6949,"[428, 1863, 807, 1861, 18]"
6950,"[1666, 1030, 1193, 1919, 1930]"
6951,"[1516, 1639, 1560, 1698, 478]"
6952,"[126, 1778, 102, 1199, 904]"
6953,"[44, 43, 1567, 1679, 16]"
6954,"[1900, 1574, 18, 723, 1249]"
6955,"[1193, 1909, 1194, 1926, 1885]"
6956,"[1924, 478, 1937, 1553, 111]"
6957,"[1666, 160, 1149, 1567, 1574]"
6958,"[1666, 406, 407, 160, 1649]"
6959,"[1902, 1219, 1552, 1197, 1543]"
6960,"[113, 1897, 1922, 1534, 43]"
6961,"[443, 1772, 18, 807, 1679]"
6962,"[43, 872, 1587, 892, 1588]"
6963,"[114, 1567, 18, 1611, 16]"
6964,"[18, 1567, 1900, 1882, 16]"
6965,"[1193, 927, 43, 1587, 1567]"
6966,"[1438, 531, 1772, 1495, 807]"
6967,"[1071, 868, 1748, 1904, 43]"
6968,"[48, 446, 1645, 1713, 1701]"
6969,"[114, 16, 478, 1884, 1611]"
6970,"[1071, 868, 1904, 1748, 1807]"
6971,"[43, 1587, 1560, 892, 1927]"
6972,"[124, 1040, 1885, 97, 1518]"
6973,"[1902, 1219, 1900, 408, 1552]"
6974,"[368, 1072, 1892, 1554, 1639]"
6975,"[1929, 1592, 1608, 891, 886]"
6976,"[903, 1072, 1567, 1896, 480]"
6977,"[403, 1080, 1924, 1263, 1935]"
