q_id,web_list
1,"[132, 135, 1567, 372, 16]"
2,"[368, 372, 1557, 1, 1607]"
3,"[110, 116, 691, 1249, 16]"
4,"[1043, 1495, 659, 1900, 18]"
5,"[1586, 1193, 1520, 1029, 1561]"
6,"[697, 1900, 480, 891, 952]"
7,"[1906, 1916, 1528, 1178, 1588]"
8,"[282, 66, 1738, 368, 501]"
9,"[1193, 886, 1909, 1340, 1458]"
10,"[1884, 16, 116, 1197, 48]"
11,"[46, 114, 112, 18, 612]"
12,"[1611, 1192, 926, 114, 1712]"
13,"[1193, 927, 1587, 1897, 1922]"
14,"[1567, 372, 739, 132, 368]"
15,"[1826, 512, 1472, 18, 114]"
16,"[368, 421, 361, 265, 1917]"
17,"[1733, 739, 1725, 368, 608]"
18,"[1904, 1607, 1587, 1472, 1733]"
19,"[1900, 1495, 1598, 824, 1915]"
20,"[128, 1915, 1520, 1676, 811]"
21,"[18, 114, 116, 1733, 1884]"
22,"[1619, 891, 1491, 1894, 1412]"
23,"[1809, 410, 1193, 1666, 501]"
24,"[1541, 793, 1201, 1887, 1118]"
25,"[114, 1917, 1897, 1922, 116]"
26,"[606, 1006, 1063, 1204, 579]"
27,"[884, 1320, 468, 401, 807]"
28,"[420, 1249, 1885, 478, 1025]"
29,"[116, 1619, 1516, 1894, 886]"
30,"[1884, 1567, 43, 1897, 1922]"
31,"[113, 1618, 1886, 355, 1598]"
32,"[116, 1900, 1733, 114, 110]"
33,"[1884, 48, 1197, 16, 1900]"
34,"[132, 135, 372, 1567, 893]"
35,"[1725, 608, 739, 368, 1738]"
36,"[1063, 1902, 1567, 526, 927]"
37,"[1725, 608, 768, 1738, 739]"
38,"[1725, 1607, 608, 768, 739]"
39,"[878, 478, 1924, 1915, 1894]"
40,"[1900, 891, 659, 1193, 691]"
41,"[37, 1197, 95, 1320, 1567]"
42,"[363, 1557, 1581, 1192, 1113]"
43,"[501, 1861, 1457, 1404, 1197]"
44,"[1861, 242, 1197, 16, 1902]"
45,"[1063, 927, 739, 48, 1204]"
46,"[425, 1032, 421, 1567, 901]"
47,"[1627, 1587, 1907, 1905, 1527]"
48,"[1588, 1193, 1906, 1113, 1567]"
49,"[110, 48, 1344, 1934, 375]"
50,"[900, 1809, 410, 1202, 1666]"
51,"[1725, 608, 768, 1738, 745]"
52,"[1900, 1902, 114, 1043, 1045]"
53,"[132, 135, 1567, 372, 16]"
54,"[1193, 116, 723, 687, 659]"
55,"[608, 1725, 768, 739, 740]"
56,"[1587, 1904, 1897, 1922, 413]"
57,"[608, 739, 1725, 368, 773]"
58,"[606, 44, 1618, 1249, 16]"
59,"[1869, 114, 471, 645, 1192]"
60,"[1926, 693, 1127, 1178, 439]"
61,"[1157, 1567, 501, 1186, 1691]"
62,"[1924, 478, 1495, 1457, 1900]"
63,"[868, 1071, 1748, 1902, 1900]"
64,"[1567, 1904, 1885, 95, 1063]"
65,"[534, 1567, 995, 16, 114]"
66,"[845, 1457, 1794, 1900, 1902]"
67,"[739, 336, 1587, 1603, 16]"
68,"[1588, 665, 658, 666, 420]"
69,"[501, 374, 1340, 773, 510]"
70,"[1896, 1567, 1884, 1443, 1894]"
71,"[113, 1534, 1676, 1618, 1408]"
72,"[1700, 1904, 891, 1593, 1587]"
73,"[1855, 1846, 1861, 425, 632]"
74,"[1574, 37, 1193, 426, 1898]"
75,"[43, 1588, 1587, 1191, 113]"
76,"[1193, 886, 1620, 1618, 1809]"
77,"[823, 1917, 408, 347, 1900]"
78,"[116, 1197, 1618, 1619, 524]"
79,"[1574, 426, 1898, 1483, 88]"
80,"[903, 114, 501, 16, 539]"
81,"[445, 443, 44, 1434, 16]"
82,"[1249, 1869, 452, 79, 1915]"
83,"[606, 691, 1723, 1249, 1567]"
84,"[1557, 480, 363, 135, 54]"
85,"[1620, 1043, 1520, 1590, 1920]"
86,"[884, 401, 1192, 1567, 1239]"
87,"[1742, 1534, 1564, 1542, 1489]"
88,"[132, 1567, 1896, 135, 1607]"
89,"[1581, 1900, 1495, 480, 443]"
90,"[884, 51, 1794, 610, 787]"
91,"[687, 1070, 1713, 102, 1556]"
92,"[1567, 16, 114, 132, 1611]"
93,"[1733, 891, 691, 501, 655]"
94,"[116, 16, 1197, 48, 446]"
95,"[37, 95, 1567, 1618, 114]"
96,"[1894, 1516, 1495, 1457, 44]"
97,"[1861, 1846, 655, 1855, 1772]"
98,"[1487, 368, 1125, 691, 1344]"
99,"[1717, 785, 661, 88, 1718]"
100,"[16, 114, 1611, 1567, 1615]"
101,"[1900, 1561, 1915, 1148, 1902]"
102,"[1826, 1825, 1472, 512, 1607]"
103,"[773, 608, 739, 374, 824]"
104,"[926, 1617, 1618, 1567, 1555]"
105,"[1772, 1287, 1861, 446, 1588]"
106,"[1008, 1014, 1676, 247, 322]"
107,"[1733, 446, 691, 1902, 632]"
108,"[48, 661, 1897, 1922, 54]"
109,"[660, 417, 1567, 16, 1204]"
110,"[502, 403, 1638, 1603, 1607]"
111,"[417, 824, 1239, 374, 446]"
112,"[1193, 886, 419, 537, 1351]"
113,"[73, 468, 1320, 1717, 749]"
114,"[1068, 425, 446, 1900, 1915]"
115,"[443, 403, 1495, 468, 374]"
116,"[1586, 1193, 1909, 1029, 1040]"
117,"[1066, 739, 43, 289, 1554]"
118,"[1725, 608, 768, 1738, 761]"
119,"[1032, 116, 891, 1900, 478]"
120,"[1717, 661, 16, 468, 632]"
121,"[608, 368, 739, 773, 1676]"
122,"[1772, 1846, 1855, 452, 471]"
123,"[1620, 410, 1202, 289, 541]"
124,"[468, 1581, 73, 480, 1557]"
125,"[54, 57, 58, 1896, 468]"
126,"[1733, 691, 60, 1869, 647]"
127,"[1193, 1618, 421, 1619, 927]"
128,"[16, 114, 1567, 1611, 884]"
129,"[608, 739, 1725, 368, 773]"
130,"[1617, 1722, 292, 1655, 1555]"
131,"[1717, 652, 1246, 471, 1860]"
132,"[1907, 1401, 1618, 1885, 786]"
133,"[1924, 478, 1733, 1495, 691]"
134,"[1924, 1314, 478, 1193, 1885]"
135,"[608, 1725, 1472, 1825, 512]"
136,"[401, 47, 632, 1717, 393]"
137,"[1608, 1607, 1517, 1581, 1896]"
138,"[1567, 1896, 1192, 1618, 132]"
139,"[1896, 1666, 1608, 886, 1193]"
140,"[1861, 1855, 1846, 1290, 236]"
141,"[1438, 1915, 1343, 497, 1772]"
142,"[1899, 1526, 1588, 1906, 114]"
143,"[1574, 1193, 426, 1898, 905]"
144,"[677, 1389, 513, 509, 1902]"
145,"[48, 1587, 1437, 1514, 1440]"
146,"[453, 78, 495, 16, 44]"
147,"[892, 1861, 918, 959, 914]"
148,"[1567, 95, 37, 16, 1063]"
149,"[1239, 1113, 1930, 1557, 1191]"
150,"[1567, 108, 1072, 53, 371]"
151,"[1915, 1861, 1885, 1588, 1894]"
152,"[114, 1066, 16, 1113, 926]"
153,"[537, 886, 1193, 1351, 406]"
154,"[1894, 1772, 44, 16, 1567]"
155,"[692, 693, 1666, 109, 1316]"
156,"[1567, 1882, 1805, 73, 1742]"
157,"[1733, 739, 608, 1725, 1567]"
158,"[1567, 1071, 1588, 16, 1884]"
159,"[44, 1638, 1614, 114, 109]"
160,"[1006, 1666, 407, 406, 1598]"
161,"[868, 1071, 1748, 1884, 1897]"
162,"[1567, 1618, 1193, 1885, 37]"
163,"[1567, 1896, 1192, 114, 16]"
164,"[1619, 443, 1599, 1894, 891]"
165,"[1516, 1894, 116, 825, 492]"
166,"[1287, 135, 1895, 828, 1567]"
167,"[1541, 793, 1197, 1564, 1201]"
168,"[1006, 16, 1063, 53, 723]"
169,"[1917, 270, 359, 355, 1340]"
170,"[1772, 1902, 1809, 501, 361]"
171,"[892, 1673, 128, 868, 1748]"
172,"[1567, 1896, 1618, 1907, 16]"
173,"[807, 1897, 1922, 401, 1287]"
174,"[1588, 43, 113, 1193, 691]"
175,"[1534, 899, 1560, 175, 164]"
176,"[1638, 1495, 901, 551, 600]"
177,"[1591, 271, 1592, 1676, 965]"
178,"[1748, 1588, 1613, 892, 1907]"
179,"[417, 1640, 1913, 807, 412]"
180,"[1900, 1066, 1915, 374, 824]"
181,"[1581, 884, 1192, 135, 1557]"
182,"[1239, 1930, 1193, 606, 1557]"
183,"[1562, 1032, 1067, 1915, 1926]"
184,"[417, 1239, 1915, 446, 473]"
185,"[1458, 538, 886, 368, 1896]"
186,"[1193, 1725, 739, 608, 1885]"
187,"[113, 43, 1897, 1922, 1904]"
188,"[1884, 116, 1900, 114, 1902]"
189,"[1742, 1860, 1864, 1868, 579]"
190,"[1900, 1495, 1915, 1902, 1561]"
191,"[1710, 114, 1113, 369, 1066]"
192,"[900, 410, 1202, 1567, 1809]"
193,"[1495, 1567, 1302, 1846, 18]"
194,"[1567, 37, 1885, 95, 1193]"
195,"[1495, 374, 1676, 1900, 425]"
196,"[16, 48, 413, 1567, 1063]"
197,"[608, 1725, 1472, 1825, 1826]"
198,"[1557, 1598, 926, 1618, 1617]"
199,"[1923, 865, 863, 1747, 773]"
200,"[116, 1884, 1495, 1900, 1197]"
201,"[1193, 927, 43, 1748, 1587]"
202,"[1809, 1193, 886, 1620, 425]"
203,"[1717, 1742, 468, 72, 1772]"
204,"[1607, 1904, 1608, 1517, 1587]"
205,"[1794, 1924, 478, 1900, 116]"
206,"[1516, 1894, 1619, 133, 1525]"
207,"[16, 48, 807, 884, 114]"
208,"[1481, 1366, 16, 582, 468]"
209,"[606, 723, 1915, 1320, 1063]"
210,"[823, 67, 731, 725, 1584]"
211,"[16, 1924, 478, 48, 1733]"
212,"[868, 811, 413, 1071, 1748]"
213,"[114, 16, 1567, 116, 1611]"
214,"[116, 1724, 1675, 902, 564]"
215,"[1926, 1574, 1567, 426, 1898]"
216,"[1567, 16, 114, 1611, 1896]"
217,"[73, 579, 1557, 468, 1772]"
218,"[1885, 1588, 1567, 1889, 1193]"
219,"[927, 691, 1619, 446, 16]"
220,"[927, 1619, 691, 446, 1929]"
221,"[1608, 1607, 1191, 1896, 1193]"
222,"[1934, 374, 1659, 773, 1620]"
223,"[1574, 1567, 1193, 551, 37]"
224,"[1567, 1896, 1192, 1618, 16]"
225,"[1906, 901, 1873, 1836, 1528]"
226,"[1666, 1239, 612, 1255, 1193]"
227,"[413, 1587, 1539, 1897, 1922]"
228,"[114, 1349, 455, 44, 539]"
229,"[1728, 784, 645, 1666, 691]"
230,"[927, 1193, 1587, 1613, 43]"
231,"[1249, 1869, 1417, 1257, 452]"
232,"[1448, 557, 1599, 1900, 1567]"
233,"[114, 16, 1611, 1567, 884]"
234,"[927, 50, 884, 54, 57]"
235,"[132, 1620, 114, 1567, 1192]"
236,"[16, 114, 901, 535, 1062]"
237,"[1926, 1612, 519, 426, 1898]"
238,"[796, 1249, 1043, 1869, 1915]"
239,"[439, 631, 1238, 1454, 451]"
240,"[1193, 1723, 1680, 1929, 1567]"
241,"[1239, 1930, 1193, 1557, 606]"
242,"[1588, 1351, 1025, 1034, 1033]"
243,"[132, 1567, 135, 1618, 16]"
244,"[1567, 1896, 114, 1587, 1191]"
245,"[478, 1924, 1567, 1886, 1869]"
246,"[1900, 368, 1902, 1072, 1896]"
247,"[355, 73, 468, 271, 1733]"
248,"[1733, 691, 368, 1896, 54]"
249,"[1191, 455, 114, 390, 1113]"
250,"[807, 1320, 691, 579, 595]"
251,"[1601, 1006, 888, 1366, 1604]"
252,"[1906, 1588, 1928, 1620, 1043]"
253,"[1733, 446, 691, 443, 807]"
254,"[51, 1900, 1902, 114, 116]"
255,"[1531, 687, 723, 468, 1742]"
256,"[1157, 368, 1193, 1255, 1186]"
257,"[1894, 891, 505, 1516, 1809]"
258,"[1733, 501, 1457, 691, 420]"
259,"[1915, 892, 868, 1618, 113]"
260,"[1516, 655, 1894, 661, 1772]"
261,"[494, 1453, 1894, 1764, 123]"
262,"[892, 1886, 1249, 1598, 1885]"
263,"[1193, 927, 1914, 419, 406]"
264,"[374, 1603, 368, 759, 739]"
265,"[1924, 478, 660, 1495, 1457]"
266,"[1193, 1567, 1885, 106, 1578]"
267,"[1555, 891, 292, 1655, 1617]"
268,"[1924, 478, 1884, 686, 687]"
269,"[1615, 691, 1538, 43, 1567]"
270,"[1567, 884, 1772, 579, 443]"
271,"[51, 847, 1929, 1154, 1592]"
272,"[1052, 1193, 1666, 363, 721]"
273,"[1900, 114, 1902, 1915, 1234]"
274,"[1193, 1896, 1608, 508, 1909]"
275,"[363, 773, 135, 1459, 1613]"
276,"[290, 1122, 1696, 1167, 501]"
277,"[1567, 259, 224, 256, 537]"
278,"[612, 527, 114, 1204, 639]"
279,"[1491, 1442, 1412, 524, 1555]"
280,"[372, 132, 403, 1490, 1404]"
281,"[1904, 1212, 1191, 1613, 1896]"
282,"[37, 1574, 1926, 1567, 426]"
283,"[1930, 1113, 368, 1193, 1557]"
284,"[1588, 1906, 612, 1193, 1612]"
285,"[927, 632, 401, 1204, 807]"
286,"[892, 1900, 1673, 872, 660]"
287,"[1056, 401, 1618, 1204, 18]"
288,"[18, 114, 1472, 1495, 1500]"
289,"[903, 1590, 419, 1930, 886]"
290,"[1924, 478, 1900, 1902, 1197]"
291,"[1588, 1487, 773, 1861, 1915]"
292,"[1886, 128, 892, 1587, 1191]"
293,"[723, 1902, 420, 1320, 1197]"
294,"[1567, 37, 1620, 660, 1885]"
295,"[588, 1917, 1900, 891, 114]"
296,"[1620, 1239, 1043, 114, 1520]"
297,"[1574, 1900, 1917, 426, 1898]"
298,"[114, 1192, 116, 1567, 1897]"
299,"[432, 1884, 1312, 1677, 1562]"
300,"[95, 901, 1612, 403, 132]"
301,"[796, 1869, 1249, 1886, 1043]"
302,"[1516, 1894, 891, 1619, 443]"
303,"[1869, 1861, 160, 1886, 1915]"
304,"[1924, 478, 1884, 116, 1204]"
305,"[1772, 73, 1742, 403, 580]"
306,"[1727, 624, 1731, 691, 375]"
307,"[468, 16, 1567, 1717, 1772]"
308,"[886, 419, 1193, 537, 1351]"
309,"[412, 1733, 411, 691, 446]"
310,"[135, 1098, 73, 1557, 717]"
311,"[501, 417, 1193, 1723, 1204]"
312,"[1894, 1700, 1516, 102, 1525]"
313,"[1861, 1855, 1846, 493, 1826]"
314,"[298, 1094, 1265, 434, 1687]"
315,"[162, 1666, 934, 174, 176]"
316,"[1725, 608, 768, 1738, 745]"
317,"[114, 116, 1656, 16, 48]"
318,"[1900, 1032, 1006, 1064, 1917]"
319,"[114, 1900, 1902, 116, 1884]"
320,"[1932, 1630, 1917, 891, 1680]"
321,"[114, 1900, 1902, 116, 478]"
322,"[368, 1619, 1896, 1072, 114]"
323,"[1338, 1428, 1584, 731, 1006]"
324,"[114, 16, 44, 660, 43]"
325,"[1869, 428, 1886, 580, 579]"
326,"[1607, 1725, 608, 739, 768]"
327,"[413, 811, 1071, 868, 1748]"
328,"[1497, 885, 926, 1406, 891]"
329,"[659, 723, 606, 16, 1567]"
330,"[1861, 927, 1495, 891, 1900]"
331,"[16, 1521, 1772, 1204, 1461]"
332,"[1618, 501, 114, 1619, 1249]"
333,"[1192, 501, 1809, 401, 884]"
334,"[1607, 1608, 1825, 1826, 1472]"
335,"[1193, 114, 807, 1574, 1882]"
336,"[891, 784, 1717, 468, 1772]"
337,"[723, 687, 1531, 16, 659]"
338,"[1193, 1588, 927, 1025, 1909]"
339,"[1581, 884, 1192, 135, 1557]"
340,"[114, 16, 1567, 18, 51]"
341,"[645, 1495, 612, 1192, 114]"
342,"[667, 1902, 102, 1900, 1746]"
343,"[114, 1567, 16, 807, 1192]"
344,"[807, 1659, 18, 1557, 1193]"
345,"[1269, 1608, 1517, 1256, 1259]"
346,"[114, 16, 1900, 1902, 1113]"
347,"[1601, 109, 1604, 693, 116]"
348,"[1249, 927, 900, 406, 407]"
349,"[114, 116, 1724, 1567, 1884]"
350,"[788, 524, 1619, 544, 1900]"
351,"[1924, 478, 1197, 18, 1204]"
352,"[1006, 1557, 579, 468, 1192]"
353,"[468, 1320, 73, 1197, 1063]"
354,"[1193, 1809, 1340, 1620, 425]"
355,"[927, 1676, 368, 1193, 501]"
356,"[885, 1344, 114, 1926, 1064]"
357,"[114, 1924, 478, 116, 1192]"
358,"[1869, 1772, 1814, 1813, 1819]"
359,"[1723, 114, 1495, 1900, 1904]"
360,"[1574, 1900, 413, 426, 1898]"
361,"[886, 1193, 1351, 1900, 1042]"
362,"[1574, 1900, 413, 426, 1898]"
363,"[43, 114, 44, 1900, 1587]"
364,"[1574, 426, 1898, 88, 1718]"
365,"[410, 1202, 1612, 1809, 926]"
366,"[1307, 468, 1717, 1772, 16]"
367,"[1270, 1658, 1710, 16, 468]"
368,"[1340, 1193, 1909, 886, 1389]"
369,"[1861, 1247, 884, 1846, 655]"
370,"[1235, 1516, 443, 891, 1894]"
371,"[501, 1495, 1676, 1809, 374]"
372,"[73, 1320, 468, 1197, 1574]"
373,"[412, 446, 1733, 411, 691]"
374,"[1197, 1900, 478, 116, 1924]"
375,"[73, 1885, 1197, 1320, 468]"
376,"[1071, 811, 426, 1898, 88]"
377,"[1495, 1900, 1902, 505, 374]"
378,"[1461, 582, 16, 561, 1772]"
379,"[1567, 413, 1613, 1904, 478]"
380,"[1574, 37, 426, 1898, 413]"
381,"[368, 1725, 739, 608, 1]"
382,"[892, 478, 1924, 1457, 1900]"
383,"[1733, 368, 54, 57, 58]"
384,"[1574, 1193, 426, 1898, 1909]"
385,"[1619, 1599, 891, 1894, 114]"
386,"[1733, 691, 446, 114, 807]"
387,"[132, 1567, 135, 1733, 16]"
388,"[1059, 289, 1113, 1193, 1930]"
389,"[1588, 501, 1906, 331, 1809]"
390,"[1900, 1557, 1495, 1598, 824]"
391,"[1926, 445, 609, 1204, 1193]"
392,"[1897, 1922, 113, 1587, 43]"
393,"[417, 446, 1915, 374, 773]"
394,"[1717, 72, 1742, 1679, 645]"
395,"[1567, 1896, 1192, 1618, 16]"
396,"[478, 891, 1894, 1516, 645]"
397,"[114, 1192, 455, 1567, 16]"
398,"[501, 773, 1457, 1404, 1618]"
399,"[1193, 927, 1733, 1587, 43]"
400,"[1567, 37, 1885, 95, 1742]"
401,"[1746, 409, 90, 930, 1701]"
402,"[1884, 16, 1197, 48, 1924]"
403,"[110, 1884, 116, 1619, 1782]"
404,"[1869, 73, 1772, 16, 580]"
405,"[501, 432, 1339, 1809, 1587]"
406,"[1930, 372, 1567, 1193, 368]"
407,"[1260, 1256, 430, 1676, 1900]"
408,"[1900, 1713, 289, 1902, 1070]"
409,"[1197, 891, 1655, 691, 1733]"
410,"[1193, 1907, 1066, 1071, 1029]"
411,"[116, 1193, 16, 1567, 446]"
412,"[1601, 1191, 1316, 692, 693]"
413,"[271, 965, 959, 952, 204]"
414,"[1861, 1846, 649, 611, 1855]"
415,"[135, 1187, 1476, 1581, 1482]"
416,"[1904, 116, 425, 1489, 1897]"
417,"[1618, 501, 1193, 1620, 1885]"
418,"[1592, 1680, 1929, 1590, 1154]"
419,"[1157, 608, 1186, 740, 1567]"
420,"[534, 1809, 632, 425, 1588]"
421,"[479, 543, 1733, 1449, 903]"
422,"[892, 1886, 1567, 43, 1587]"
423,"[1486, 1340, 1772, 1504, 66]"
424,"[1725, 608, 739, 768, 1738]"
425,"[1733, 608, 739, 1725, 773]"
426,"[446, 1239, 417, 1197, 425]"
427,"[1192, 114, 451, 693, 116]"
428,"[1567, 1896, 508, 1318, 224]"
429,"[739, 368, 927, 1125, 1647]"
430,"[903, 543, 1249, 885, 110]"
431,"[1063, 1723, 37, 72, 563]"
432,"[1197, 478, 1567, 1884, 1924]"
433,"[1861, 1900, 425, 1846, 1495]"
434,"[1193, 927, 886, 1930, 1909]"
435,"[132, 1567, 135, 372, 1733]"
436,"[1587, 900, 1666, 1676, 926]"
437,"[1212, 1904, 1567, 608, 1725]"
438,"[1567, 1885, 1618, 95, 1894]"
439,"[1516, 1772, 1894, 1340, 1224]"
440,"[1574, 1900, 426, 1898, 1917]"
441,"[891, 1491, 1412, 1619, 1618]"
442,"[1894, 1904, 1567, 512, 1915]"
443,"[1896, 368, 54, 57, 58]"
444,"[1239, 606, 1193, 1930, 807]"
445,"[891, 1320, 142, 957, 205]"
446,"[114, 807, 1900, 7, 1495]"
447,"[1249, 900, 1550, 1886, 1676]"
448,"[114, 116, 1249, 1197, 1900]"
449,"[1587, 1071, 1627, 868, 1193]"
450,"[1193, 1340, 1909, 1458, 1389]"
451,"[608, 1725, 368, 739, 773]"
452,"[1574, 1917, 426, 1898, 1926]"
453,"[1900, 1917, 687, 1902, 114]"
454,"[1666, 406, 407, 443, 160]"
455,"[261, 224, 1317, 1567, 259]"
456,"[1587, 43, 413, 1904, 1897]"
457,"[796, 1588, 1916, 116, 114]"
458,"[1900, 1691, 886, 446, 1543]"
459,"[1302, 1447, 1252, 1928, 510]"
460,"[1929, 420, 1906, 505, 1592]"
461,"[884, 807, 16, 1772, 579]"
462,"[1861, 1855, 1846, 501, 1620]"
463,"[1713, 1006, 1884, 1524, 1559]"
464,"[1900, 1924, 1733, 478, 1457]"
465,"[73, 468, 1581, 1557, 1006]"
466,"[892, 1886, 1587, 1896, 326]"
467,"[73, 468, 795, 821, 71]"
468,"[891, 1491, 1412, 1619, 18]"
469,"[1733, 645, 691, 1192, 446]"
470,"[1192, 1611, 811, 1709, 1071]"
471,"[1255, 1506, 1474, 1302, 511]"
472,"[110, 16, 1567, 807, 606]"
473,"[1680, 1193, 886, 1042, 885]"
474,"[349, 480, 51, 853, 1495]"
475,"[1554, 927, 964, 952, 915]"
476,"[1340, 1504, 1223, 510, 1772]"
477,"[1457, 623, 1567, 901, 1465]"
478,"[1193, 927, 43, 1900, 1587]"
479,"[413, 1897, 1922, 114, 426]"
480,"[608, 739, 1725, 368, 773]"
481,"[1667, 1197, 242, 1861, 233]"
482,"[1617, 292, 1655, 691, 116]"
483,"[1607, 1725, 608, 768, 739]"
484,"[1900, 1884, 116, 1902, 1543]"
485,"[413, 868, 1904, 1567, 95]"
486,"[1607, 1904, 1608, 1517, 1587]"
487,"[16, 114, 1567, 535, 507]"
488,"[1612, 1574, 1620, 1927, 1065]"
489,"[425, 78, 1525, 1638, 1193]"
490,"[1900, 1884, 1902, 116, 114]"
491,"[501, 1549, 1457, 1404, 1197]"
492,"[368, 1607, 372, 1125, 1896]"
493,"[1869, 1886, 1900, 1902, 1068]"
494,"[44, 1610, 1733, 1896, 368]"
495,"[1894, 1890, 1884, 878, 1516]"
496,"[739, 120, 1916, 1581, 773]"
497,"[1193, 1930, 368, 1638, 1191]"
498,"[1193, 927, 43, 1588, 1885]"
499,"[114, 1192, 692, 116, 109]"
500,"[1557, 1679, 16, 468, 1212]"
501,"[1588, 114, 901, 445, 1906]"
502,"[1536, 1531, 1562, 1249, 530]"
503,"[609, 1032, 556, 1489, 1564]"
504,"[1193, 1567, 1809, 1620, 886]"
505,"[1019, 114, 360, 367, 1193]"
506,"[927, 1588, 16, 44, 1575]"
507,"[1936, 1666, 823, 824, 406]"
508,"[1906, 1588, 1528, 1916, 903]"
509,"[1574, 426, 1898, 88, 1718]"
510,"[1619, 891, 1900, 114, 1715]"
511,"[114, 16, 1567, 535, 1113]"
512,"[132, 372, 368, 1157, 1567]"
513,"[1338, 1666, 731, 1574, 1006]"
514,"[1056, 363, 773, 1894, 1613]"
515,"[927, 1193, 1587, 54, 57]"
516,"[965, 116, 911, 691, 916]"
517,"[608, 761, 773, 739, 762]"
518,"[1620, 1193, 1032, 1917, 1040]"
519,"[220, 229, 1058, 1248, 16]"
520,"[1884, 524, 99, 1495, 544]"
521,"[73, 1772, 468, 1204, 1006]"
522,"[160, 1193, 1900, 1567, 688]"
523,"[1026, 1915, 1588, 1885, 1894]"
524,"[403, 885, 1338, 725, 1666]"
525,"[1902, 661, 1900, 1676, 1805]"
526,"[589, 1713, 1070, 1746, 1701]"
527,"[900, 926, 773, 470, 620]"
528,"[1613, 1530, 257, 1125, 1191]"
529,"[639, 1772, 579, 1885, 580]"
530,"[1899, 1892, 1487, 1526, 1907]"
531,"[501, 1457, 1404, 374, 892]"
532,"[1608, 1675, 891, 1607, 1638]"
533,"[1567, 16, 114, 1733, 1157]"
534,"[443, 1495, 468, 1567, 1900]"
535,"[1307, 1495, 1924, 678, 1237]"
536,"[1207, 37, 403, 903, 1490]"
537,"[1924, 478, 1884, 116, 1197]"
538,"[891, 478, 868, 580, 600]"
539,"[1317, 1567, 16, 256, 224]"
540,"[471, 645, 114, 18, 1192]"
541,"[452, 1900, 1300, 749, 1929]"
542,"[1611, 114, 1192, 1249, 16]"
543,"[1916, 425, 1676, 1809, 691]"
544,"[1193, 1567, 1885, 478, 1907]"
545,"[403, 1809, 1615, 1862, 1263]"
546,"[927, 1619, 1557, 1617, 891]"
547,"[1263, 1607, 1538, 501, 1193]"
548,"[78, 1607, 1608, 1896, 886]"
549,"[1924, 478, 1937, 552, 901]"
550,"[114, 1917, 420, 425, 901]"
551,"[1915, 1561, 1560, 1620, 892]"
552,"[1567, 1733, 1056, 1066, 1067]"
553,"[1725, 608, 739, 768, 1738]"
554,"[1157, 1192, 501, 1607, 1835]"
555,"[891, 1536, 116, 1516, 1894]"
556,"[114, 891, 1567, 16, 807]"
557,"[132, 1567, 135, 1618, 1733]"
558,"[1924, 478, 1197, 868, 1071]"
559,"[413, 811, 1071, 868, 1748]"
560,"[1894, 1885, 1588, 1884, 37]"
561,"[114, 116, 1249, 1896, 1567]"
562,"[1900, 1915, 1344, 1562, 1032]"
563,"[1516, 1846, 1894, 1855, 1772]"
564,"[1924, 478, 116, 1733, 1884]"
565,"[419, 886, 1193, 1351, 1037]"
566,"[426, 457, 88, 1718, 792]"
567,"[1894, 1700, 1197, 1516, 102]"
568,"[51, 891, 1495, 1457, 1900]"
569,"[1193, 1907, 1885, 1567, 1930]"
570,"[1904, 1607, 1587, 1532, 1472]"
571,"[1191, 1588, 1904, 1906, 106]"
572,"[1620, 1193, 1809, 1733, 1495]"
573,"[1896, 1618, 1909, 114, 1193]"
574,"[132, 135, 1567, 372, 16]"
575,"[1557, 1495, 1900, 1249, 1618]"
576,"[452, 1300, 936, 739, 1457]"
577,"[1340, 1223, 567, 510, 1772]"
578,"[1193, 1897, 1922, 927, 1587]"
579,"[1574, 1897, 1922, 1587, 478]"
580,"[927, 1588, 823, 1584, 1338]"
581,"[1153, 256, 1567, 927, 16]"
582,"[1249, 1550, 1619, 1846, 900]"
583,"[1586, 1193, 1029, 1520, 1066]"
584,"[16, 114, 1884, 1611, 1924]"
585,"[1904, 660, 18, 1495, 1607]"
586,"[1680, 860, 807, 1619, 1608]"
587,"[1904, 1885, 1567, 1193, 868]"
588,"[886, 1193, 1351, 1620, 735]"
589,"[1586, 1193, 1029, 1520, 1040]"
590,"[1846, 1861, 1855, 1869, 1915]"
591,"[116, 1897, 1922, 1884, 110]"
592,"[1913, 1454, 1587, 624, 114]"
593,"[606, 723, 1320, 468, 1885]"
594,"[878, 501, 1608, 1457, 478]"
595,"[501, 891, 1491, 1619, 1902]"
596,"[1884, 16, 1567, 18, 1495]"
597,"[1567, 1904, 37, 1316, 1885]"
598,"[1861, 1748, 452, 1302, 1301]"
599,"[18, 114, 1495, 1472, 1825]"
600,"[116, 1516, 1619, 1884, 1197]"
601,"[1861, 1809, 501, 735, 1916]"
602,"[1742, 1495, 1861, 1846, 1543]"
603,"[1063, 579, 807, 73, 16]"
604,"[1521, 16, 1567, 468, 443]"
605,"[1900, 1032, 1902, 1917, 421]"
606,"[1193, 886, 1809, 1620, 425]"
607,"[132, 901, 1404, 37, 403]"
608,"[16, 114, 1567, 739, 655]"
609,"[1924, 478, 114, 1900, 1902]"
610,"[1846, 1934, 665, 341, 655]"
611,"[54, 57, 58, 1717, 1723]"
612,"[692, 1712, 693, 1316, 1604]"
613,"[114, 535, 1567, 16, 1907]"
614,"[544, 524, 786, 787, 1742]"
615,"[1457, 1591, 1470, 1676, 1588]"
616,"[580, 578, 1936, 1902, 1279]"
617,"[1555, 1491, 1442, 1550, 1618]"
618,"[606, 723, 468, 1320, 1885]"
619,"[1936, 1638, 1935, 1255, 1066]"
620,"[1516, 44, 16, 1894, 1772]"
621,"[413, 46, 1529, 44, 443]"
622,"[1615, 1612, 446, 1075, 1556]"
623,"[1, 1063, 1567, 579, 16]"
624,"[891, 788, 524, 884, 786]"
625,"[411, 1676, 1619, 114, 691]"
626,"[1658, 632, 1733, 691, 1896]"
627,"[891, 1894, 1917, 1495, 1931]"
628,"[1226, 363, 1677, 1405, 1459]"
629,"[1287, 1213, 1897, 1922, 468]"
630,"[114, 16, 1567, 1032, 807]"
631,"[1574, 1193, 426, 1898, 1567]"
632,"[649, 114, 116, 1902, 1900]"
633,"[1567, 677, 1389, 513, 1772]"
634,"[1924, 478, 1900, 114, 1917]"
635,"[1574, 1193, 1914, 426, 1898]"
636,"[579, 468, 595, 1204, 73]"
637,"[1772, 1902, 1287, 1552, 1320]"
638,"[1204, 1733, 691, 446, 1239]"
639,"[1302, 1255, 1835, 1474, 1490]"
640,"[861, 1599, 443, 1900, 1495]"
641,"[1043, 501, 1618, 1809, 265]"
642,"[1043, 1620, 885, 265, 1934]"
643,"[4, 1313, 793, 1541, 1887]"
644,"[114, 1567, 16, 116, 408]"
645,"[132, 403, 1557, 502, 135]"
646,"[608, 1725, 739, 768, 1738]"
647,"[604, 930, 1567, 160, 1630]"
648,"[37, 1574, 1567, 426, 1898]"
649,"[1904, 1191, 1212, 1607, 1613]"
650,"[1191, 1607, 1608, 1896, 1557]"
651,"[1191, 1929, 1884, 535, 1592]"
652,"[608, 1725, 990, 1591, 271]"
653,"[16, 445, 44, 1900, 807]"
654,"[1491, 1618, 1619, 1412, 1442]"
655,"[1809, 1193, 1458, 1894, 886]"
656,"[1567, 114, 16, 455, 110]"
657,"[1896, 1617, 1567, 292, 1655]"
658,"[1249, 116, 1900, 1902, 114]"
659,"[455, 1929, 1592, 114, 1113]"
660,"[1567, 16, 114, 1896, 1611]"
661,"[644, 471, 1717, 1607, 1472]"
662,"[1924, 478, 1619, 1191, 672]"
663,"[114, 44, 1316, 43, 109]"
664,"[116, 114, 1906, 1928, 1567]"
665,"[114, 648, 116, 884, 1902]"
666,"[1936, 1928, 1619, 1534, 1591]"
667,"[1197, 420, 1934, 1902, 1320]"
668,"[860, 1897, 1922, 114, 1917]"
669,"[445, 606, 443, 16, 44]"
670,"[1581, 616, 652, 7, 901]"
671,"[501, 417, 1809, 1638, 1080]"
672,"[886, 1193, 1351, 1882, 1620]"
673,"[884, 1567, 468, 16, 471]"
674,"[608, 1725, 368, 739, 1738]"
675,"[606, 723, 1855, 1846, 1861]"
676,"[445, 16, 1772, 1204, 44]"
677,"[1917, 114, 349, 1900, 1902]"
678,"[18, 114, 691, 446, 1701]"
679,"[18, 446, 1733, 1495, 1567]"
680,"[132, 1567, 135, 1733, 16]"
681,"[635, 659, 784, 16, 1138]"
682,"[368, 1896, 108, 1125, 1072]"
683,"[114, 807, 1063, 408, 1039]"
684,"[1366, 1481, 582, 16, 687]"
685,"[677, 1389, 513, 1907, 1896]"
686,"[1584, 1915, 918, 1035, 964]"
687,"[824, 417, 1915, 1617, 446]"
688,"[735, 1193, 1032, 926, 1680]"
689,"[1113, 992, 1193, 1930, 368]"
690,"[468, 1913, 1570, 128, 111]"
691,"[1193, 43, 1587, 1586, 1615]"
692,"[723, 687, 16, 659, 1531]"
693,"[1521, 44, 1610, 43, 116]"
694,"[1504, 16, 1385, 553, 1900]"
695,"[687, 505, 1495, 1809, 1915]"
696,"[1239, 18, 1930, 114, 1193]"
697,"[1666, 1915, 406, 407, 1930]"
698,"[368, 372, 739, 1607, 1157]"
699,"[1617, 1924, 478, 292, 1201]"
700,"[1617, 292, 1722, 1655, 1555]"
701,"[368, 372, 1567, 132, 739]"
702,"[468, 1587, 48, 1733, 668]"
703,"[1157, 501, 1723, 1835, 1339]"
704,"[1680, 1193, 1042, 1592, 1909]"
705,"[1733, 1591, 534, 691, 271]"
706,"[1929, 1592, 1581, 1573, 1897]"
707,"[524, 218, 1655, 49, 1633]"
708,"[889, 901, 48, 1607, 1193]"
709,"[1713, 291, 121, 1537, 1533]"
710,"[1667, 1197, 242, 1861, 233]"
711,"[420, 1915, 1886, 1869, 1032]"
712,"[1567, 1896, 1192, 1618, 16]"
713,"[1581, 884, 1192, 1006, 1064]"
714,"[421, 1901, 1670, 1547, 1551]"
715,"[1193, 1907, 1026, 1909, 1926]"
716,"[1885, 639, 1193, 1588, 579]"
717,"[1587, 48, 1581, 1213, 1062]"
718,"[901, 501, 891, 432, 125]"
719,"[1197, 1924, 1567, 1884, 478]"
720,"[1191, 1025, 1536, 1594, 1193]"
721,"[114, 1192, 1897, 1922, 660]"
722,"[681, 1531, 954, 678, 1538]"
723,"[1900, 677, 557, 1567, 1495]"
724,"[73, 468, 1581, 1557, 135]"
725,"[1607, 1191, 1608, 1896, 1557]"
726,"[1193, 1714, 1889, 363, 1581]"
727,"[368, 660, 1239, 1772, 1188]"
728,"[1567, 1113, 1193, 1896, 16]"
729,"[16, 606, 1006, 43, 1567]"
730,"[1725, 608, 768, 1738, 761]"
731,"[1607, 1725, 608, 768, 739]"
732,"[1072, 1608, 1896, 368, 502]"
733,"[72, 567, 1717, 1679, 1772]"
734,"[1900, 1902, 697, 114, 1495]"
735,"[406, 407, 1666, 470, 620]"
736,"[1613, 16, 1666, 1006, 43]"
737,"[1607, 1904, 1587, 413, 1700]"
738,"[1113, 1619, 114, 1618, 540]"
739,"[132, 135, 372, 1567, 16]"
740,"[1316, 693, 582, 1481, 109]"
741,"[16, 1611, 114, 1113, 1567]"
742,"[417, 1006, 1239, 43, 1468]"
743,"[73, 468, 1557, 1581, 54]"
744,"[1574, 37, 426, 1898, 1193]"
745,"[1894, 1193, 421, 886, 1890]"
746,"[412, 1618, 1915, 411, 1239]"
747,"[1896, 1618, 1608, 116, 114]"
748,"[1900, 891, 687, 1902, 1619]"
749,"[1495, 443, 1900, 1902, 403]"
750,"[1187, 1193, 1072, 1213, 1809]"
751,"[1193, 886, 1351, 1620, 537]"
752,"[691, 114, 54, 57, 58]"
753,"[1924, 478, 116, 114, 1900]"
754,"[116, 1197, 1900, 339, 1902]"
755,"[1581, 723, 884, 135, 625]"
756,"[1567, 1588, 16, 1906, 114]"
757,"[927, 723, 1902, 1620, 1915]"
758,"[807, 580, 1567, 16, 606]"
759,"[1666, 165, 925, 924, 919]"
760,"[886, 1351, 1193, 735, 425]"
761,"[419, 886, 1193, 537, 1351]"
762,"[114, 18, 1495, 807, 662]"
763,"[687, 1608, 1607, 667, 1896]"
764,"[16, 1006, 901, 1712, 1192]"
765,"[1900, 1902, 1676, 1302, 1917]"
766,"[349, 443, 579, 468, 1567]"
767,"[1193, 1588, 426, 1926, 1898]"
768,"[687, 667, 1219, 1516, 1619]"
769,"[1574, 1733, 426, 1898, 1718]"
770,"[1557, 73, 1691, 1931, 1772]"
771,"[1193, 417, 1748, 868, 1612]"
772,"[1742, 1564, 1489, 1554, 1542]"
773,"[1894, 1453, 1891, 1889, 1613]"
774,"[1567, 413, 1537, 1896, 557]"
775,"[1192, 1611, 693, 1709, 682]"
776,"[1193, 1620, 1032, 1909, 1917]"
777,"[1613, 363, 1542, 691, 1530]"
778,"[1896, 1607, 1725, 608, 739]"
779,"[892, 1886, 1046, 288, 287]"
780,"[501, 691, 446, 773, 1457]"
781,"[1239, 1930, 1193, 1557, 1006]"
782,"[691, 1900, 1846, 1902, 51]"
783,"[114, 1885, 807, 1193, 580]"
784,"[739, 44, 1717, 16, 801]"
785,"[1567, 37, 1884, 1212, 496]"
786,"[886, 1591, 270, 1592, 1567]"
787,"[479, 927, 48, 1204, 18]"
788,"[1567, 114, 1611, 1896, 1191]"
789,"[660, 16, 110, 1772, 1567]"
790,"[1586, 1193, 1040, 1916, 1041]"
791,"[16, 48, 1884, 116, 1306]"
792,"[1733, 691, 446, 444, 54]"
793,"[1321, 1902, 16, 1742, 1567]"
794,"[1239, 1666, 612, 614, 414]"
795,"[368, 1619, 1896, 1607, 403]"
796,"[1619, 368, 292, 1125, 1072]"
797,"[1617, 292, 1722, 1677, 1655]"
798,"[1491, 891, 1618, 1619, 1555]"
799,"[903, 114, 16, 1567, 539]"
800,"[1638, 1588, 1193, 1529, 1906]"
801,"[1733, 691, 645, 446, 401]"
802,"[886, 1193, 537, 425, 1620]"
803,"[1574, 1907, 1620, 1071, 1626]"
804,"[1861, 1561, 1917, 425, 1560]"
805,"[288, 1006, 731, 1035, 1139]"
806,"[114, 16, 1900, 44, 1610]"
807,"[1191, 1897, 1922, 413, 1647]"
808,"[1567, 16, 114, 132, 1884]"
809,"[1204, 884, 1584, 216, 1917]"
810,"[1070, 1627, 1905, 1741, 1554]"
811,"[114, 1567, 1406, 16, 455]"
812,"[885, 408, 1733, 1052, 223]"
813,"[116, 113, 1032, 114, 289]"
814,"[510, 114, 1904, 18, 1574]"
815,"[446, 1574, 1193, 426, 1898]"
816,"[1193, 1917, 1588, 1733, 1916]"
817,"[1712, 558, 899, 865, 889]"
818,"[1869, 1408, 1772, 1567, 16]"
819,"[1063, 443, 692, 1112, 1495]"
820,"[1929, 1905, 421, 1547, 1897]"
821,"[1032, 1916, 359, 1039, 1029]"
822,"[1924, 478, 1937, 1677, 1304]"
823,"[1191, 692, 1192, 109, 1316]"
824,"[1733, 691, 1193, 1885, 446]"
825,"[116, 110, 1067, 1567, 1724]"
826,"[1897, 1922, 113, 1587, 1613]"
827,"[868, 1071, 1748, 43, 1588]"
828,"[1592, 420, 1929, 163, 721]"
829,"[1567, 1574, 426, 1898, 88]"
830,"[43, 1897, 1922, 1587, 1588]"
831,"[116, 1724, 1192, 455, 114]"
832,"[1193, 1587, 927, 1907, 1033]"
833,"[114, 116, 1192, 1724, 1907]"
834,"[1904, 105, 1191, 1589, 624]"
835,"[116, 1032, 1068, 1067, 1724]"
836,"[209, 968, 978, 971, 970]"
837,"[48, 1587, 495, 390, 1472]"
838,"[43, 44, 16, 807, 861]"
839,"[1587, 1588, 1191, 1193, 1567]"
840,"[823, 425, 1193, 1032, 1916]"
841,"[1615, 1586, 289, 1191, 1538]"
842,"[1055, 1053, 990, 1630, 403]"
843,"[927, 114, 1347, 1916, 1581]"
844,"[1619, 1885, 613, 662, 66]"
845,"[1193, 927, 1587, 1194, 43]"
846,"[1591, 1592, 233, 234, 235]"
847,"[927, 1588, 1351, 16, 337]"
848,"[1885, 1886, 95, 1567, 1618]"
849,"[1567, 468, 16, 579, 807]"
850,"[1574, 1193, 1909, 1212, 1588]"
851,"[659, 1448, 557, 677, 443]"
852,"[1733, 1587, 113, 1191, 1193]"
853,"[1581, 1929, 1032, 1534, 1603]"
854,"[275, 280, 274, 277, 912]"
855,"[1661, 626, 1495, 443, 1344]"
856,"[891, 1900, 114, 1723, 1902]"
857,"[807, 1588, 16, 1567, 1204]"
858,"[1888, 1902, 60, 1894, 891]"
859,"[1587, 1403, 1212, 44, 16]"
860,"[43, 1588, 1915, 44, 113]"
861,"[807, 1567, 16, 443, 1772]"
862,"[1193, 1620, 1615, 1613, 1927]"
863,"[612, 1666, 1193, 1638, 17]"
864,"[1197, 1040, 1495, 1902, 1900]"
865,"[1855, 1861, 1846, 425, 1302]"
866,"[1612, 1926, 1193, 1574, 426]"
867,"[128, 905, 530, 426, 1898]"
868,"[1924, 478, 1937, 552, 1304]"
869,"[116, 1724, 124, 1531, 1068]"
870,"[1069, 1603, 748, 1619, 844]"
871,"[108, 73, 1204, 798, 807]"
872,"[113, 112, 890, 1907, 43]"
873,"[890, 112, 1531, 113, 353]"
874,"[927, 1587, 95, 16, 632]"
875,"[261, 265, 233, 234, 235]"
876,"[114, 1897, 1922, 692, 443]"
877,"[432, 44, 1884, 43, 16]"
878,"[1581, 1193, 723, 110, 114]"
879,"[1197, 1655, 97, 96, 98]"
880,"[1587, 1897, 1922, 43, 1588]"
881,"[927, 1588, 1495, 114, 1902]"
882,"[1587, 868, 1748, 884, 113]"
883,"[693, 1316, 692, 1192, 16]"
884,"[113, 1897, 1922, 964, 952]"
885,"[432, 1656, 1112, 60, 125]"
886,"[113, 112, 1191, 291, 432]"
887,"[1586, 1556, 1618, 1538, 892]"
888,"[1713, 1533, 1070, 121, 291]"
889,"[667, 485, 102, 1713, 1746]"
890,"[135, 116, 1067, 418, 1240]"
891,"[1587, 43, 892, 1193, 1588]"
892,"[1574, 426, 1898, 1483, 88]"
893,"[73, 1772, 471, 1742, 1204]"
894,"[1006, 785, 655, 1647, 660]"
895,"[1897, 1922, 1627, 1587, 43]"
896,"[1193, 43, 1587, 1588, 892]"
897,"[1666, 1193, 886, 1680, 1042]"
898,"[1567, 1618, 1885, 95, 37]"
899,"[1191, 1904, 1587, 1534, 432]"
900,"[1006, 265, 993, 408, 222]"
901,"[1587, 1193, 43, 1897, 1922]"
902,"[114, 408, 1900, 1902, 1691]"
903,"[261, 1495, 233, 234, 235]"
904,"[1592, 632, 51, 1929, 847]"
905,"[43, 446, 1675, 807, 113]"
906,"[1587, 1627, 43, 892, 1588]"
907,"[1193, 886, 1351, 403, 1809]"
908,"[1500, 408, 1809, 886, 1917]"
909,"[1193, 1612, 1567, 905, 1574]"
910,"[116, 1032, 1066, 1067, 1889]"
911,"[1191, 1666, 1193, 1489, 1542]"
912,"[48, 1897, 1922, 807, 606]"
913,"[222, 403, 1338, 1917, 1666]"
914,"[1113, 368, 1239, 1930, 1193]"
915,"[860, 1897, 1922, 1193, 1588]"
916,"[891, 1900, 1902, 1059, 1255]"
917,"[1231, 1346, 1499, 528, 1460]"
918,"[1495, 1567, 1403, 16, 18]"
919,"[1567, 639, 37, 1320, 1885]"
920,"[113, 1627, 1587, 1897, 1922]"
921,"[927, 446, 43, 113, 1193]"
922,"[639, 635, 1846, 1855, 171]"
923,"[1193, 1909, 1029, 1025, 1026]"
924,"[785, 1574, 43, 1588, 1351]"
925,"[222, 91, 1358, 548, 1363]"
926,"[1204, 1591, 1592, 1680, 271]"
927,"[1587, 1627, 1588, 43, 892]"
928,"[1897, 1922, 1926, 1588, 1567]"
929,"[468, 16, 1567, 1772, 73]"
930,"[927, 892, 1897, 1922, 1587]"
931,"[70, 1069, 110, 1728, 1727]"
932,"[1193, 1904, 1032, 1025, 1191]"
933,"[1193, 1897, 1922, 1587, 1255]"
934,"[1555, 468, 111, 900, 1550]"
935,"[1900, 18, 1902, 1495, 1567]"
936,"[1193, 1574, 160, 785, 1588]"
937,"[878, 113, 1588, 1613, 691]"
938,"[1344, 1676, 1675, 1193, 1043]"
939,"[468, 16, 1567, 31, 33]"
940,"[1723, 660, 853, 44, 1567]"
941,"[1612, 1598, 116, 1886, 1032]"
942,"[1249, 691, 1192, 677, 54]"
943,"[1902, 1900, 408, 114, 443]"
944,"[1055, 276, 350, 723, 278]"
945,"[1068, 1724, 116, 1193, 1889]"
946,"[1567, 1885, 37, 95, 1889]"
947,"[1047, 1853, 1053, 1842, 1844]"
948,"[472, 1025, 99, 735, 930]"
949,"[1567, 1574, 1320, 37, 1193]"
950,"[1904, 43, 1612, 1191, 1587]"
951,"[1666, 1590, 823, 1149, 1902]"
952,"[1666, 1567, 1772, 823, 579]"
953,"[1588, 1627, 927, 1587, 1193]"
954,"[1884, 1724, 1032, 1907, 116]"
955,"[1907, 1899, 1193, 1526, 1588]"
956,"[106, 1191, 1890, 1032, 1567]"
957,"[1071, 868, 1587, 1748, 43]"
958,"[579, 1246, 580, 1860, 1864]"
959,"[1907, 1926, 1349, 1032, 1193]"
960,"[1533, 1556, 1538, 1587, 1554]"
961,"[116, 884, 1610, 1032, 1191]"
962,"[1424, 54, 57, 58, 1625]"
963,"[860, 1573, 807, 540, 16]"
964,"[116, 1241, 1032, 692, 1907]"
965,"[1919, 1924, 1043, 1344, 478]"
966,"[612, 1534, 414, 1239, 114]"
967,"[1658, 1733, 691, 114, 1542]"
968,"[1618, 1619, 1617, 114, 926]"
969,"[1902, 1244, 96, 97, 423]"
970,"[1902, 1581, 1900, 588, 1916]"
971,"[113, 1191, 889, 1587, 457]"
972,"[1375, 1349, 115, 1191, 893]"
973,"[1897, 1922, 43, 1587, 1615]"
974,"[1548, 406, 407, 1890, 4]"
975,"[1193, 543, 886, 1204, 538]"
976,"[1929, 1592, 927, 1527, 1249]"
977,"[261, 233, 234, 235, 238]"
978,"[692, 1192, 677, 1726, 1316]"
979,"[990, 403, 1025, 1809, 1053]"
980,"[1630, 911, 233, 234, 235]"
981,"[1340, 1193, 1458, 1389, 886]"
982,"[635, 1138, 606, 784, 807]"
983,"[886, 1193, 1909, 1042, 885]"
984,"[1358, 1363, 1204, 1370, 222]"
985,"[1193, 1567, 43, 1588, 1574]"
986,"[1588, 1897, 1922, 113, 1193]"
987,"[1193, 417, 687, 1676, 1603]"
988,"[116, 1724, 1239, 339, 612]"
989,"[1929, 1592, 918, 1026, 632]"
990,"[113, 1897, 1922, 1587, 1899]"
991,"[1574, 37, 1567, 1193, 905]"
992,"[106, 1910, 419, 478, 1885]"
993,"[408, 522, 1341, 261, 233]"
994,"[807, 1900, 662, 95, 691]"
995,"[1934, 665, 265, 1073, 420]"
996,"[1197, 1249, 18, 659, 16]"
997,"[927, 1587, 1193, 43, 1588]"
998,"[116, 135, 1241, 1240, 124]"
999,"[1495, 678, 1696, 420, 1698]"
1000,"[1567, 1742, 1063, 807, 1314]"
1001,"[1587, 1627, 892, 1904, 1897]"
1002,"[1567, 37, 1885, 1193, 1221]"
1003,"[1567, 37, 500, 95, 1455]"
1004,"[886, 1193, 1809, 1351, 885]"
1005,"[1861, 261, 1919, 408, 1323]"
1006,"[1197, 18, 1884, 116, 1900]"
1007,"[930, 933, 1260, 691, 1661]"
1008,"[807, 16, 1204, 1567, 802]"
1009,"[419, 1680, 1249, 1581, 1495]"
1010,"[1914, 1538, 1556, 1160, 1537]"
1011,"[1531, 1713, 1538, 1536, 1556]"
1012,"[1191, 692, 1726, 1601, 693]"
1013,"[1574, 1587, 37, 1193, 43]"
1014,"[886, 1193, 1809, 1909, 1351]"
1015,"[1897, 1922, 1193, 1587, 43]"
1016,"[43, 1587, 1588, 892, 1886]"
1017,"[1929, 1592, 420, 1861, 1721]"
1018,"[1193, 1587, 1897, 1922, 1612]"
1019,"[1204, 1897, 1922, 660, 1567]"
1020,"[1567, 1504, 540, 1907, 807]"
1021,"[1193, 1564, 1536, 1489, 1567]"
1022,"[1913, 426, 1898, 905, 88]"
1023,"[43, 44, 860, 1638, 1846]"
1024,"[1733, 1861, 446, 408, 1263]"
1025,"[677, 1316, 1063, 1567, 16]"
1026,"[1424, 54, 57, 58, 43]"
1027,"[1193, 1909, 1618, 425, 1809]"
1028,"[807, 606, 1772, 635, 16]"
1029,"[1915, 1680, 1193, 1054, 114]"
1030,"[649, 807, 16, 337, 579]"
1031,"[1928, 1588, 1495, 612, 451]"
1032,"[1904, 1567, 18, 512, 1472]"
1033,"[1255, 1534, 1537, 1603, 759]"
1034,"[1924, 478, 273, 1937, 270]"
1035,"[648, 657, 161, 160, 928]"
1036,"[1927, 1255, 890, 1193, 1069]"
1037,"[1193, 1885, 670, 470, 620]"
1038,"[1677, 522, 1316, 1499, 693]"
1039,"[1619, 787, 160, 1525, 1516]"
1040,"[472, 98, 1025, 96, 97]"
1041,"[1723, 1592, 1053, 580, 1449]"
1042,"[1283, 1691, 807, 1495, 1667]"
1043,"[1885, 927, 983, 985, 982]"
1044,"[18, 1573, 1902, 1900, 1733]"
1045,"[412, 47, 411, 472, 416]"
1046,"[1590, 1592, 1929, 543, 903]"
1047,"[1902, 1917, 660, 891, 1040]"
1048,"[667, 1219, 102, 1358, 98]"
1049,"[65, 749, 796, 1723, 635]"
1050,"[1611, 116, 1192, 1724, 114]"
1051,"[113, 1534, 1587, 735, 1618]"
1052,"[403, 452, 1279, 1197, 1861]"
1053,"[402, 1700, 1699, 446, 1201]"
1054,"[1197, 500, 807, 18, 1204]"
1055,"[1567, 1574, 426, 1898, 95]"
1056,"[1488, 1592, 1226, 1357, 886]"
1057,"[1019, 1894, 1885, 1040, 1197]"
1058,"[289, 678, 114, 116, 1193]"
1059,"[135, 1191, 16, 1534, 1567]"
1060,"[116, 135, 1724, 1067, 418]"
1061,"[1590, 1544, 837, 478, 1723]"
1062,"[1656, 1884, 1562, 432, 708]"
1063,"[113, 1927, 1627, 1905, 1587]"
1064,"[1581, 1929, 1032, 1548, 1666]"
1065,"[1351, 1347, 543, 1357, 495]"
1066,"[1193, 1612, 1927, 1239, 426]"
1067,"[691, 446, 1676, 1608, 1197]"
1068,"[16, 1567, 18, 1679, 443]"
1069,"[412, 1733, 691, 446, 411]"
1070,"[1193, 113, 1897, 1922, 1587]"
1071,"[1574, 691, 114, 1495, 807]"
1072,"[1904, 116, 819, 425, 1890]"
1073,"[43, 1538, 1489, 1556, 1554]"
1074,"[95, 1193, 1892, 927, 1567]"
1075,"[1495, 18, 1204, 1915, 1438]"
1076,"[1772, 606, 1846, 1691, 1728]"
1077,"[425, 1615, 290, 1538, 1586]"
1078,"[819, 425, 1587, 1904, 1160]"
1079,"[1885, 1700, 1713, 420, 1197]"
1080,"[823, 1915, 1344, 824, 1561]"
1081,"[406, 407, 1193, 1666, 1043]"
1082,"[1246, 468, 37, 579, 1204]"
1083,"[1587, 43, 1588, 1193, 1897]"
1084,"[1900, 80, 891, 1592, 1723]"
1085,"[1197, 500, 786, 788, 493]"
1086,"[1884, 1656, 1562, 1904, 1587]"
1087,"[116, 1724, 1068, 135, 678]"
1088,"[113, 1676, 1069, 890, 1567]"
1089,"[1929, 1592, 1590, 1666, 891]"
1090,"[1574, 1193, 426, 1898, 88]"
1091,"[1690, 468, 562, 580, 578]"
1092,"[531, 1508, 545, 1509, 218]"
1093,"[886, 1885, 1894, 468, 261]"
1094,"[1680, 687, 691, 43, 16]"
1095,"[1193, 1680, 1042, 1909, 1043]"
1096,"[1915, 927, 868, 1588, 1587]"
1097,"[1561, 1489, 1554, 1564, 1534]"
1098,"[1437, 1215, 1367, 1451, 560]"
1099,"[4, 1902, 102, 1313, 98]"
1100,"[1713, 678, 1915, 289, 690]"
1101,"[1574, 1914, 426, 1898, 88]"
1102,"[1894, 116, 1724, 886, 1193]"
1103,"[547, 106, 870, 867, 1068]"
1104,"[608, 457, 1730, 88, 1718]"
1105,"[1855, 1846, 1861, 1900, 632]"
1106,"[1600, 106, 1910, 1032, 1926]"
1107,"[1193, 1567, 1612, 905, 1574]"
1108,"[531, 1772, 1603, 933, 655]"
1109,"[884, 1567, 1192, 807, 641]"
1110,"[540, 1772, 16, 496, 1567]"
1111,"[1904, 1246, 1567, 16, 471]"
1112,"[687, 1531, 680, 1615, 890]"
1113,"[1587, 927, 1063, 807, 1567]"
1114,"[1264, 1285, 471, 1239, 1495]"
1115,"[557, 1448, 1328, 677, 1567]"
1116,"[1618, 1907, 1897, 1922, 1885]"
1117,"[1897, 1922, 1193, 1618, 113]"
1118,"[1304, 1301, 1480, 1675, 773]"
1119,"[693, 1316, 677, 1192, 16]"
1120,"[1612, 1620, 1574, 1065, 1927]"
1121,"[291, 112, 1533, 557, 1537]"
1122,"[691, 1197, 1193, 114, 108]"
1123,"[1900, 425, 1543, 1279, 1902]"
1124,"[1900, 1495, 505, 110, 1204]"
1125,"[1363, 1809, 408, 1358, 1370]"
1126,"[16, 44, 632, 645, 43]"
1127,"[1587, 1193, 113, 1666, 1613]"
1128,"[1612, 37, 1574, 1927, 1212]"
1129,"[612, 414, 114, 1495, 1676]"
1130,"[1907, 289, 1066, 1916, 636]"
1131,"[624, 522, 408, 1772, 510]"
1132,"[1193, 114, 604, 1917, 1666]"
1133,"[1902, 1900, 1628, 1552, 1197]"
1134,"[1902, 1900, 288, 80, 1552]"
1135,"[689, 110, 1255, 43, 697]"
1136,"[1614, 1610, 45, 1521, 1638]"
1137,"[1809, 1193, 1620, 885, 1909]"
1138,"[1547, 1587, 647, 113, 739]"
1139,"[315, 1087, 75, 1574, 1291]"
1140,"[1723, 1538, 1537, 1556, 43]"
1141,"[1275, 1353, 1926, 449, 1899]"
1142,"[1193, 1909, 1809, 1030, 1302]"
1143,"[1541, 102, 1746, 1701, 1533]"
1144,"[665, 420, 1462, 1770, 1524]"
1145,"[1578, 538, 543, 1772, 468]"
1146,"[290, 1696, 1122, 1167, 1586]"
1147,"[116, 339, 99, 344, 1067]"
1148,"[1902, 91, 1487, 388, 1193]"
1149,"[116, 1724, 1032, 1147, 1579]"
1150,"[618, 1567, 443, 16, 1679]"
1151,"[4, 468, 530, 595, 579]"
1152,"[1904, 425, 1902, 691, 1191]"
1153,"[43, 1561, 1567, 1534, 688]"
1154,"[1405, 16, 691, 1190, 1567]"
1155,"[739, 425, 801, 446, 16]"
1156,"[1929, 1592, 1680, 1590, 1026]"
1157,"[1193, 886, 537, 1869, 1351]"
1158,"[414, 114, 1239, 612, 645]"
1159,"[116, 289, 1032, 1068, 1904]"
1160,"[1191, 692, 693, 1316, 1192]"
1161,"[1586, 1193, 1040, 1620, 1029]"
1162,"[1926, 1772, 16, 445, 1567]"
1163,"[903, 1587, 43, 1588, 1033]"
1164,"[1586, 1193, 1006, 1040, 1029]"
1165,"[927, 1620, 1520, 1193, 1666]"
1166,"[1006, 1632, 223, 222, 250]"
1167,"[707, 1567, 655, 1204, 471]"
1168,"[886, 1193, 1680, 1042, 1809]"
1169,"[1592, 1495, 1917, 408, 1809]"
1170,"[1924, 478, 1937, 552, 1304]"
1171,"[1885, 860, 1032, 95, 807]"
1172,"[417, 1536, 116, 1032, 16]"
1173,"[113, 446, 1587, 1193, 1618]"
1174,"[1924, 1006, 478, 1900, 425]"
1175,"[1055, 1666, 1680, 1204, 1676]"
1176,"[1610, 807, 16, 337, 1204]"
1177,"[110, 689, 1192, 1138, 44]"
1178,"[692, 1929, 693, 1316, 535]"
1179,"[1204, 1495, 1197, 1900, 807]"
1180,"[412, 411, 446, 691, 408]"
1181,"[222, 1055, 933, 1733, 408]"
1182,"[1201, 1713, 1524, 1197, 1559]"
1183,"[495, 1080, 91, 1086, 765]"
1184,"[275, 277, 912, 1318, 579]"
1185,"[91, 1581, 44, 16, 1717]"
1186,"[1523, 1629, 1542, 1489, 1554]"
1187,"[114, 1916, 1133, 1193, 603]"
1188,"[1204, 265, 655, 16, 1063]"
1189,"[18, 1024, 1581, 1882, 1567]"
1190,"[880, 869, 876, 1902, 879]"
1191,"[1586, 1193, 1538, 1556, 1029]"
1192,"[1239, 1193, 446, 677, 1567]"
1193,"[1567, 1885, 37, 1889, 95]"
1194,"[1588, 1620, 1906, 1302, 901]"
1195,"[446, 1575, 402, 1197, 4]"
1196,"[807, 446, 1575, 4, 402]"
1197,"[927, 1899, 1627, 1907, 1193]"
1198,"[1574, 1567, 1926, 1064, 426]"
1199,"[113, 112, 1191, 1533, 1587]"
1200,"[135, 1567, 1889, 1618, 1885]"
1201,"[927, 1504, 1567, 1772, 534]"
1202,"[1068, 692, 1534, 1066, 116]"
1203,"[1897, 1922, 927, 1573, 1905]"
1204,"[116, 135, 1191, 1929, 1890]"
1205,"[1733, 691, 1666, 446, 114]"
1206,"[1030, 1055, 1053, 265, 1077]"
1207,"[1929, 1592, 52, 1047, 222]"
1208,"[1588, 1666, 1902, 891, 1723]"
1209,"[1627, 1905, 1587, 1527, 1588]"
1210,"[16, 95, 927, 1587, 1772]"
1211,"[1894, 116, 1890, 1032, 1884]"
1212,"[113, 1897, 1922, 1193, 1587]"
1213,"[1590, 110, 1318, 1696, 366]"
1214,"[691, 444, 446, 388, 54]"
1215,"[1680, 1590, 1592, 408, 1603]"
1216,"[1592, 933, 1053, 918, 1338]"
1217,"[406, 407, 1547, 1534, 889]"
1218,"[1575, 446, 402, 905, 1898]"
1219,"[886, 891, 1930, 1894, 1598]"
1220,"[113, 112, 114, 1070, 1191]"
1221,"[677, 807, 1192, 18, 1573]"
1222,"[1567, 1193, 1885, 1192, 901]"
1223,"[116, 44, 1191, 124, 43]"
1224,"[717, 1032, 1612, 1531, 1068]"
1225,"[1904, 289, 1531, 553, 1562]"
1226,"[1197, 339, 1655, 1713, 420]"
1227,"[114, 1915, 408, 1344, 1917]"
1228,"[1193, 886, 1809, 1351, 1680]"
1229,"[16, 48, 1614, 291, 884]"
1230,"[114, 612, 116, 692, 1897]"
1231,"[860, 1523, 1070, 109, 425]"
1232,"[468, 1574, 1882, 1742, 807]"
1233,"[1915, 1193, 446, 1618, 1561]"
1234,"[1904, 1670, 1885, 1531, 289]"
1235,"[413, 1044, 557, 560, 1537]"
1236,"[135, 116, 1067, 418, 1240]"
1237,"[860, 1855, 1861, 1587, 1846]"
1238,"[1197, 687, 667, 43, 1680]"
1239,"[1285, 1264, 1282, 1638, 1111]"
1240,"[1365, 1924, 624, 478, 449]"
1241,"[1772, 403, 31, 33, 41]"
1242,"[1567, 95, 93, 927, 1885]"
1243,"[1612, 1074, 1574, 426, 1898]"
1244,"[1904, 1071, 868, 811, 1748]"
1245,"[688, 927, 697, 1902, 1599]"
1246,"[116, 1724, 135, 1534, 1536]"
1247,"[892, 1676, 1618, 1897, 1922]"
1248,"[1904, 43, 425, 1489, 1191]"
1249,"[1897, 1922, 43, 1588, 1193]"
1250,"[1904, 73, 16, 1567, 468]"
1251,"[1071, 868, 1587, 43, 1748]"
1252,"[892, 43, 1193, 691, 66]"
1253,"[1924, 478, 1677, 1937, 1628]"
1254,"[16, 807, 1063, 44, 1204]"
1255,"[952, 964, 915, 914, 918]"
1256,"[927, 1193, 114, 1025, 1050]"
1257,"[1675, 446, 402, 1543, 43]"
1258,"[1772, 1006, 420, 446, 51]"
1259,"[403, 1080, 1263, 1924, 1935]"
1260,"[1193, 1574, 785, 426, 1898]"
1261,"[927, 1567, 1587, 892, 1588]"
1262,"[1006, 260, 223, 269, 408]"
1263,"[1907, 1885, 927, 1618, 1567]"
1264,"[1534, 468, 1772, 1717, 1006]"
1265,"[749, 468, 1642, 80, 673]"
1266,"[1924, 478, 552, 277, 1885]"
1267,"[1032, 1068, 1724, 1921, 116]"
1268,"[1587, 113, 1588, 927, 1193]"
1269,"[807, 114, 16, 1204, 445]"
1270,"[116, 1724, 1884, 1567, 1240]"
1271,"[1567, 1193, 1885, 95, 37]"
1272,"[731, 732, 725, 997, 977]"
1273,"[635, 606, 1204, 807, 1714]"
1274,"[43, 1534, 1554, 1564, 1489]"
1275,"[1567, 114, 16, 1904, 1495]"
1276,"[1733, 1193, 691, 113, 1718]"
1277,"[18, 414, 1567, 16, 860]"
1278,"[1601, 692, 109, 693, 677]"
1279,"[1588, 1193, 1916, 1529, 1906]"
1280,"[403, 708, 1080, 1884, 432]"
1281,"[1897, 1922, 43, 1587, 1615]"
1282,"[1533, 1701, 1320, 468, 1197]"
1283,"[1666, 1055, 1053, 990, 1590]"
1284,"[1924, 478, 1894, 1588, 425]"
1285,"[527, 43, 16, 44, 807]"
1286,"[1586, 1193, 289, 1907, 1029]"
1287,"[796, 493, 1649, 1826, 1472]"
1288,"[419, 1043, 1588, 1037, 1030]"
1289,"[1240, 1241, 418, 1638, 1889]"
1290,"[1718, 792, 1574, 1567, 426]"
1291,"[288, 408, 1902, 1900, 114]"
1292,"[891, 1619, 1125, 160, 1191]"
1293,"[1885, 1588, 1888, 66, 1542]"
1294,"[287, 1060, 222, 731, 725]"
1295,"[1246, 16, 471, 1567, 807]"
1296,"[48, 927, 1193, 1588, 1033]"
1297,"[261, 233, 234, 235, 238]"
1298,"[1627, 1892, 1554, 1905, 1204]"
1299,"[408, 1900, 1042, 1902, 114]"
1300,"[1071, 868, 1588, 1748, 1897]"
1301,"[1204, 1897, 1922, 1193, 43]"
1302,"[1929, 1592, 1680, 1933, 721]"
1303,"[43, 1587, 1627, 927, 892]"
1304,"[1133, 114, 388, 1042, 1128]"
1305,"[1587, 1193, 113, 1666, 43]"
1306,"[1358, 1929, 1592, 1809, 1363]"
1307,"[1722, 688, 689, 687, 110]"
1308,"[116, 1724, 135, 1098, 1241]"
1309,"[1567, 1240, 1241, 1724, 1889]"
1310,"[1587, 43, 1627, 892, 1588]"
1311,"[1588, 1561, 739, 624, 1554]"
1312,"[1904, 289, 1068, 1032, 1890]"
1313,"[1574, 1193, 426, 1898, 905]"
1314,"[261, 265, 233, 234, 235]"
1315,"[403, 1041, 933, 1193, 925]"
1316,"[403, 1080, 1263, 1924, 438]"
1317,"[635, 1697, 807, 1063, 1696]"
1318,"[1680, 1630, 1193, 911, 1038]"
1319,"[886, 1193, 1809, 403, 1351]"
1320,"[1602, 1618, 1125, 1619, 1557]"
1321,"[114, 691, 222, 388, 790]"
1322,"[406, 407, 419, 1885, 1666]"
1323,"[933, 930, 1055, 1053, 886]"
1324,"[700, 1713, 339, 686, 678]"
1325,"[1588, 691, 1193, 446, 1718]"
1326,"[16, 18, 1567, 1267, 471]"
1327,"[1809, 1933, 403, 1500, 1666]"
1328,"[1897, 1922, 1239, 1772, 616]"
1329,"[927, 1733, 1885, 691, 1197]"
1330,"[1567, 1193, 1574, 905, 1212]"
1331,"[927, 739, 635, 1567, 1679]"
1332,"[116, 135, 723, 1032, 782]"
1333,"[113, 43, 903, 1587, 1588]"
1334,"[1733, 1666, 446, 444, 933]"
1335,"[1612, 1574, 1620, 1927, 1065]"
1336,"[52, 1204, 1900, 632, 18]"
1337,"[663, 1643, 43, 1193, 446]"
1338,"[1338, 1055, 730, 222, 403]"
1339,"[1567, 16, 1481, 44, 582]"
1340,"[1897, 1922, 43, 1587, 1627]"
1341,"[43, 1567, 1587, 113, 1588]"
1342,"[43, 1587, 1588, 1627, 1612]"
1343,"[1884, 1043, 1193, 925, 938]"
1344,"[1071, 868, 1748, 1587, 43]"
1345,"[1077, 691, 1676, 1618, 423]"
1346,"[1588, 1587, 43, 892, 1916]"
1347,"[1907, 1927, 1069, 1567, 1620]"
1348,"[1193, 886, 1351, 1032, 1909]"
1349,"[114, 1588, 1545, 1544, 1902]"
1350,"[1612, 1927, 1907, 1574, 1620]"
1351,"[408, 1917, 114, 1900, 1495]"
1352,"[1032, 106, 1910, 1618, 1907]"
1353,"[1666, 1592, 543, 265, 1590]"
1354,"[1907, 1567, 1892, 1618, 1401]"
1355,"[18, 1574, 807, 471, 1679]"
1356,"[1338, 1584, 1666, 905, 68]"
1357,"[116, 1692, 1907, 1889, 1567]"
1358,"[1193, 1587, 43, 927, 1897]"
1359,"[403, 1080, 1263, 1924, 1935]"
1360,"[1723, 855, 660, 787, 1619]"
1361,"[1897, 1922, 1581, 1587, 1204]"
1362,"[1567, 95, 1885, 1193, 37]"
1363,"[1567, 796, 1885, 933, 1913]"
1364,"[1191, 116, 1112, 455, 111]"
1365,"[1926, 1894, 1931, 1412, 1608]"
1366,"[1587, 1588, 927, 892, 43]"
1367,"[1733, 691, 54, 57, 58]"
1368,"[1042, 655, 1032, 1495, 242]"
1369,"[1592, 885, 1590, 903, 954]"
1370,"[1567, 1885, 37, 95, 1889]"
1371,"[452, 1588, 43, 1587, 1193]"
1372,"[114, 1917, 419, 1907, 1588]"
1373,"[1574, 426, 1898, 88, 1718]"
1374,"[443, 1495, 807, 1567, 16]"
1375,"[1567, 1733, 1587, 43, 95]"
1376,"[1588, 1906, 1882, 1805, 1928]"
1377,"[1884, 1599, 1562, 1312, 708]"
1378,"[116, 1567, 135, 1889, 1193]"
1379,"[892, 43, 1772, 18, 44]"
1380,"[1193, 886, 537, 1351, 472]"
1381,"[1488, 1590, 1052, 258, 979]"
1382,"[927, 1574, 426, 534, 1898]"
1383,"[1588, 1064, 1926, 1917, 1032]"
1384,"[1893, 1019, 1462, 1040, 1900]"
1385,"[1913, 37, 1914, 426, 1898]"
1386,"[16, 1287, 44, 807, 1772]"
1387,"[1312, 1204, 44, 807, 43]"
1388,"[446, 1733, 1902, 691, 807]"
1389,"[1612, 426, 1898, 905, 1718]"
1390,"[554, 589, 583, 565, 591]"
1391,"[1067, 1567, 1562, 1889, 1032]"
1392,"[1564, 1489, 1542, 1532, 1554]"
1393,"[1897, 1922, 116, 113, 114]"
1394,"[1733, 739, 691, 639, 54]"
1395,"[1819, 1820, 1818, 1817, 1816]"
1396,"[927, 1495, 1357, 786, 1902]"
1397,"[16, 116, 48, 1241, 1240]"
1398,"[1900, 114, 1902, 1915, 408]"
1399,"[723, 1316, 693, 677, 692]"
1400,"[1574, 426, 1898, 88, 1718]"
1401,"[807, 499, 1128, 1588, 1900]"
1402,"[417, 1193, 414, 1567, 1907]"
1403,"[1924, 478, 1713, 1900, 425]"
1404,"[1567, 508, 114, 16, 535]"
1405,"[18, 417, 16, 1536, 1567]"
1406,"[43, 1587, 1193, 1904, 1025]"
1407,"[1772, 16, 44, 807, 606]"
1408,"[1929, 1592, 1861, 886, 408]"
1409,"[1897, 1922, 113, 43, 1239]"
1410,"[1638, 403, 1607, 502, 1193]"
1411,"[116, 135, 1889, 1567, 480]"
1412,"[1193, 1026, 1043, 1909, 1029]"
1413,"[116, 1724, 692, 1221, 1067]"
1414,"[1904, 1191, 1890, 1532, 43]"
1415,"[1904, 289, 1032, 1900, 1531]"
1416,"[403, 452, 51, 1026, 1919]"
1417,"[1193, 1574, 1930, 426, 1898]"
1418,"[408, 1277, 410, 1202, 171]"
1419,"[403, 1495, 933, 1042, 1193]"
1420,"[1914, 530, 1583, 426, 1898]"
1421,"[416, 109, 1523, 16, 417]"
1422,"[1204, 1191, 43, 1587, 1193]"
1423,"[1191, 692, 1316, 677, 16]"
1424,"[16, 1567, 1204, 807, 44]"
1425,"[443, 1692, 18, 16, 471]"
1426,"[1885, 1907, 1618, 1892, 425]"
1427,"[1193, 1574, 1567, 1612, 905]"
1428,"[1574, 37, 426, 1898, 88]"
1429,"[935, 1025, 522, 920, 173]"
1430,"[1567, 1193, 95, 37, 1885]"
1431,"[1929, 1592, 1721, 891, 1723]"
1432,"[1926, 1574, 1897, 1922, 426]"
1433,"[1534, 1554, 1564, 1542, 1489]"
1434,"[108, 73, 1772, 798, 43]"
1435,"[426, 457, 88, 1718, 792]"
1436,"[1712, 558, 899, 865, 46]"
1437,"[1193, 114, 1916, 425, 823]"
1438,"[1587, 1193, 43, 1588, 1567]"
1439,"[1612, 1574, 1620, 1927, 1065]"
1440,"[1193, 1574, 1567, 426, 1898]"
1441,"[1006, 1193, 1574, 351, 1930]"
1442,"[611, 655, 1733, 128, 613]"
1443,"[1193, 1574, 1065, 1907, 426]"
1444,"[1902, 807, 478, 1077, 1552]"
1445,"[1592, 1929, 1590, 1591, 1666]"
1446,"[1612, 1567, 37, 1287, 1574]"
1447,"[1567, 884, 1204, 807, 1192]"
1448,"[1538, 1556, 1561, 1489, 1554]"
1449,"[1193, 927, 1588, 95, 1916]"
1450,"[1304, 692, 125, 1025, 1737]"
1451,"[408, 1900, 1902, 1917, 1680]"
1452,"[1006, 992, 53, 1712, 420]"
1453,"[412, 691, 411, 114, 606]"
1454,"[891, 160, 927, 18, 1620]"
1455,"[886, 1193, 1809, 1351, 1042]"
1456,"[1204, 1573, 1192, 649, 691]"
1457,"[547, 44, 43, 1567, 95]"
1458,"[1733, 1063, 37, 113, 43]"
1459,"[1088, 1109, 501, 1689, 1099]"
1460,"[1615, 1586, 1897, 1922, 1193]"
1461,"[646, 51, 1929, 847, 1900]"
1462,"[640, 1567, 1574, 37, 1907]"
1463,"[1603, 1588, 606, 1193, 723]"
1464,"[1567, 1574, 37, 1063, 1885]"
1465,"[446, 402, 1197, 1575, 1700]"
1466,"[1618, 1617, 1197, 406, 407]"
1467,"[933, 1055, 930, 1042, 1495]"
1468,"[667, 102, 687, 1516, 1518]"
1469,"[667, 102, 420, 1885, 409]"
1470,"[720, 1153, 1591, 1043, 287]"
1471,"[1587, 43, 1627, 892, 1588]"
1472,"[693, 692, 677, 901, 1316]"
1473,"[1053, 1030, 1055, 1049, 74]"
1474,"[114, 1587, 16, 95, 807]"
1475,"[1567, 1748, 868, 95, 1885]"
1476,"[1772, 1357, 484, 1383, 1226]"
1477,"[1574, 1612, 1193, 426, 1898]"
1478,"[1587, 927, 1627, 1588, 1897]"
1479,"[116, 1724, 135, 1901, 1547]"
1480,"[43, 1587, 1897, 1922, 1193]"
1481,"[1193, 1915, 1587, 1588, 43]"
1482,"[1608, 1896, 884, 807, 1204]"
1483,"[412, 411, 1733, 446, 691]"
1484,"[1032, 1926, 106, 1907, 1574]"
1485,"[1592, 1591, 1590, 1043, 271]"
1486,"[1904, 1232, 160, 1733, 1139]"
1487,"[1193, 1809, 735, 1025, 1495]"
1488,"[1924, 478, 1937, 1680, 1193]"
1489,"[903, 1125, 1618, 1907, 926]"
1490,"[692, 687, 1746, 1713, 1112]"
1491,"[1241, 1724, 16, 606, 1032]"
1492,"[446, 1733, 691, 265, 1666]"
1493,"[43, 1733, 1587, 1567, 113]"
1494,"[1531, 116, 1562, 1044, 1561]"
1495,"[1263, 432, 438, 288, 1249]"
1496,"[1504, 667, 553, 891, 1882]"
1497,"[132, 135, 1567, 372, 16]"
1498,"[432, 1884, 16, 645, 43]"
1499,"[1826, 1825, 493, 1472, 512]"
1500,"[1567, 1896, 54, 57, 58]"
1501,"[1607, 1826, 1472, 1825, 1904]"
1502,"[116, 114, 1618, 1619, 1617]"
1503,"[1157, 368, 1239, 1193, 1072]"
1504,"[1742, 807, 73, 1772, 72]"
1505,"[824, 1239, 417, 1608, 1557]"
1506,"[1809, 1193, 886, 1620, 1567]"
1507,"[1157, 413, 1587, 432, 884]"
1508,"[1884, 1534, 1611, 1619, 1044]"
1509,"[886, 1193, 1613, 1587, 1904]"
1510,"[1340, 1193, 1458, 538, 543]"
1511,"[668, 67, 824, 722, 53]"
1512,"[1193, 927, 1587, 1588, 1916]"
1513,"[1587, 1613, 900, 1904, 1590]"
1514,"[209, 978, 350, 968, 971]"
1515,"[561, 1204, 807, 579, 1461]"
1516,"[372, 1567, 132, 1603, 739]"
1517,"[1338, 1584, 1917, 1428, 1194]"
1518,"[1567, 37, 95, 1885, 16]"
1519,"[16, 114, 1611, 1567, 110]"
1520,"[628, 102, 1826, 1199, 793]"
1521,"[1889, 468, 1320, 794, 37]"
1522,"[481, 1019, 1861, 1193, 1889]"
1523,"[1612, 1620, 1574, 1520, 1544]"
1524,"[1567, 16, 114, 132, 1287]"
1525,"[1192, 884, 16, 807, 82]"
1526,"[1630, 1006, 1915, 1680, 265]"
1527,"[886, 1193, 1351, 1809, 425]"
1528,"[1900, 501, 46, 1902, 1404]"
1529,"[793, 1541, 1201, 1700, 1628]"
1530,"[1915, 1926, 1916, 1562, 1567]"
1531,"[413, 1557, 421, 1930, 1191]"
1532,"[403, 132, 1474, 502, 760]"
1533,"[1484, 1411, 365, 1900, 322]"
1534,"[1733, 1896, 54, 57, 58]"
1535,"[1885, 1567, 1620, 48, 1892]"
1536,"[927, 1193, 43, 892, 1587]"
1537,"[1212, 1904, 1567, 1157, 1063]"
1538,"[1567, 114, 16, 1896, 110]"
1539,"[1567, 37, 1897, 1922, 43]"
1540,"[445, 16, 44, 43, 110]"
1541,"[1861, 1567, 1032, 425, 1618]"
1542,"[16, 1611, 114, 1567, 507]"
1543,"[16, 1679, 471, 1772, 649]"
1544,"[1027, 470, 620, 1916, 773]"
1545,"[1316, 677, 1192, 1567, 1481]"
1546,"[1917, 1900, 891, 1491, 1619]"
1547,"[73, 468, 1581, 1557, 1006]"
1548,"[1249, 288, 1488, 1257, 952]"
1549,"[1567, 114, 16, 541, 1912]"
1550,"[1157, 1072, 1192, 1255, 1191]"
1551,"[1579, 468, 31, 33, 655]"
1552,"[1592, 886, 1043, 1325, 954]"
1553,"[807, 884, 1428, 1287, 933]"
1554,"[1567, 372, 132, 16, 739]"
1555,"[1567, 132, 16, 372, 114]"
1556,"[1900, 1531, 114, 884, 1070]"
1557,"[1244, 423, 417, 1204, 31]"
1558,"[116, 1884, 1197, 1924, 1204]"
1559,"[1072, 1896, 54, 57, 58]"
1560,"[1567, 1885, 37, 95, 1882]"
1561,"[16, 1742, 114, 1611, 1567]"
1562,"[1924, 478, 401, 649, 892]"
1563,"[1567, 37, 95, 1063, 1742]"
1564,"[1899, 1892, 1071, 1526, 1907]"
1565,"[1193, 113, 1587, 43, 1897]"
1566,"[468, 128, 1596, 111, 1624]"
1567,"[1488, 1666, 886, 1809, 1030]"
1568,"[1861, 1247, 934, 174, 176]"
1569,"[132, 796, 1567, 135, 372]"
1570,"[1613, 901, 257, 1530, 1191]"
1571,"[446, 1733, 1608, 691, 1896]"
1572,"[1238, 1191, 368, 372, 1193]"
1573,"[1320, 1059, 647, 72, 1679]"
1574,"[927, 632, 1717, 16, 1679]"
1575,"[1826, 1825, 1472, 512, 493]"
1576,"[884, 1138, 624, 446, 1063]"
1577,"[534, 1809, 1422, 1620, 1193]"
1578,"[1700, 1889, 891, 1701, 1593]"
1579,"[114, 1204, 116, 1900, 1902]"
1580,"[114, 110, 116, 16, 455]"
1581,"[114, 16, 1611, 1249, 1567]"
1582,"[1666, 823, 406, 407, 537]"
1583,"[1495, 16, 1900, 1902, 1772]"
1584,"[1063, 114, 927, 807, 668]"
1585,"[51, 847, 1592, 108, 1721]"
1586,"[446, 417, 1239, 412, 411]"
1587,"[1193, 927, 1587, 43, 1627]"
1588,"[413, 860, 1904, 432, 884]"
1589,"[1193, 1620, 1618, 1909, 1520]"
1590,"[1192, 1611, 451, 693, 1709]"
1591,"[1924, 1746, 1884, 1385, 478]"
1592,"[1027, 1666, 1915, 406, 1930]"
1593,"[468, 1894, 1885, 1888, 933]"
1594,"[1073, 611, 1815, 1819, 1820]"
1595,"[793, 1541, 1313, 1201, 1700]"
1596,"[48, 1587, 16, 44, 807]"
1597,"[413, 478, 443, 784, 44]"
1598,"[900, 432, 1666, 1587, 425]"
1599,"[1902, 667, 1894, 749, 1544]"
1600,"[1618, 1193, 885, 1567, 1620]"
1601,"[1607, 1896, 1157, 1608, 1255]"
1602,"[402, 417, 412, 1197, 411]"
1603,"[1287, 1895, 48, 468, 1772]"
1604,"[1157, 1255, 1666, 1191, 1613]"
1605,"[1900, 1902, 116, 1917, 1599]"
1606,"[691, 1608, 1896, 16, 1717]"
1607,"[891, 1587, 368, 1287, 48]"
1608,"[691, 54, 57, 58, 446]"
1609,"[292, 1722, 1617, 1655, 1555]"
1610,"[452, 1300, 420, 1320, 1301]"
1611,"[723, 1320, 1902, 1197, 468]"
1612,"[1733, 321, 1125, 368, 691]"
1613,"[446, 402, 831, 1197, 1900]"
1614,"[128, 1587, 468, 892, 1063]"
1615,"[1541, 923, 420, 102, 925]"
1616,"[1587, 861, 1593, 1638, 1904]"
1617,"[1191, 44, 692, 109, 43]"
1618,"[1588, 1906, 1916, 1529, 1193]"
1619,"[1567, 901, 1896, 1192, 1907]"
1620,"[1052, 543, 1043, 903, 470]"
1621,"[116, 692, 1534, 114, 1191]"
1622,"[739, 1725, 608, 368, 501]"
1623,"[132, 135, 108, 1721, 1567]"
1624,"[632, 52, 1040, 1197, 639]"
1625,"[413, 1587, 44, 1904, 901]"
1626,"[1618, 478, 1924, 1900, 868]"
1627,"[368, 1896, 372, 901, 1191]"
1628,"[1567, 16, 455, 1884, 321]"
1629,"[1567, 37, 1574, 1588, 1063]"
1630,"[1902, 1320, 420, 1548, 1861]"
1631,"[368, 421, 752, 759, 1]"
1632,"[16, 1611, 114, 1567, 1604]"
1633,"[478, 1924, 1900, 1618, 868]"
1634,"[1453, 886, 1579, 1885, 1890]"
1635,"[1193, 927, 43, 1587, 1588]"
1636,"[1809, 1193, 1567, 886, 1620]"
1637,"[1601, 1191, 692, 693, 16]"
1638,"[37, 480, 479, 1778, 1316]"
1639,"[1906, 1691, 432, 1666, 1916]"
1640,"[1193, 1351, 1617, 1680, 292]"
1641,"[114, 116, 1900, 1618, 1557]"
1642,"[114, 612, 1239, 1193, 1915]"
1643,"[1917, 1900, 408, 349, 1902]"
1644,"[1896, 1608, 1607, 1006, 1772]"
1645,"[1197, 110, 1619, 478, 524]"
1646,"[18, 588, 114, 1495, 375]"
1647,"[116, 1724, 1884, 1067, 1889]"
1648,"[1192, 692, 114, 1191, 116]"
1649,"[798, 1192, 1006, 884, 621]"
1650,"[18, 1497, 1619, 1567, 891]"
1651,"[608, 1725, 739, 368, 623]"
1652,"[1193, 1351, 1909, 1025, 1026]"
1653,"[1567, 132, 16, 372, 1157]"
1654,"[1608, 1607, 1517, 1896, 1557]"
1655,"[1897, 1922, 523, 891, 516]"
1656,"[1193, 886, 425, 1620, 735]"
1657,"[1567, 1557, 16, 132, 1098]"
1658,"[505, 739, 1495, 1586, 1202]"
1659,"[1654, 739, 667, 611, 580]"
1660,"[527, 114, 18, 612, 1204]"
1661,"[1153, 1567, 1316, 256, 259]"
1662,"[1567, 16, 114, 132, 1772]"
1663,"[1193, 927, 1025, 921, 1587]"
1664,"[1567, 37, 1349, 1408, 1212]"
1665,"[1617, 1924, 292, 1555, 1722]"
1666,"[1567, 1896, 16, 1192, 1618]"
1667,"[1826, 1825, 1472, 512, 493]"
1668,"[1193, 1620, 403, 1909, 452]"
1669,"[1733, 691, 446, 1701, 1193]"
1670,"[1320, 468, 1006, 1197, 472]"
1671,"[16, 1611, 1884, 114, 1567]"
1672,"[1607, 1608, 1567, 1896, 1885]"
1673,"[1567, 1896, 1192, 1618, 16]"
1674,"[1926, 1894, 1907, 106, 1574]"
1675,"[608, 368, 1725, 739, 773]"
1676,"[1907, 1885, 1567, 1906, 95]"
1677,"[1317, 259, 256, 1153, 1319]"
1678,"[1567, 37, 54, 57, 58]"
1679,"[1618, 1885, 106, 1907, 1794]"
1680,"[413, 1587, 43, 1897, 1922]"
1681,"[1567, 16, 114, 1929, 132]"
1682,"[955, 207, 208, 971, 972]"
1683,"[868, 1748, 116, 114, 1193]"
1684,"[16, 48, 1884, 116, 1306]"
1685,"[1516, 1894, 492, 1525, 453]"
1686,"[72, 531, 1894, 497, 545]"
1687,"[1894, 484, 1613, 1567, 1459]"
1688,"[432, 1884, 1656, 1562, 468]"
1689,"[110, 16, 375, 468, 1567]"
1690,"[1936, 1935, 1603, 1344, 994]"
1691,"[16, 1249, 1567, 418, 1204]"
1692,"[1742, 1680, 691, 687, 807]"
1693,"[1193, 1909, 1531, 1620, 1588]"
1694,"[48, 1587, 46, 891, 1567]"
1695,"[1541, 1700, 1713, 102, 1201]"
1696,"[1320, 472, 1197, 468, 420]"
1697,"[1893, 1462, 1201, 1902, 667]"
1698,"[1607, 1638, 1608, 1191, 1193]"
1699,"[1320, 420, 1302, 1888, 1700]"
1700,"[1809, 1193, 1666, 501, 403]"
1701,"[43, 1886, 102, 1588, 892]"
1702,"[282, 66, 1125, 1193, 1927]"
1703,"[645, 16, 807, 687, 606]"
1704,"[1338, 1581, 891, 1187, 73]"
1705,"[468, 864, 1320, 73, 290]"
1706,"[1193, 927, 43, 1894, 1587]"
1707,"[1884, 432, 1562, 1541, 1887]"
1708,"[478, 1924, 660, 1733, 1900]"
1709,"[1450, 513, 608, 768, 1725]"
1710,"[1894, 933, 1885, 261, 1197]"
1711,"[1923, 413, 1747, 1587, 863]"
1712,"[606, 723, 1059, 1320, 1885]"
1713,"[630, 1316, 1574, 1717, 861]"
1714,"[1900, 1619, 891, 1902, 114]"
1715,"[645, 401, 739, 471, 1204]"
1716,"[114, 18, 512, 1472, 1495]"
1717,"[648, 1191, 884, 1567, 687]"
1718,"[884, 1581, 739, 120, 50]"
1719,"[1587, 861, 1904, 43, 868]"
1720,"[37, 1913, 1006, 1194, 1567]"
1721,"[1904, 1212, 513, 1567, 608]"
1722,"[612, 1255, 1619, 1676, 368]"
1723,"[114, 905, 589, 426, 1898]"
1724,"[1197, 1885, 1574, 1320, 1888]"
1725,"[1204, 1666, 114, 478, 1193]"
1726,"[1567, 16, 1884, 114, 1896]"
1727,"[1713, 884, 1519, 624, 1567]"
1728,"[1567, 1618, 1191, 1907, 16]"
1729,"[1197, 116, 1924, 478, 1204]"
1730,"[282, 66, 65, 501, 560]"
1731,"[1617, 292, 1702, 1194, 1722]"
1732,"[413, 43, 884, 44, 1063]"
1733,"[135, 1699, 363, 1187, 1907]"
1734,"[1914, 1193, 1916, 1574, 1202]"
1735,"[401, 1717, 739, 884, 801]"
1736,"[793, 1541, 1201, 1700, 1197]"
1737,"[1900, 1902, 588, 114, 1495]"
1738,"[114, 1917, 1930, 425, 1916]"
1739,"[739, 1717, 16, 468, 1204]"
1740,"[739, 608, 615, 1725, 1676]"
1741,"[926, 1193, 1635, 1618, 1615]"
1742,"[628, 1199, 98, 160, 868]"
1743,"[73, 1642, 1717, 55, 468]"
1744,"[1901, 1287, 1547, 468, 660]"
1745,"[368, 372, 132, 1567, 739]"
1746,"[1567, 95, 37, 1896, 1072]"
1747,"[1567, 884, 1192, 807, 16]"
1748,"[1930, 1193, 886, 1574, 1666]"
1749,"[1320, 468, 443, 1574, 1717]"
1750,"[1896, 1607, 1608, 1157, 1193]"
1751,"[37, 1567, 1063, 500, 1212]"
1752,"[535, 1567, 1192, 16, 114]"
1753,"[1567, 1587, 114, 16, 1884]"
1754,"[1190, 401, 1681, 48, 1287]"
1755,"[37, 468, 1567, 1742, 1679]"
1756,"[1410, 1574, 614, 1193, 1160]"
1757,"[1902, 1715, 1068, 1064, 7]"
1758,"[417, 624, 1544, 412, 1612]"
1759,"[443, 1495, 18, 1900, 16]"
1760,"[1321, 1772, 43, 1006, 903]"
1761,"[1567, 1588, 321, 540, 1884]"
1762,"[1567, 37, 1885, 95, 480]"
1763,"[66, 484, 655, 667, 1772]"
1764,"[1717, 1679, 392, 650, 646]"
1765,"[606, 1244, 423, 723, 691]"
1766,"[1907, 1916, 1071, 1066, 1646]"
1767,"[1924, 116, 478, 723, 1581]"
1768,"[1930, 1666, 1915, 43, 580]"
1769,"[1557, 1239, 368, 372, 1930]"
1770,"[468, 1700, 1320, 1894, 1197]"
1771,"[468, 739, 801, 1733, 1738]"
1772,"[1541, 1554, 1313, 1489, 1564]"
1773,"[84, 31, 33, 337, 41]"
1774,"[132, 1567, 372, 1603, 739]"
1775,"[868, 1748, 1071, 1588, 16]"
1776,"[1157, 501, 1723, 1339, 1835]"
1777,"[368, 132, 1896, 1072, 403]"
1778,"[1826, 1825, 1472, 512, 1607]"
1779,"[501, 1557, 403, 471, 1404]"
1780,"[1618, 1495, 443, 1900, 16]"
1781,"[43, 1588, 1926, 95, 1587]"
1782,"[1619, 552, 160, 787, 687]"
1783,"[1567, 1193, 1885, 37, 95]"
1784,"[1287, 1320, 749, 1861, 655]"
1785,"[1608, 1896, 1607, 1517, 1006]"
1786,"[417, 807, 612, 1204, 16]"
1787,"[1674, 1794, 1193, 368, 1916]"
1788,"[501, 1809, 1339, 608, 1738]"
1789,"[501, 1131, 1809, 1882, 1134]"
1790,"[884, 1192, 1006, 401, 1239]"
1791,"[1700, 1320, 891, 1701, 1889]"
1792,"[1894, 1613, 1567, 1885, 1892]"
1793,"[677, 1389, 1567, 513, 796]"
1794,"[1601, 1316, 693, 692, 1604]"
1795,"[468, 1320, 1197, 1574, 518]"
1796,"[1929, 1567, 1197, 472, 1742]"
1797,"[1677, 1900, 522, 51, 1902]"
1798,"[1904, 1607, 1826, 1472, 1825]"
1799,"[1613, 1495, 1592, 721, 807]"
1800,"[1896, 1608, 886, 1607, 1006]"
1801,"[1742, 1567, 1679, 1885, 66]"
1802,"[446, 1885, 414, 416, 613]"
1803,"[1587, 1193, 1700, 1904, 1581]"
1804,"[1313, 102, 1746, 1541, 1073]"
1805,"[1567, 1896, 114, 1618, 1897]"
1806,"[927, 401, 1063, 1608, 16]"
1807,"[1225, 1322, 1748, 530, 513]"
1808,"[48, 807, 16, 18, 739]"
1809,"[1617, 292, 1555, 1702, 1655]"
1810,"[116, 1614, 1619, 113, 1610]"
1811,"[1601, 692, 693, 1316, 1191]"
1812,"[691, 1638, 408, 446, 114]"
1813,"[1500, 1363, 512, 1234, 1676]"
1814,"[1340, 1193, 1567, 37, 543]"
1815,"[1587, 1700, 1904, 891, 1889]"
1816,"[114, 16, 1567, 1884, 455]"
1817,"[445, 114, 807, 1204, 16]"
1818,"[501, 410, 1192, 1202, 401]"
1819,"[468, 1320, 72, 1567, 261]"
1820,"[298, 433, 442, 816, 1281]"
1821,"[1587, 505, 417, 1915, 1567]"
1822,"[1666, 823, 1667, 731, 1917]"
1823,"[1906, 1928, 1588, 1916, 1528]"
1824,"[1193, 113, 1587, 43, 927]"
1825,"[1197, 1567, 44, 1504, 16]"
1826,"[478, 1197, 1924, 1902, 660]"
1827,"[1538, 1556, 1913, 1533, 1924]"
1828,"[1586, 1619, 1193, 1618, 1040]"
1829,"[16, 1611, 507, 1567, 1212]"
1830,"[691, 1733, 1588, 1457, 446]"
1831,"[1613, 1530, 257, 901, 1191]"
1832,"[1457, 1197, 1, 1073, 1892]"
1833,"[1896, 1072, 368, 54, 57]"
1834,"[452, 403, 1300, 374, 1301]"
1835,"[1924, 478, 1733, 1197, 691]"
1836,"[16, 1611, 1567, 114, 507]"
1837,"[1772, 1006, 16, 667, 1666]"
1838,"[116, 114, 1724, 1884, 1567]"
1839,"[132, 1567, 1588, 135, 1906]"
1840,"[114, 1567, 16, 1884, 432]"
1841,"[899, 314, 119, 457, 1718]"
1842,"[108, 1721, 1567, 368, 1896]"
1843,"[1193, 1588, 927, 543, 1917]"
1844,"[1742, 624, 1896, 1204, 368]"
1845,"[1193, 1620, 886, 1915, 1351]"
1846,"[1588, 500, 1646, 1586, 1701]"
1847,"[1607, 1191, 478, 413, 1896]"
1848,"[1894, 1613, 1157, 363, 1567]"
1849,"[1885, 102, 420, 1073, 453]"
1850,"[1601, 692, 1191, 693, 1604]"
1851,"[1193, 927, 43, 1587, 1025]"
1852,"[114, 1900, 1902, 1561, 1344]"
1853,"[1567, 1193, 1192, 1885, 1907]"
1854,"[478, 1924, 1197, 95, 51]"
1855,"[1541, 102, 1700, 420, 4]"
1856,"[1006, 1557, 1586, 53, 1772]"
1857,"[468, 884, 73, 1882, 1581]"
1858,"[110, 1619, 524, 445, 1249]"
1859,"[1884, 1197, 48, 16, 1924]"
1860,"[51, 16, 1884, 1204, 1772]"
1861,"[1936, 1733, 1935, 1277, 691]"
1862,"[1742, 1564, 1489, 1542, 1554]"
1863,"[501, 1885, 1263, 1457, 1809]"
1864,"[1607, 1896, 1608, 1825, 1826]"
1865,"[368, 773, 739, 1193, 608]"
1866,"[1924, 478, 723, 541, 1515]"
1867,"[1607, 1608, 1896, 1517, 1676]"
1868,"[885, 954, 1592, 903, 1320]"
1869,"[446, 1193, 723, 417, 1197]"
1870,"[691, 16, 44, 446, 54]"
1871,"[1567, 1072, 1896, 95, 37]"
1872,"[16, 114, 48, 1032, 1567]"
1873,"[271, 1599, 903, 927, 1427]"
1874,"[162, 1666, 934, 174, 176]"
1875,"[4, 862, 128, 1197, 1583]"
1876,"[606, 723, 624, 446, 824]"
1877,"[1320, 468, 72, 575, 563]"
1878,"[608, 1725, 768, 739, 1738]"
1879,"[1193, 927, 1587, 1897, 1922]"
1880,"[37, 468, 1567, 1742, 1679]"
1881,"[1193, 927, 1917, 1587, 1006]"
1882,"[501, 1809, 1588, 1495, 403]"
1883,"[1193, 927, 1917, 1900, 1587]"
1884,"[368, 1072, 1896, 443, 108]"
1885,"[368, 1619, 1405, 125, 1896]"
1886,"[608, 368, 1725, 739, 773]"
1887,"[478, 1924, 1900, 1618, 1902]"
1888,"[314, 1747, 863, 865, 1693]"
1889,"[132, 1567, 135, 1907, 1620]"
1890,"[1567, 37, 1896, 1885, 1191]"
1891,"[1700, 102, 871, 1746, 1541]"
1892,"[114, 1191, 16, 1611, 624]"
1893,"[1924, 1617, 292, 1722, 478]"
1894,"[1924, 478, 1733, 116, 408]"
1895,"[44, 1614, 692, 109, 693]"
1896,"[162, 934, 174, 176, 931]"
1897,"[1930, 1917, 730, 1338, 207]"
1898,"[501, 1900, 1603, 1404, 43]"
1899,"[16, 114, 1567, 507, 884]"
1900,"[16, 48, 1203, 649, 884]"
1901,"[478, 1924, 1495, 18, 691]"
1902,"[37, 480, 1316, 1638, 479]"
1903,"[1587, 413, 43, 1897, 1922]"
1904,"[885, 1592, 954, 1053, 1591]"
1905,"[16, 1567, 1611, 114, 507]"
1906,"[132, 135, 1567, 372, 16]"
1907,"[892, 1673, 872, 1733, 368]"
1908,"[1924, 478, 1471, 1515, 1481]"
1909,"[43, 1900, 44, 114, 662]"
1910,"[1541, 1700, 1201, 1887, 1197]"
1911,"[608, 1725, 768, 1738, 739]"
1912,"[1567, 95, 1900, 67, 443]"
1913,"[784, 891, 1717, 807, 43]"
1914,"[853, 443, 1495, 1915, 480]"
1915,"[1608, 1607, 1193, 1896, 1517]"
1916,"[828, 402, 412, 773, 1927]"
1917,"[1193, 171, 420, 1888, 632]"
1918,"[1495, 114, 1607, 1894, 1602]"
1919,"[1193, 1930, 1666, 368, 886]"
1920,"[501, 432, 884, 1809, 595]"
1921,"[1896, 114, 16, 1618, 1191]"
1922,"[43, 44, 1772, 1006, 807]"
1923,"[73, 1567, 1742, 72, 1204]"
1924,"[534, 1567, 1772, 1861, 649]"
1925,"[1212, 1904, 1607, 1191, 1896]"
1926,"[1627, 1588, 113, 114, 1892]"
1927,"[1904, 1212, 608, 739, 1725]"
1928,"[368, 132, 1125, 1896, 1721]"
1929,"[368, 1056, 1567, 1679, 1204]"
1930,"[1567, 132, 16, 372, 114]"
1931,"[1192, 401, 501, 1809, 884]"
1932,"[1113, 1930, 368, 1193, 1581]"
1933,"[1924, 478, 927, 1495, 1772]"
1934,"[478, 1924, 16, 116, 884]"
1935,"[1666, 1239, 1191, 1193, 1613]"
1936,"[1608, 1607, 1896, 1517, 1615]"
1937,"[102, 793, 1700, 160, 97]"
1938,"[1885, 1320, 114, 468, 1567]"
1939,"[108, 1721, 135, 1447, 1125]"
1940,"[1193, 927, 892, 43, 868]"
1941,"[1902, 114, 1495, 1900, 18]"
1942,"[1567, 468, 1574, 659, 16]"
1943,"[501, 1809, 1339, 1422, 1255]"
1944,"[927, 1193, 1613, 43, 1587]"
1945,"[1006, 1574, 1914, 426, 1898]"
1946,"[73, 1581, 468, 368, 723]"
1947,"[1733, 632, 1290, 408, 691]"
1948,"[1561, 425, 1567, 807, 16]"
1949,"[1207, 721, 1680, 1915, 1006]"
1950,"[1210, 1510, 1503, 1496, 455]"
1951,"[132, 108, 135, 372, 1721]"
1952,"[1581, 73, 723, 468, 135]"
1953,"[1700, 420, 102, 1541, 1713]"
1954,"[114, 16, 1611, 1567, 1191]"
1955,"[1733, 691, 645, 1192, 446]"
1956,"[1924, 478, 1515, 541, 1567]"
1957,"[1193, 886, 1458, 1567, 543]"
1958,"[1207, 1917, 1900, 114, 473]"
1959,"[16, 114, 884, 1884, 1618]"
1960,"[606, 723, 72, 468, 1885]"
1961,"[1924, 478, 1900, 1733, 114]"
1962,"[1617, 926, 292, 1655, 1555]"
1963,"[114, 1472, 1495, 501, 1587]"
1964,"[1302, 1772, 16, 1567, 579]"
1965,"[793, 1541, 1201, 1700, 1628]"
1966,"[16, 114, 1567, 1884, 1617]"
1967,"[1666, 406, 407, 670, 470]"
1968,"[16, 884, 454, 456, 461]"
1969,"[884, 16, 1567, 1006, 1192]"
1970,"[1197, 468, 73, 471, 1204]"
1971,"[1567, 114, 16, 132, 1896]"
1972,"[1608, 1607, 1125, 1557, 1896]"
1973,"[1302, 1831, 468, 403, 1320]"
1974,"[368, 372, 1191, 1607, 1125]"
1975,"[1239, 1930, 1193, 1557, 1006]"
1976,"[901, 1006, 739, 1917, 1718]"
1977,"[368, 1581, 1557, 135, 1]"
1978,"[1567, 1193, 1909, 1458, 1618]"
1979,"[368, 1191, 1613, 1666, 1194]"
1980,"[116, 1197, 1491, 1902, 891]"
1981,"[468, 111, 50, 861, 128]"
1982,"[785, 807, 114, 412, 220]"
1983,"[113, 1676, 413, 612, 114]"
1984,"[1608, 1896, 1006, 412, 1772]"
1985,"[807, 1902, 1495, 1521, 1900]"
1986,"[432, 1884, 689, 1312, 687]"
1987,"[468, 1320, 1723, 1197, 1567]"
1988,"[1588, 43, 1884, 1615, 1193]"
1989,"[1639, 114, 116, 343, 1525]"
1990,"[1913, 128, 1886, 922, 49]"
1991,"[1601, 1316, 693, 692, 1604]"
1992,"[884, 1239, 1006, 1192, 798]"
1993,"[73, 807, 1717, 1772, 691]"
1994,"[886, 1591, 1193, 1592, 1351]"
1995,"[807, 1846, 1855, 114, 1573]"
1996,"[1924, 478, 114, 1884, 51]"
1997,"[1846, 1679, 84, 468, 652]"
1998,"[108, 1405, 1491, 1567, 1742]"
1999,"[1567, 16, 132, 37, 114]"
2000,"[16, 884, 48, 455, 1702]"
2001,"[1742, 114, 691, 446, 1733]"
2002,"[1071, 927, 868, 1588, 1587]"
2003,"[1320, 420, 1658, 1888, 1563]"
2004,"[1587, 43, 1588, 1915, 1917]"
2005,"[1567, 1212, 1904, 1733, 1613]"
2006,"[1570, 135, 543, 1476, 1482]"
2007,"[16, 114, 1611, 1567, 507]"
2008,"[927, 1193, 1917, 1885, 933]"
2009,"[1924, 478, 1197, 1204, 1515]"
2010,"[1193, 1618, 1458, 543, 927]"
2011,"[1613, 1530, 901, 257, 368]"
2012,"[608, 1725, 739, 773, 740]"
2013,"[554, 561, 1457, 1404, 1449]"
2014,"[1197, 1924, 478, 116, 1884]"
2015,"[116, 1900, 660, 1561, 1924]"
2016,"[1772, 1592, 16, 652, 1320]"
2017,"[1588, 1666, 1046, 1917, 1489]"
2018,"[1861, 1900, 114, 510, 1902]"
2019,"[1567, 1896, 1618, 1192, 114]"
2020,"[114, 455, 1884, 16, 375]"
2021,"[1904, 1587, 1613, 1897, 1922]"
2022,"[1567, 16, 91, 114, 455]"
2023,"[1700, 1541, 102, 1713, 1073]"
2024,"[1673, 51, 1567, 1125, 368]"
2025,"[1612, 1904, 1193, 1212, 1191]"
2026,"[1658, 1900, 1495, 687, 1457]"
2027,"[290, 1615, 1586, 1556, 1538]"
2028,"[885, 1936, 903, 1590, 954]"
2029,"[1338, 1483, 807, 270, 984]"
2030,"[495, 48, 1587, 1581, 43]"
2031,"[446, 54, 57, 58, 691]"
2032,"[128, 1733, 288, 1897, 1922]"
2033,"[649, 1846, 1861, 155, 157]"
2034,"[1896, 807, 1567, 54, 57]"
2035,"[1924, 478, 1567, 1884, 1885]"
2036,"[478, 1924, 1885, 1193, 784]"
2037,"[403, 452, 1300, 1301, 1861]"
2038,"[1742, 606, 1564, 1489, 1542]"
2039,"[1193, 1618, 1620, 1458, 543]"
2040,"[1573, 1193, 1809, 1884, 1588]"
2041,"[114, 1611, 1618, 455, 125]"
2042,"[1197, 18, 478, 1924, 1204]"
2043,"[1567, 468, 807, 16, 798]"
2044,"[1915, 413, 406, 478, 407]"
2045,"[1555, 1201, 102, 98, 97]"
2046,"[1608, 1733, 1607, 1517, 691]"
2047,"[1567, 1896, 16, 1314, 1192]"
2048,"[82, 828, 1929, 1287, 54]"
2049,"[1894, 1896, 501, 1157, 432]"
2050,"[886, 1193, 1026, 1680, 1351]"
2051,"[1573, 43, 432, 1884, 708]"
2052,"[1138, 659, 468, 46, 1063]"
2053,"[1191, 692, 1534, 1204, 1573]"
2054,"[1312, 650, 432, 44, 1884]"
2055,"[902, 739, 1303, 110, 748]"
2056,"[115, 1193, 446, 1463, 1567]"
2057,"[16, 114, 1902, 478, 1924]"
2058,"[926, 1617, 292, 900, 1702]"
2059,"[1619, 368, 1197, 321, 890]"
2060,"[1619, 1603, 1891, 54, 57]"
2061,"[1338, 1187, 1581, 1570, 891]"
2062,"[1212, 1904, 1613, 1885, 513]"
2063,"[470, 620, 670, 1885, 1193]"
2064,"[1666, 993, 1930, 823, 327]"
2065,"[478, 1924, 1915, 1588, 1884]"
2066,"[468, 1246, 807, 471, 1742]"
2067,"[1567, 1208, 1496, 1478, 37]"
2068,"[1885, 901, 1032, 1916, 1554]"
2069,"[114, 18, 606, 445, 1495]"
2070,"[1207, 721, 37, 1918, 1680]"
2071,"[290, 1122, 1696, 420, 1167]"
2072,"[116, 110, 1724, 1896, 1897]"
2073,"[116, 16, 114, 1724, 110]"
2074,"[1725, 608, 1738, 739, 1591]"
2075,"[1567, 16, 927, 1587, 43]"
2076,"[1884, 1197, 48, 1924, 116]"
2077,"[132, 135, 372, 1567, 1098]"
2078,"[1924, 478, 1884, 1515, 51]"
2079,"[1193, 1909, 1809, 1620, 886]"
2080,"[401, 927, 1127, 1544, 47]"
2081,"[1617, 292, 1722, 1588, 1070]"
2082,"[1917, 1900, 1032, 1064, 1035]"
2083,"[1239, 807, 606, 16, 1006]"
2084,"[1495, 606, 18, 114, 807]"
2085,"[114, 1916, 1567, 1193, 1646]"
2086,"[401, 807, 1717, 739, 47]"
2087,"[930, 51, 933, 380, 1039]"
2088,"[1567, 16, 114, 1406, 110]"
2089,"[1070, 114, 128, 1537, 1527]"
2090,"[1613, 1530, 1191, 901, 257]"
2091,"[1071, 1588, 1884, 1554, 1193]"
2092,"[1733, 1197, 171, 1201, 1700]"
2093,"[1607, 1608, 1191, 1157, 783]"
2094,"[18, 114, 677, 624, 1573]"
2095,"[1567, 1896, 668, 43, 1907]"
2096,"[1193, 1458, 1809, 1620, 886]"
2097,"[1607, 1904, 1587, 1517, 1608]"
2098,"[1617, 292, 1722, 1655, 1555]"
2099,"[1504, 553, 16, 1204, 649]"
2100,"[1193, 886, 1351, 1252, 1809]"
2101,"[16, 114, 18, 1884, 1495]"
2102,"[1567, 1805, 132, 37, 403]"
2103,"[413, 1900, 408, 1915, 1917]"
2104,"[1915, 114, 885, 18, 807]"
2105,"[1480, 1193, 1032, 1040, 163]"
2106,"[1213, 95, 1581, 86, 1679]"
2107,"[1193, 1588, 927, 1909, 43]"
2108,"[1676, 1666, 1675, 1620, 402]"
2109,"[1567, 1896, 1617, 1192, 16]"
2110,"[1617, 292, 1567, 1722, 16]"
2111,"[1412, 417, 1557, 16, 1206]"
2112,"[1907, 1193, 1897, 1922, 1574]"
2113,"[1894, 1884, 1890, 1885, 1588]"
2114,"[1607, 1608, 1896, 1517, 783]"
2115,"[1541, 793, 1628, 1201, 1197]"
2116,"[1896, 1567, 95, 1608, 1191]"
2117,"[1673, 1924, 478, 1748, 1884]"
2118,"[1725, 608, 368, 739, 1738]"
2119,"[1613, 892, 1530, 257, 1191]"
2120,"[114, 1733, 691, 1275, 446]"
2121,"[113, 114, 1897, 1922, 1926]"
2122,"[1587, 868, 1495, 1900, 43]"
2123,"[1742, 1555, 1617, 292, 1655]"
2124,"[1574, 1588, 426, 1898, 1212]"
2125,"[1567, 1896, 1192, 1618, 16]"
2126,"[1197, 478, 1924, 44, 1204]"
2127,"[1608, 18, 114, 1472, 1904]"
2128,"[1617, 292, 1567, 535, 1929]"
2129,"[275, 280, 277, 279, 272]"
2130,"[1638, 211, 1911, 980, 691]"
2131,"[1567, 1192, 372, 1157, 132]"
2132,"[1193, 1885, 1191, 1567, 1904]"
2133,"[1193, 927, 1587, 43, 1627]"
2134,"[446, 1193, 1607, 1239, 612]"
2135,"[1924, 1617, 16, 292, 478]"
2136,"[1574, 426, 1898, 1917, 1193]"
2137,"[1721, 1447, 1617, 1125, 1607]"
2138,"[1070, 1531, 1615, 700, 289]"
2139,"[116, 1724, 807, 677, 1601]"
2140,"[1607, 1608, 1517, 884, 1896]"
2141,"[1191, 1072, 1896, 368, 1125]"
2142,"[372, 368, 132, 739, 1567]"
2143,"[1457, 608, 1725, 1157, 773]"
2144,"[807, 478, 1521, 579, 561]"
2145,"[1772, 468, 1383, 1197, 588]"
2146,"[1826, 18, 1825, 1472, 1495]"
2147,"[468, 1581, 73, 480, 1742]"
2148,"[1567, 901, 368, 110, 37]"
2149,"[335, 1275, 1618, 1556, 1615]"
2150,"[1193, 537, 1351, 419, 425]"
2151,"[1197, 478, 116, 1924, 1733]"
2152,"[1567, 1896, 114, 1192, 1618]"
2153,"[432, 1884, 1312, 1562, 1677]"
2154,"[1072, 1896, 54, 57, 58]"
2155,"[608, 1725, 1472, 1825, 512]"
2156,"[1313, 1541, 1073, 793, 102]"
2157,"[884, 82, 1192, 807, 16]"
2158,"[1608, 1896, 1517, 1006, 1615]"
2159,"[927, 691, 114, 446, 807]"
2160,"[425, 1861, 420, 1915, 1540]"
2161,"[1504, 1924, 478, 553, 1385]"
2162,"[1676, 501, 1255, 372, 114]"
2163,"[1588, 114, 1900, 48, 1534]"
2164,"[368, 1782, 1557, 1781, 1798]"
2165,"[606, 420, 1556, 1538, 1923]"
2166,"[1894, 1516, 1885, 886, 1197]"
2167,"[132, 1567, 135, 16, 372]"
2168,"[1733, 1929, 1592, 375, 1043]"
2169,"[1617, 292, 1722, 1655, 1555]"
2170,"[1936, 1935, 1277, 16, 1638]"
2171,"[793, 1541, 1201, 1700, 1118]"
2172,"[1567, 1896, 1192, 16, 1885]"
2173,"[1, 796, 1772, 16, 1006]"
2174,"[1157, 1567, 739, 1186, 901]"
2175,"[1567, 1884, 37, 95, 16]"
2176,"[1239, 1193, 446, 421, 677]"
2177,"[368, 1607, 1404, 1157, 1896]"
2178,"[1193, 1340, 1909, 1458, 1389]"
2179,"[900, 1915, 374, 1495, 773]"
2180,"[1579, 468, 1772, 655, 1210]"
2181,"[1561, 1560, 1885, 1902, 1619]"
2182,"[132, 135, 372, 1567, 1098]"
2183,"[807, 784, 1924, 1884, 16]"
2184,"[1924, 478, 1515, 541, 687]"
2185,"[1574, 1212, 534, 1471, 426]"
2186,"[413, 557, 1044, 1537, 560]"
2187,"[445, 114, 807, 1717, 16]"
2188,"[1902, 1900, 116, 114, 1884]"
2189,"[901, 1567, 1618, 368, 1885]"
2190,"[413, 1588, 43, 1587, 1899]"
2191,"[1191, 1138, 632, 1124, 1666]"
2192,"[930, 160, 420, 1592, 872]"
2193,"[1444, 321, 1587, 1270, 1193]"
2194,"[807, 1599, 1900, 1495, 1574]"
2195,"[1567, 16, 132, 114, 1611]"
2196,"[807, 1638, 579, 1557, 1204]"
2197,"[492, 1869, 1846, 1861, 1619]"
2198,"[1600, 927, 1910, 1899, 106]"
2199,"[1618, 1924, 478, 786, 116]"
2200,"[1926, 43, 1588, 445, 1064]"
2201,"[132, 1567, 135, 372, 368]"
2202,"[1567, 1896, 16, 1884, 114]"
2203,"[102, 1713, 1700, 891, 98]"
2204,"[1193, 1340, 1909, 1620, 425]"
2205,"[1567, 1896, 1192, 1618, 16]"
2206,"[1567, 1896, 1192, 1618, 16]"
2207,"[1239, 1930, 1193, 1557, 606]"
2208,"[1302, 1897, 1922, 647, 624]"
2209,"[610, 417, 875, 824, 580]"
2210,"[1723, 45, 1666, 884, 37]"
2211,"[1521, 1884, 16, 1249, 1197]"
2212,"[926, 1617, 1555, 1618, 1550]"
2213,"[132, 1249, 1896, 1907, 1072]"
2214,"[368, 372, 739, 132, 1567]"
2215,"[868, 1748, 478, 1924, 1071]"
2216,"[1204, 368, 372, 1267, 1721]"
2217,"[1574, 1613, 1193, 426, 43]"
2218,"[4, 128, 468, 861, 1063]"
2219,"[687, 667, 655, 600, 606]"
2220,"[1666, 731, 446, 1574, 725]"
2221,"[1157, 368, 1193, 1072, 1930]"
2222,"[903, 1917, 1428, 1574, 1320]"
2223,"[1072, 108, 16, 37, 1896]"
2224,"[132, 1567, 135, 1896, 1192]"
2225,"[668, 1567, 70, 468, 1679]"
2226,"[1567, 1896, 1618, 16, 1193]"
2227,"[1701, 48, 1204, 807, 43]"
2228,"[1772, 1574, 426, 1898, 88]"
2229,"[1617, 926, 1557, 1618, 1598]"
2230,"[793, 1201, 1700, 1887, 1197]"
2231,"[1588, 1916, 1529, 1191, 1193]"
2232,"[1574, 37, 426, 1898, 785]"
2233,"[1717, 1882, 468, 1805, 401]"
2234,"[1904, 1212, 1885, 1613, 425]"
2235,"[1567, 1904, 18, 37, 512]"
2236,"[901, 417, 1607, 403, 1638]"
2237,"[1138, 1275, 368, 449, 1896]"
2238,"[132, 135, 1567, 372, 114]"
2239,"[37, 1900, 1913, 1194, 1567]"
2240,"[650, 1887, 1547, 1201, 1197]"
2241,"[1193, 470, 620, 37, 670]"
2242,"[892, 1673, 872, 871, 893]"
2243,"[368, 372, 1567, 132, 739]"
2244,"[432, 1884, 1562, 708, 689]"
2245,"[171, 1885, 868, 864, 1073]"
2246,"[647, 1751, 1397, 1467, 1481]"
2247,"[606, 723, 1885, 1197, 1320]"
2248,"[368, 1907, 1618, 1157, 1066]"
2249,"[368, 501, 1125, 363, 649]"
2250,"[824, 374, 823, 731, 1338]"
2251,"[1617, 1655, 1722, 292, 687]"
2252,"[1617, 292, 606, 116, 16]"
2253,"[884, 114, 1193, 933, 417]"
2254,"[1895, 1717, 480, 774, 1720]"
2255,"[739, 608, 1725, 740, 1738]"
2256,"[1924, 478, 1197, 116, 1884]"
2257,"[1887, 1631, 881, 628, 1567]"
2258,"[693, 1316, 677, 692, 1192]"
2259,"[16, 1611, 114, 1567, 110]"
2260,"[723, 91, 446, 1581, 1006]"
2261,"[668, 1567, 1717, 661, 16]"
2262,"[1936, 1861, 1906, 1901, 79]"
2263,"[1613, 368, 363, 1896, 901]"
2264,"[606, 723, 1902, 1320, 420]"
2265,"[1617, 926, 1618, 114, 1550]"
2266,"[1046, 287, 1584, 1338, 731]"
2267,"[1567, 1618, 1885, 95, 901]"
2268,"[1567, 1891, 37, 1907, 1574]"
2269,"[1894, 886, 1932, 453, 95]"
2270,"[1574, 426, 1898, 88, 1718]"
2271,"[1428, 1882, 282, 1930, 1917]"
2272,"[1733, 411, 691, 446, 645]"
2273,"[1484, 1475, 518, 525, 1439]"
2274,"[1885, 901, 1936, 1928, 78]"
2275,"[1056, 1466, 541, 1238, 546]"
2276,"[401, 114, 16, 1904, 18]"
2277,"[114, 1733, 116, 1902, 1495]"
2278,"[114, 16, 1567, 807, 507]"
2279,"[1567, 495, 37, 1885, 1805]"
2280,"[1717, 1716, 1913, 111, 468]"
2281,"[16, 1611, 114, 1567, 507]"
2282,"[1193, 113, 927, 43, 1588]"
2283,"[1884, 48, 1197, 884, 1204]"
2284,"[1906, 1588, 1928, 1620, 1043]"
2285,"[1608, 1896, 1607, 1588, 886]"
2286,"[1612, 1244, 423, 1193, 43]"
2287,"[1929, 901, 1581, 1917, 1656]"
2288,"[1733, 691, 1249, 1904, 432]"
2289,"[892, 1900, 1884, 18, 116]"
2290,"[73, 468, 1581, 1742, 1567]"
2291,"[1924, 543, 1504, 1407, 44]"
2292,"[1063, 927, 114, 455, 739]"
2293,"[1599, 1772, 807, 471, 16]"
2294,"[1574, 426, 1898, 88, 1718]"
2295,"[466, 1913, 288, 128, 135]"
2296,"[1567, 1574, 1193, 905, 426]"
2297,"[1618, 113, 892, 1627, 1587]"
2298,"[1567, 256, 1896, 114, 16]"
2299,"[1567, 37, 1063, 1885, 95]"
2300,"[73, 1772, 468, 1204, 1006]"
2301,"[413, 478, 1915, 868, 1748]"
2302,"[1603, 198, 914, 959, 139]"
2303,"[1197, 1191, 1924, 1884, 1434]"
2304,"[1630, 1680, 1915, 1006, 1900]"
2305,"[114, 1618, 1495, 116, 1567]"
2306,"[1592, 233, 234, 235, 238]"
2307,"[612, 1937, 126, 468, 1320]"
2308,"[1192, 1611, 114, 1896, 446]"
2309,"[1320, 1073, 1313, 794, 420]"
2310,"[927, 1495, 1809, 1916, 1302]"
2311,"[1900, 114, 1917, 1902, 1715]"
2312,"[478, 1900, 1924, 116, 1733]"
2313,"[1472, 1826, 493, 512, 1825]"
2314,"[132, 1567, 372, 739, 1603]"
2315,"[132, 372, 403, 1490, 1808]"
2316,"[16, 368, 501, 1907, 125]"
2317,"[1567, 1588, 37, 1906, 1063]"
2318,"[368, 1557, 501, 1125, 403]"
2319,"[1541, 102, 1700, 793, 1646]"
2320,"[735, 1193, 1748, 1882, 43]"
2321,"[1926, 1574, 1567, 114, 426]"
2322,"[1896, 1608, 798, 1204, 412]"
2323,"[453, 1561, 1541, 1737, 1560]"
2324,"[80, 368, 1062, 1125, 1131]"
2325,"[1618, 1885, 1193, 495, 670]"
2326,"[604, 1630, 911, 271, 796]"
2327,"[1249, 16, 114, 901, 1555]"
2328,"[1193, 927, 1587, 1588, 1909]"
2329,"[884, 739, 375, 1062, 1647]"
2330,"[1617, 926, 811, 16, 1487]"
2331,"[1884, 48, 1584, 1917, 918]"
2332,"[114, 1617, 1567, 292, 1472]"
2333,"[73, 468, 1581, 1557, 135]"
2334,"[1617, 1924, 292, 892, 1555]"
2335,"[885, 1344, 1666, 1607, 1906]"
2336,"[1192, 1006, 884, 621, 401]"
2337,"[1495, 1193, 1536, 1915, 1032]"
2338,"[1542, 1896, 1567, 54, 57]"
2339,"[1599, 884, 1772, 401, 798]"
2340,"[446, 417, 1472, 1193, 1239]"
2341,"[425, 1915, 1926, 1562, 1032]"
2342,"[1613, 1530, 901, 257, 108]"
2343,"[1700, 420, 102, 1320, 1201]"
2344,"[406, 407, 1666, 823, 601]"
2345,"[16, 44, 18, 807, 687]"
2346,"[1567, 1904, 18, 37, 512]"
2347,"[608, 1725, 739, 773, 331]"
2348,"[1197, 1924, 478, 1884, 116]"
2349,"[252, 911, 233, 234, 235]"
2350,"[1884, 1197, 1924, 16, 48]"
2351,"[116, 1591, 1197, 478, 1035]"
2352,"[16, 1567, 443, 44, 807]"
2353,"[1193, 927, 1587, 1885, 1909]"
2354,"[739, 401, 632, 650, 630]"
2355,"[1212, 1613, 1904, 1567, 1530]"
2356,"[1193, 543, 1680, 1038, 927]"
2357,"[1613, 257, 1530, 468, 901]"
2358,"[114, 1192, 692, 693, 1316]"
2359,"[16, 1113, 114, 1611, 645]"
2360,"[1607, 1608, 1517, 1570, 1581]"
2361,"[1191, 1567, 16, 114, 455]"
2362,"[1617, 1555, 292, 125, 1619]"
2363,"[692, 1192, 693, 1638, 114]"
2364,"[1677, 368, 1125, 1072, 363]"
2365,"[1700, 1073, 102, 1118, 1541]"
2366,"[16, 1611, 114, 1567, 1884]"
2367,"[114, 1192, 16, 1611, 1926]"
2368,"[1472, 1825, 1826, 512, 1904]"
2369,"[1534, 1192, 1611, 1044, 1537]"
2370,"[443, 1495, 1902, 1900, 18]"
2371,"[363, 368, 1157, 110, 1188]"
2372,"[1325, 1809, 1495, 1902, 501]"
2373,"[1846, 1900, 1855, 1491, 481]"
2374,"[608, 1725, 1472, 1825, 1826]"
2375,"[678, 891, 1900, 401, 1495]"
2376,"[1884, 1656, 1562, 1673, 1904]"
2377,"[1191, 891, 927, 901, 1907]"
2378,"[1894, 1890, 886, 1884, 1516]"
2379,"[1620, 406, 407, 419, 1193]"
2380,"[37, 1913, 95, 1567, 1194]"
2381,"[1211, 1567, 1400, 1219, 95]"
2382,"[1487, 1917, 1207, 1900, 1344]"
2383,"[413, 1495, 1900, 443, 1567]"
2384,"[432, 652, 807, 18, 1204]"
2385,"[95, 1516, 443, 1457, 16]"
2386,"[1567, 677, 1892, 1885, 1448]"
2387,"[1630, 886, 990, 1680, 403]"
2388,"[1900, 697, 1495, 1915, 1561]"
2389,"[402, 1358, 1700, 1197, 1247]"
2390,"[608, 1725, 739, 768, 1738]"
2391,"[1599, 44, 1900, 443, 1536]"
2392,"[1581, 468, 16, 73, 1249]"
2393,"[1722, 926, 1619, 1617, 1655]"
2394,"[1607, 1904, 1587, 1608, 1517]"
2395,"[1157, 1193, 368, 1255, 1930]"
2396,"[892, 1598, 1618, 1886, 1896]"
2397,"[114, 1204, 1567, 16, 1113]"
2398,"[401, 471, 413, 645, 1192]"
2399,"[1733, 739, 608, 1725, 768]"
2400,"[608, 1725, 739, 368, 773]"
2401,"[443, 1931, 1025, 933, 901]"
2402,"[223, 446, 1911, 1052, 265]"
2403,"[1457, 65, 63, 1618, 1723]"
2404,"[608, 1725, 768, 739, 1738]"
2405,"[16, 807, 1717, 110, 1567]"
2406,"[1193, 927, 901, 1588, 1587]"
2407,"[132, 135, 372, 368, 1157]"
2408,"[891, 1679, 807, 413, 114]"
2409,"[1516, 1894, 1717, 807, 16]"
2410,"[1733, 452, 1300, 1861, 1301]"
2411,"[884, 114, 16, 1557, 468]"
2412,"[691, 408, 1666, 1587, 54]"
2413,"[132, 1567, 135, 372, 1157]"
2414,"[886, 1351, 1193, 537, 885]"
2415,"[368, 739, 1725, 608, 372]"
2416,"[1588, 1191, 1934, 1275, 1666]"
2417,"[1885, 102, 1313, 420, 1073]"
2418,"[368, 1125, 927, 1619, 1896]"
2419,"[413, 1587, 43, 1897, 1922]"
2420,"[807, 1461, 468, 1772, 1742]"
2421,"[1212, 1904, 608, 1725, 1567]"
2422,"[608, 1725, 768, 739, 623]"
2423,"[1620, 1193, 1520, 1618, 425]"
2424,"[1567, 114, 16, 132, 1611]"
2425,"[1900, 1193, 1587, 1917, 1588]"
2426,"[677, 1389, 509, 513, 1772]"
2427,"[1495, 1315, 1320, 468, 667]"
2428,"[660, 468, 579, 1924, 807]"
2429,"[1574, 1567, 426, 1898, 1380]"
2430,"[1721, 1125, 501, 1886, 1302]"
2431,"[1557, 1125, 1733, 926, 1598]"
2432,"[1504, 1884, 18, 1204, 16]"
2433,"[1608, 1607, 18, 114, 1896]"
2434,"[970, 973, 974, 972, 971]"
2435,"[1670, 1889, 1885, 1516, 933]"
2436,"[1574, 1193, 426, 1898, 905]"
2437,"[1197, 478, 1900, 1902, 1924]"
2438,"[341, 926, 374, 1073, 1934]"
2439,"[1666, 1239, 446, 1006, 1197]"
2440,"[1638, 403, 132, 1607, 1193]"
2441,"[1742, 891, 37, 1567, 749]"
2442,"[1915, 1495, 1900, 1193, 670]"
2443,"[1212, 1904, 1567, 1157, 37]"
2444,"[1072, 108, 1006, 16, 687]"
2445,"[884, 1614, 291, 1772, 1615]"
2446,"[292, 1617, 1655, 1722, 1555]"
2447,"[611, 1846, 1772, 649, 1861]"
2448,"[606, 723, 468, 933, 1885]"
2449,"[290, 1694, 1122, 1696, 1167]"
2450,"[349, 891, 579, 807, 42]"
2451,"[1896, 1608, 886, 1587, 1613]"
2452,"[1516, 1772, 655, 1894, 661]"
2453,"[1193, 114, 1072, 1885, 1900]"
2454,"[1573, 739, 54, 57, 58]"
2455,"[1610, 1884, 1924, 1521, 116]"
2456,"[606, 1541, 723, 1700, 1887]"
2457,"[82, 828, 1592, 420, 54]"
2458,"[1062, 1467, 16, 1056, 110]"
2459,"[1193, 927, 1025, 43, 1588]"
2460,"[1725, 608, 768, 739, 368]"
2461,"[1617, 292, 1924, 1722, 1555]"
2462,"[257, 116, 446, 1884, 1897]"
2463,"[116, 1197, 1434, 110, 553]"
2464,"[1915, 1900, 1067, 425, 1032]"
2465,"[1207, 1917, 1344, 1900, 1154]"
2466,"[1389, 677, 513, 1567, 1885]"
2467,"[1619, 1618, 1491, 114, 116]"
2468,"[443, 1495, 18, 480, 1772]"
2469,"[1567, 368, 1157, 132, 372]"
2470,"[1894, 1516, 1700, 1670, 1247]"
2471,"[1338, 691, 1620, 446, 1617]"
2472,"[1457, 495, 1794, 420, 878]"
2473,"[1588, 1567, 1906, 1529, 1528]"
2474,"[903, 1666, 624, 1590, 885]"
2475,"[368, 1, 501, 1809, 1157]"
2476,"[18, 1472, 114, 512, 1904]"
2477,"[1607, 1826, 1472, 1825, 401]"
2478,"[1314, 700, 84, 48, 1567]"
2479,"[860, 446, 1733, 43, 1897]"
2480,"[114, 361, 395, 18, 16]"
2481,"[886, 1608, 1930, 1932, 1607]"
2482,"[1567, 16, 114, 132, 455]"
2483,"[1725, 608, 739, 768, 740]"
2484,"[72, 261, 933, 252, 233]"
2485,"[1617, 1555, 1619, 292, 1655]"
2486,"[1591, 1592, 965, 197, 271]"
2487,"[546, 1466, 534, 1193, 1412]"
2488,"[368, 1896, 1619, 18, 1495]"
2489,"[290, 1696, 628, 1073, 122]"
2490,"[687, 16, 44, 43, 807]"
2491,"[1725, 739, 368, 608, 372]"
2492,"[1608, 412, 411, 1607, 1191]"
2493,"[132, 135, 1098, 372, 1567]"
2494,"[1567, 1340, 1458, 1193, 1072]"
2495,"[1197, 445, 632, 478, 1204]"
2496,"[1567, 132, 135, 372, 1570]"
2497,"[649, 1861, 1846, 1885, 1204]"
2498,"[668, 1567, 368, 1896, 1072]"
2499,"[1193, 1458, 927, 1567, 538]"
2500,"[416, 109, 425, 46, 468]"
2501,"[1619, 1917, 891, 1900, 114]"
2502,"[1917, 1902, 1584, 1574, 1017]"
2503,"[1900, 501, 374, 1457, 773]"
2504,"[82, 1287, 1895, 1570, 828]"
2505,"[1900, 1902, 1917, 349, 1713]"
2506,"[886, 1193, 885, 1457, 537]"
2507,"[18, 1495, 1567, 1599, 95]"
2508,"[1581, 363, 1557, 468, 73]"
2509,"[1826, 512, 493, 885, 1491]"
2510,"[927, 1886, 1618, 1497, 1557]"
2511,"[884, 1193, 16, 417, 446]"
2512,"[531, 1509, 545, 1608, 1340]"
2513,"[632, 420, 1574, 1588, 426]"
2514,"[420, 1902, 403, 1197, 468]"
2515,"[1246, 1567, 471, 1204, 16]"
2516,"[1201, 1700, 1197, 1541, 793]"
2517,"[1197, 1320, 933, 1902, 48]"
2518,"[807, 1567, 16, 1204, 1742]"
2519,"[94, 1861, 140, 913, 655]"
2520,"[1587, 95, 691, 114, 1627]"
2521,"[114, 884, 1638, 1610, 44]"
2522,"[639, 708, 1572, 1599, 1717]"
2523,"[1191, 1679, 1239, 612, 412]"
2524,"[628, 1199, 102, 1073, 864]"
2525,"[1894, 1495, 645, 692, 1472]"
2526,"[1006, 73, 53, 1557, 1772]"
2527,"[1909, 1193, 1458, 1620, 425]"
2528,"[1700, 1587, 87, 1638, 1889]"
2529,"[823, 1917, 990, 911, 1060]"
2530,"[73, 4, 1717, 468, 1742]"
2531,"[1924, 478, 541, 1515, 561]"
2532,"[1305, 903, 501, 1457, 1906]"
2533,"[1204, 1588, 51, 1618, 1491]"
2534,"[660, 891, 1742, 579, 655]"
2535,"[451, 1063, 1913, 321, 624]"
2536,"[1666, 406, 407, 601, 1620]"
2537,"[468, 1679, 649, 1861, 930]"
2538,"[1915, 413, 885, 406, 478]"
2539,"[1495, 443, 1900, 891, 1742]"
2540,"[901, 1885, 1567, 1193, 1805]"
2541,"[1193, 687, 662, 43, 44]"
2542,"[534, 739, 44, 516, 43]"
2543,"[1344, 1495, 903, 1638, 327]"
2544,"[1320, 55, 864, 1642, 1073]"
2545,"[110, 16, 37, 1567, 807]"
2546,"[692, 807, 677, 693, 1601]"
2547,"[1894, 1516, 1809, 878, 739]"
2548,"[1896, 1607, 1608, 501, 735]"
2549,"[1900, 1902, 1680, 1917, 1495]"
2550,"[362, 369, 788, 114, 1900]"
2551,"[1670, 1073, 96, 98, 97]"
2552,"[1320, 403, 1772, 1495, 468]"
2553,"[1926, 687, 1655, 1722, 697]"
2554,"[891, 687, 349, 1900, 1040]"
2555,"[1929, 1592, 1666, 1338, 670]"
2556,"[16, 1772, 632, 1006, 1742]"
2557,"[608, 1725, 739, 781, 773]"
2558,"[632, 739, 655, 596, 600]"
2559,"[478, 1924, 1733, 116, 1516]"
2560,"[372, 368, 1113, 1157, 739]"
2561,"[446, 1567, 1902, 739, 91]"
2562,"[628, 633, 1199, 638, 102]"
2563,"[665, 687, 723, 1567, 1197]"
2564,"[1193, 886, 425, 1620, 1567]"
2565,"[796, 1936, 1495, 1043, 505]"
2566,"[1320, 1902, 18, 420, 1628]"
2567,"[1193, 606, 405, 1495, 807]"
2568,"[1607, 1608, 1896, 1157, 403]"
2569,"[1619, 443, 891, 579, 18]"
2570,"[1239, 113, 1193, 412, 446]"
2571,"[608, 1725, 739, 768, 1738]"
2572,"[16, 1611, 114, 891, 1588]"
2573,"[132, 1567, 135, 372, 1896]"
2574,"[608, 368, 773, 739, 781]"
2575,"[1894, 1567, 856, 901, 1457]"
2576,"[1717, 43, 432, 1884, 44]"
2577,"[16, 401, 691, 1287, 801]"
2578,"[1913, 128, 4, 213, 1596]"
2579,"[242, 233, 234, 235, 238]"
2580,"[1587, 48, 16, 1006, 468]"
2581,"[132, 135, 372, 368, 1567]"
2582,"[1896, 1191, 1608, 1607, 1588]"
2583,"[807, 114, 1897, 1922, 18]"
2584,"[420, 1320, 102, 98, 96]"
2585,"[927, 1193, 1033, 1587, 1025]"
2586,"[1204, 1197, 171, 1888, 1885]"
2587,"[1249, 1157, 1457, 691, 1515]"
2588,"[1588, 1906, 1567, 1529, 1528]"
2589,"[1066, 1615, 1586, 1068, 1608]"
2590,"[1574, 1900, 1917, 426, 1898]"
2591,"[1239, 1930, 1193, 606, 1557]"
2592,"[1900, 114, 44, 1902, 443]"
2593,"[1884, 1197, 48, 1567, 16]"
2594,"[1320, 420, 606, 723, 1888]"
2595,"[739, 1338, 914, 271, 730]"
2596,"[1567, 53, 468, 73, 1581]"
2597,"[1193, 886, 1351, 885, 1608]"
2598,"[954, 911, 1039, 152, 271]"
2599,"[452, 1300, 823, 1906, 403]"
2600,"[884, 807, 114, 1193, 417]"
2601,"[114, 16, 1611, 539, 1617]"
2602,"[886, 403, 452, 1608, 1591]"
2603,"[606, 641, 723, 18, 1641]"
2604,"[1063, 114, 535, 539, 390]"
2605,"[446, 823, 113, 1696, 1587]"
2606,"[1561, 1560, 1915, 1457, 1495]"
2607,"[419, 1666, 406, 407, 425]"
2608,"[1924, 478, 1314, 1197, 1204]"
2609,"[1574, 1193, 785, 426, 1898]"
2610,"[1700, 891, 1889, 1320, 1593]"
2611,"[18, 114, 1472, 1495, 1500]"
2612,"[1936, 1192, 691, 1197, 1495]"
2613,"[1567, 16, 132, 114, 884]"
2614,"[1924, 478, 1748, 868, 1588]"
2615,"[114, 1192, 692, 116, 1638]"
2616,"[892, 1896, 691, 54, 57]"
2617,"[927, 114, 271, 1608, 892]"
2618,"[1894, 363, 1613, 551, 1885]"
2619,"[606, 72, 933, 262, 1894]"
2620,"[1567, 1896, 95, 37, 1072]"
2621,"[455, 114, 927, 441, 1063]"
2622,"[478, 1924, 1197, 1204, 1515]"
2623,"[1932, 468, 1679, 891, 1742]"
2624,"[1884, 16, 114, 1567, 132]"
2625,"[608, 1725, 739, 368, 740]"
2626,"[1936, 1277, 1935, 1249, 432]"
2627,"[1567, 1885, 1618, 37, 501]"
2628,"[608, 1725, 773, 739, 512]"
2629,"[954, 288, 1035, 591, 1039]"
2630,"[891, 1900, 858, 1917, 80]"
2631,"[114, 1567, 116, 1618, 16]"
2632,"[132, 1567, 1340, 135, 1193]"
2633,"[501, 901, 891, 1495, 1567]"
2634,"[1599, 687, 1312, 689, 432]"
2635,"[1193, 1909, 927, 1620, 538]"
2636,"[1557, 1781, 1249, 1497, 1617]"
2637,"[1619, 1491, 1599, 1618, 891]"
2638,"[505, 1607, 1495, 1676, 1809]"
2639,"[114, 1567, 16, 413, 445]"
2640,"[1193, 886, 1620, 1032, 1909]"
2641,"[891, 1618, 1619, 446, 1558]"
2642,"[368, 372, 1930, 132, 403]"
2643,"[114, 1567, 16, 884, 1906]"
2644,"[1567, 1915, 1063, 1542, 1896]"
2645,"[1900, 1902, 1927, 1574, 1612]"
2646,"[868, 1748, 1588, 1587, 114]"
2647,"[443, 1495, 403, 468, 1805]"
2648,"[372, 1098, 1567, 132, 1157]"
2649,"[1894, 1516, 123, 453, 1525]"
2650,"[628, 868, 102, 1199, 1889]"
2651,"[102, 60, 97, 1746, 1541]"
2652,"[1458, 927, 1193, 1620, 543]"
2653,"[1006, 1557, 480, 1586, 1035]"
2654,"[1608, 1618, 1896, 1607, 1885]"
2655,"[420, 102, 160, 98, 96]"
2656,"[135, 1581, 363, 1447, 1476]"
2657,"[73, 468, 1581, 54, 57]"
2658,"[455, 114, 1618, 1192, 1896]"
2659,"[1495, 472, 443, 1902, 1887]"
2660,"[1924, 1617, 292, 478, 1722]"
2661,"[649, 784, 1309, 1306, 785]"
2662,"[1570, 1557, 135, 1581, 884]"
2663,"[1567, 1896, 1072, 1192, 368]"
2664,"[443, 1495, 1902, 1900, 7]"
2665,"[426, 1898, 1730, 1900, 49]"
2666,"[891, 1680, 1930, 1929, 480]"
2667,"[1885, 420, 453, 1073, 874]"
2668,"[406, 407, 868, 1748, 428]"
2669,"[1567, 114, 1882, 18, 1805]"
2670,"[132, 135, 1567, 372, 368]"
2671,"[1072, 1772, 1742, 16, 1567]"
2672,"[1608, 624, 901, 1204, 16]"
2673,"[1032, 1900, 1917, 1064, 1068]"
2674,"[1567, 1721, 1157, 1098, 132]"
2675,"[1618, 1113, 1617, 368, 891]"
2676,"[1072, 368, 1125, 1896, 54]"
2677,"[1619, 1894, 1516, 891, 443]"
2678,"[446, 884, 412, 1608, 417]"
2679,"[1191, 1666, 1193, 1192, 1489]"
2680,"[687, 1900, 1902, 1917, 1495]"
2681,"[1491, 1412, 1442, 1555, 528]"
2682,"[1586, 1615, 289, 890, 1556]"
2683,"[368, 1157, 1495, 501, 1404]"
2684,"[114, 1457, 1193, 1567, 807]"
2685,"[1809, 1197, 1620, 1557, 425]"
2686,"[1193, 1586, 927, 1025, 921]"
2687,"[891, 1113, 1491, 368, 1619]"
2688,"[368, 1557, 1125, 501, 43]"
2689,"[1574, 1567, 37, 1909, 1608]"
2690,"[505, 1453, 1495, 1236, 1885]"
2691,"[1742, 1457, 1782, 544, 691]"
2692,"[1302, 1541, 1197, 1700, 1887]"
2693,"[1900, 425, 891, 1457, 1679]"
2694,"[1861, 1618, 624, 1032, 1907]"
2695,"[16, 1884, 114, 1611, 1567]"
2696,"[1628, 1553, 1547, 420, 1541]"
2697,"[580, 468, 1679, 1317, 1742]"
2698,"[1894, 886, 1516, 492, 1197]"
2699,"[903, 114, 540, 16, 539]"
2700,"[1239, 1930, 1557, 807, 1191]"
2701,"[1917, 349, 1900, 1902, 114]"
2702,"[1567, 468, 53, 73, 1581]"
2703,"[1516, 891, 1894, 1032, 1525]"
2704,"[1900, 1902, 630, 1316, 114]"
2705,"[114, 1603, 691, 1907, 1916]"
2706,"[1592, 911, 212, 233, 234]"
2707,"[16, 1611, 1617, 114, 535]"
2708,"[891, 1619, 368, 1491, 160]"
2709,"[1567, 16, 114, 132, 1611]"
2710,"[102, 1201, 1541, 160, 1746]"
2711,"[1620, 1907, 1927, 1567, 1885]"
2712,"[1197, 478, 1924, 1434, 468]"
2713,"[536, 553, 1588, 1406, 1206]"
2714,"[668, 1062, 70, 1467, 1567]"
2715,"[472, 1073, 1925, 1313, 1320]"
2716,"[1924, 478, 1515, 1495, 541]"
2717,"[691, 408, 1733, 1666, 918]"
2718,"[1619, 891, 1516, 1917, 116]"
2719,"[927, 1772, 691, 655, 1287]"
2720,"[1570, 3, 810, 1488, 892]"
2721,"[930, 160, 1885, 1670, 504]"
2722,"[468, 652, 807, 1679, 82]"
2723,"[787, 1619, 1900, 114, 1902]"
2724,"[1733, 114, 1113, 1904, 691]"
2725,"[1193, 886, 1351, 735, 1032]"
2726,"[927, 1900, 1018, 1902, 1917]"
2727,"[1900, 1902, 891, 1700, 98]"
2728,"[1915, 807, 114, 478, 1567]"
2729,"[1742, 1542, 1564, 1554, 1489]"
2730,"[421, 1901, 1603, 1615, 1903]"
2731,"[1607, 1725, 608, 768, 739]"
2732,"[1239, 1930, 1113, 368, 1193]"
2733,"[1666, 1915, 575, 1344, 903]"
2734,"[472, 1538, 1556, 1541, 1561]"
2735,"[501, 1246, 1204, 807, 1567]"
2736,"[207, 731, 355, 730, 67]"
2737,"[1246, 471, 691, 1567, 16]"
2738,"[1607, 1725, 608, 768, 739]"
2739,"[1861, 1915, 1495, 140, 145]"
2740,"[1929, 114, 1573, 18, 1193]"
2741,"[891, 1516, 1894, 1915, 1619]"
2742,"[1313, 1541, 1073, 793, 102]"
2743,"[1193, 1351, 886, 1620, 1915]"
2744,"[1902, 1917, 1900, 114, 1495]"
2745,"[1193, 927, 43, 1587, 1025]"
2746,"[413, 884, 1587, 1904, 44]"
2747,"[1904, 1212, 1191, 1896, 1608]"
2748,"[132, 1617, 135, 372, 292]"
2749,"[886, 1193, 419, 425, 1351]"
2750,"[1617, 1557, 16, 1618, 114]"
2751,"[132, 1567, 135, 1896, 1157]"
2752,"[16, 114, 1191, 1567, 1611]"
2753,"[1613, 1530, 901, 257, 1542]"
2754,"[1197, 667, 1887, 1888, 1742]"
2755,"[1894, 933, 159, 937, 102]"
2756,"[222, 628, 666, 1073, 102]"
2757,"[1900, 1536, 1902, 443, 1495]"
2758,"[1567, 1203, 368, 1896, 114]"
2759,"[1677, 522, 321, 1619, 521]"
2760,"[608, 1725, 739, 768, 745]"
2761,"[368, 1239, 1193, 1191, 1157]"
2762,"[531, 1509, 1508, 1511, 66]"
2763,"[1203, 1902, 1900, 349, 891]"
2764,"[1894, 1607, 886, 691, 1204]"
2765,"[288, 468, 73, 128, 861]"
2766,"[1192, 1611, 451, 1709, 693]"
2767,"[1620, 1613, 1520, 1542, 1618]"
2768,"[1574, 426, 1898, 1193, 88]"
2769,"[501, 1457, 773, 1404, 368]"
2770,"[612, 1193, 1619, 1930, 992]"
2771,"[1197, 926, 1934, 341, 1573]"
2772,"[1211, 1419, 1574, 1400, 426]"
2773,"[1197, 478, 1924, 1495, 18]"
2774,"[494, 1453, 95, 1567, 1358]"
2775,"[1733, 1567, 691, 446, 452]"
2776,"[1932, 891, 1567, 425, 1193]"
2777,"[1900, 1902, 501, 420, 952]"
2778,"[739, 401, 884, 801, 641]"
2779,"[1567, 1608, 1896, 1193, 1894]"
2780,"[468, 1320, 37, 1567, 1063]"
2781,"[1193, 1900, 927, 1917, 1457]"
2782,"[472, 1670, 1199, 1887, 1320]"
2783,"[1201, 1541, 1197, 1556, 1538]"
2784,"[1197, 4, 446, 1575, 531]"
2785,"[411, 1861, 1344, 1733, 1239]"
2786,"[884, 1192, 16, 1204, 1567]"
2787,"[401, 1287, 801, 47, 691]"
2788,"[1617, 926, 1555, 1924, 16]"
2789,"[1113, 891, 1930, 368, 1193]"
2790,"[606, 116, 807, 44, 579]"
2791,"[1885, 1567, 933, 1193, 930]"
2792,"[1006, 691, 1733, 1587, 48]"
2793,"[1193, 905, 868, 1748, 426]"
2794,"[1733, 927, 691, 1587, 1588]"
2795,"[1614, 455, 1112, 1191, 1521]"
2796,"[1723, 579, 1717, 595, 580]"
2797,"[1742, 1884, 1554, 892, 1489]"
2798,"[110, 1193, 1888, 43, 1587]"
2799,"[261, 233, 234, 235, 238]"
2800,"[1587, 1588, 1916, 1886, 892]"
2801,"[1587, 905, 1718, 792, 426]"
2802,"[1608, 574, 580, 1855, 575]"
2803,"[647, 1897, 1922, 708, 773]"
2804,"[1241, 667, 1748, 891, 868]"
2805,"[1191, 1904, 289, 1068, 1032]"
2806,"[1193, 1042, 1680, 114, 1032]"
2807,"[1063, 652, 1275, 449, 393]"
2808,"[807, 1587, 1567, 43, 1063]"
2809,"[1897, 1922, 43, 1587, 1588]"
2810,"[1696, 1193, 1675, 606, 1676]"
2811,"[927, 691, 114, 1897, 1922]"
2812,"[1063, 1567, 1666, 1006, 16]"
2813,"[667, 1888, 102, 1073, 1197]"
2814,"[413, 557, 560, 1537, 1521]"
2815,"[401, 659, 687, 1457, 1723]"
2816,"[108, 1721, 368, 1193, 697]"
2817,"[927, 403, 990, 911, 1591]"
2818,"[1113, 1239, 1930, 1193, 1191]"
2819,"[46, 860, 1536, 1639, 114]"
2820,"[886, 1428, 153, 1055, 965]"
2821,"[290, 1586, 1615, 1556, 1538]"
2822,"[1904, 1242, 1606, 1605, 425]"
2823,"[1902, 1588, 1900, 96, 97]"
2824,"[116, 1191, 44, 43, 1890]"
2825,"[1612, 1927, 1907, 1615, 1627]"
2826,"[116, 1032, 1067, 1926, 289]"
2827,"[1561, 1915, 1560, 1030, 125]"
2828,"[1884, 1241, 1724, 116, 1900]"
2829,"[1894, 1567, 1884, 1351, 1588]"
2830,"[1586, 1193, 43, 1040, 1520]"
2831,"[1904, 446, 425, 1444, 688]"
2832,"[886, 1193, 425, 1351, 164]"
2833,"[1173, 353, 1176, 676, 686]"
2834,"[1612, 1574, 37, 1620, 1927]"
2835,"[113, 1587, 43, 1897, 1922]"
2836,"[901, 1193, 1885, 1567, 1676]"
2837,"[1586, 1193, 1520, 1538, 1620]"
2838,"[1193, 905, 426, 1898, 1574]"
2839,"[43, 1587, 1588, 1897, 1922]"
2840,"[113, 1897, 1922, 1587, 43]"
2841,"[468, 4, 1713, 1531, 1063]"
2842,"[43, 691, 113, 1588, 1587]"
2843,"[91, 468, 1112, 575, 1063]"
2844,"[1904, 43, 1890, 1191, 1532]"
2845,"[116, 1724, 1904, 1191, 1063]"
2846,"[1069, 390, 53, 1567, 801]"
2847,"[1724, 752, 1612, 1068, 1921]"
2848,"[48, 927, 1884, 691, 1587]"
2849,"[1581, 95, 128, 1567, 1588]"
2850,"[1897, 1922, 1772, 579, 468]"
2851,"[1574, 426, 1898, 88, 1718]"
2852,"[1723, 1666, 1457, 1590, 891]"
2853,"[1495, 18, 443, 1900, 1902]"
2854,"[1567, 1069, 1033, 1062, 1907]"
2855,"[1574, 426, 1898, 88, 1718]"
2856,"[116, 135, 1724, 1067, 1241]"
2857,"[860, 1904, 43, 44, 1897]"
2858,"[114, 1926, 1916, 1656, 1588]"
2859,"[1666, 1191, 1929, 1592, 54]"
2860,"[1902, 1700, 102, 655, 1900]"
2861,"[43, 1587, 892, 1588, 1886]"
2862,"[927, 43, 1587, 1588, 892]"
2863,"[116, 1067, 1889, 1032, 1562]"
2864,"[1936, 1495, 1900, 1279, 1915]"
2865,"[1886, 1869, 1249, 403, 1068]"
2866,"[1544, 468, 1063, 861, 575]"
2867,"[1649, 1149, 403, 886, 352]"
2868,"[613, 611, 1917, 617, 1900]"
2869,"[1591, 911, 965, 916, 271]"
2870,"[1567, 1900, 113, 43, 95]"
2871,"[1929, 1592, 1723, 891, 54]"
2872,"[1567, 1193, 43, 1538, 1556]"
2873,"[95, 1567, 807, 16, 927]"
2874,"[1304, 773, 1915, 1916, 1202]"
2875,"[233, 234, 235, 238, 239]"
2876,"[1574, 1193, 785, 426, 1898]"
2877,"[547, 1567, 1888, 37, 1885]"
2878,"[522, 1591, 1499, 1495, 521]"
2879,"[37, 1567, 1894, 1904, 95]"
2880,"[691, 1897, 1922, 1733, 113]"
2881,"[927, 632, 1590, 900, 1929]"
2882,"[647, 925, 938, 1059, 175]"
2883,"[116, 1614, 1724, 44, 1521]"
2884,"[1904, 1897, 1922, 113, 1884]"
2885,"[408, 1077, 1495, 224, 114]"
2886,"[1526, 1905, 1897, 1922, 24]"
2887,"[1193, 1902, 1025, 1809, 1588]"
2888,"[1929, 1592, 1902, 649, 691]"
2889,"[1567, 1193, 1885, 886, 43]"
2890,"[1618, 749, 1675, 116, 687]"
2891,"[1921, 677, 752, 1567, 1068]"
2892,"[892, 1915, 1495, 43, 160]"
2893,"[927, 1897, 1922, 43, 1587]"
2894,"[1618, 1892, 1885, 1907, 1193]"
2895,"[1495, 1701, 102, 1713, 1201]"
2896,"[708, 639, 1884, 464, 1385]"
2897,"[1193, 927, 1587, 1033, 1025]"
2898,"[1574, 426, 1898, 88, 1718]"
2899,"[606, 1544, 691, 807, 1573]"
2900,"[1899, 1567, 1884, 1926, 1063]"
2901,"[523, 1630, 1358, 261, 1486]"
2902,"[886, 1193, 1809, 1351, 1909]"
2903,"[113, 112, 1562, 457, 1718]"
2904,"[116, 1929, 1592, 1618, 535]"
2905,"[265, 261, 1637, 236, 1003]"
2906,"[1907, 19, 39, 1916, 1066]"
2907,"[1897, 1922, 43, 1627, 1587]"
2908,"[1907, 1539, 1526, 1561, 1401]"
2909,"[1066, 1068, 1916, 1032, 289]"
2910,"[1193, 1587, 927, 43, 1627]"
2911,"[1193, 927, 1608, 1896, 1909]"
2912,"[1193, 1592, 408, 1929, 927]"
2913,"[43, 1587, 1193, 1554, 1612]"
2914,"[1063, 505, 600, 580, 1249]"
2915,"[1574, 785, 1193, 426, 1898]"
2916,"[43, 1588, 1587, 1193, 892]"
2917,"[632, 1667, 1053, 232, 1855]"
2918,"[831, 1772, 1204, 1567, 471]"
2919,"[1193, 1025, 1926, 409, 921]"
2920,"[1612, 1574, 1620, 1907, 1588]"
2921,"[1586, 1713, 425, 1886, 1193]"
2922,"[1619, 1885, 1193, 670, 1047]"
2923,"[18, 1588, 417, 649, 1772]"
2924,"[1587, 43, 1627, 1588, 868]"
2925,"[116, 692, 693, 1067, 1240]"
2926,"[261, 218, 1592, 1929, 233]"
2927,"[261, 252, 1013, 233, 234]"
2928,"[1068, 1724, 1098, 116, 1032]"
2929,"[1071, 868, 1748, 1587, 43]"
2930,"[116, 1931, 612, 1147, 1032]"
2931,"[1588, 1904, 927, 1191, 1064]"
2932,"[1926, 1574, 1588, 426, 1898]"
2933,"[1043, 1885, 1193, 1620, 1520]"
2934,"[1574, 622, 1193, 113, 1029]"
2935,"[1055, 820, 1574, 1047, 1043]"
2936,"[1193, 927, 43, 892, 1587]"
2937,"[446, 624, 1087, 315, 75]"
2938,"[1193, 927, 1909, 1025, 921]"
2939,"[534, 52, 1666, 501, 408]"
2940,"[579, 1246, 580, 595, 1860]"
2941,"[927, 1193, 1025, 1587, 1917]"
2942,"[1907, 1885, 113, 1567, 1588]"
2943,"[1900, 891, 408, 1902, 114]"
2944,"[1168, 1889, 807, 1573, 18]"
2945,"[692, 677, 693, 1316, 390]"
2946,"[162, 925, 938, 924, 164]"
2947,"[43, 1588, 1587, 927, 1567]"
2948,"[1612, 1574, 1927, 1065, 1620]"
2949,"[1588, 1351, 1574, 426, 1898]"
2950,"[667, 629, 665, 102, 420]"
2951,"[1618, 1892, 1627, 1907, 1905]"
2952,"[1666, 1193, 1191, 1255, 1613]"
2953,"[1193, 927, 1587, 43, 1627]"
2954,"[125, 1442, 1491, 885, 524]"
2955,"[1936, 114, 1900, 414, 1902]"
2956,"[1929, 1592, 1680, 18, 735]"
2957,"[1733, 691, 113, 446, 1900]"
2958,"[1287, 1897, 1922, 113, 1905]"
2959,"[501, 807, 1193, 114, 1495]"
2960,"[116, 1724, 1191, 1907, 1692]"
2961,"[692, 1249, 1304, 1255, 1893]"
2962,"[1909, 37, 1567, 901, 1900]"
2963,"[1567, 43, 1069, 1063, 933]"
2964,"[1591, 1915, 824, 1279, 1495]"
2965,"[1900, 1926, 1902, 1574, 1064]"
2966,"[1713, 1700, 1904, 1524, 102]"
2967,"[1193, 1587, 113, 927, 1588]"
2968,"[468, 1579, 547, 687, 1063]"
2969,"[43, 892, 1587, 1588, 927]"
2970,"[1193, 927, 1914, 1916, 1907]"
2971,"[606, 1495, 1915, 1302, 1936]"
2972,"[1191, 1193, 113, 114, 1885]"
2973,"[468, 1717, 1680, 1772, 579]"
2974,"[884, 1723, 114, 1680, 242]"
2975,"[1700, 102, 1495, 60, 1746]"
2976,"[1627, 1905, 1892, 116, 1902]"
2977,"[1587, 43, 892, 927, 1588]"
2978,"[1724, 116, 135, 1067, 1068]"
2979,"[446, 580, 1567, 1588, 411]"
2980,"[1666, 934, 174, 176, 931]"
2981,"[1567, 1900, 478, 1885, 1902]"
2982,"[1861, 1915, 884, 868, 1567]"
2983,"[42, 1358, 501, 402, 1700]"
2984,"[446, 1193, 417, 1239, 425]"
2985,"[452, 1300, 403, 1301, 501]"
2986,"[1620, 1861, 452, 1613, 1300]"
2987,"[1608, 1896, 16, 1717, 468]"
2988,"[1438, 1472, 1906, 512, 1826]"
2989,"[1531, 1562, 1894, 811, 1193]"
2990,"[1032, 1900, 1917, 1064, 1916]"
2991,"[446, 417, 1239, 1193, 1448]"
2992,"[1547, 420, 421, 1549, 1239]"
2993,"[403, 1531, 1562, 1861, 1894]"
2994,"[1567, 1894, 1885, 1531, 478]"
2995,"[1562, 1561, 425, 1560, 43]"
2996,"[1608, 1567, 1896, 606, 37]"
2997,"[1193, 1620, 425, 406, 407]"
2998,"[406, 419, 407, 933, 160]"
2999,"[417, 446, 1239, 412, 1193]"
3000,"[421, 1620, 419, 406, 407]"
3001,"[1861, 1772, 1567, 1302, 403]"
3002,"[73, 1717, 609, 468, 1574]"
3003,"[886, 1193, 1351, 735, 425]"
3004,"[1193, 886, 1351, 425, 537]"
3005,"[1068, 446, 425, 1067, 1562]"
3006,"[1567, 16, 1691, 1772, 44]"
3007,"[1567, 1885, 933, 37, 1894]"
3008,"[1562, 1715, 1915, 1548, 1560]"
3009,"[796, 1861, 1620, 1043, 1561]"
3010,"[1809, 1193, 927, 425, 1620]"
3011,"[446, 417, 403, 425, 1197]"
3012,"[452, 403, 1873, 1809, 1836]"
3013,"[452, 501, 1300, 1861, 403]"
3014,"[443, 1495, 1846, 16, 1861]"
3015,"[927, 1861, 1855, 1588, 1846]"
3016,"[1846, 1861, 1855, 1320, 425]"
3017,"[1567, 37, 1885, 478, 1]"
3018,"[1193, 885, 1618, 1809, 1586]"
3019,"[1193, 886, 1909, 885, 1620]"
3020,"[1915, 868, 425, 1748, 1193]"
3021,"[1567, 1882, 1805, 1751, 473]"
3022,"[1567, 1885, 1191, 1894, 37]"
3023,"[125, 1244, 423, 1618, 1612]"
3024,"[125, 423, 1244, 1702, 468]"
3025,"[1244, 423, 1550, 891, 1619]"
3026,"[125, 423, 1244, 397, 1126]"
3027,"[1244, 423, 125, 1550, 1702]"
3028,"[125, 1244, 423, 1702, 860]"
3029,"[1244, 423, 125, 1550, 1558]"
3030,"[125, 1244, 423, 1702, 1618]"
3031,"[423, 1244, 1126, 1612, 902]"
3032,"[125, 423, 1244, 1557, 1702]"
3033,"[125, 423, 1244, 1618, 1702]"
3034,"[125, 423, 1244, 1538, 1518]"
3035,"[423, 1244, 125, 1619, 1558]"
3036,"[578, 580, 585, 586, 600]"
3037,"[125, 423, 1244, 1518, 1702]"
3038,"[125, 423, 1244, 1702, 1126]"
3039,"[125, 1244, 423, 114, 1702]"
3040,"[1555, 773, 1302, 374, 580]"
3041,"[423, 1244, 1126, 1495, 1702]"
3042,"[125, 423, 1244, 1612, 1702]"
3043,"[585, 586, 511, 1490, 577]"
3044,"[1126, 1690, 1574, 807, 901]"
3045,"[125, 1244, 423, 1902, 1495]"
3046,"[125, 1244, 423, 1702, 1558]"
3047,"[125, 423, 1244, 114, 1900]"
3048,"[1244, 423, 114, 691, 1495]"
3049,"[125, 1244, 423, 1619, 1550]"
3050,"[125, 1244, 423, 1612, 1617]"
3051,"[1860, 1864, 1868, 579, 16]"
3052,"[1244, 423, 125, 1126, 1495]"
3053,"[1924, 478, 125, 807, 1126]"
3054,"[423, 1244, 114, 125, 1702]"
3055,"[423, 1244, 472, 125, 1126]"
3056,"[1244, 423, 125, 1550, 891]"
3057,"[125, 1244, 423, 1126, 365]"
3058,"[1612, 892, 1861, 1626, 872]"
3059,"[1244, 423, 125, 1619, 606]"
3060,"[1244, 423, 125, 1550, 1619]"
3061,"[125, 1902, 1900, 1344, 1244]"
3062,"[927, 1900, 1006, 1302, 446]"
3063,"[1244, 423, 125, 501, 1126]"
3064,"[547, 1307, 1643, 1618, 807]"
3065,"[423, 1244, 125, 1619, 1617]"
3066,"[1772, 446, 1309, 1643, 402]"
3067,"[1885, 1924, 1884, 1588, 116]"
3068,"[1924, 1733, 1639, 1885, 478]"
3069,"[478, 1924, 1608, 1902, 1900]"
3070,"[333, 265, 1639, 478, 807]"
3071,"[478, 1924, 1915, 1344, 1495]"
3072,"[1924, 478, 1885, 421, 1886]"
3073,"[1885, 1608, 659, 782, 687]"
3074,"[1924, 478, 807, 1639, 1677]"
3075,"[478, 1924, 1559, 18, 1495]"
3076,"[1924, 478, 1926, 426, 88]"
3077,"[1924, 1677, 114, 478, 1902]"
3078,"[1924, 478, 1559, 1677, 1560]"
3079,"[1504, 478, 1924, 667, 891]"
3080,"[1588, 1639, 1249, 807, 1529]"
3081,"[1733, 1639, 691, 1588, 1915]"
3082,"[1924, 478, 687, 1204, 807]"
3083,"[1639, 1915, 1561, 1560, 1202]"
3084,"[655, 1358, 333, 265, 1547]"
3085,"[1915, 114, 1239, 868, 1279]"
3086,"[1524, 453, 1368, 782, 343]"
3087,"[1588, 1193, 1885, 1748, 1524]"
3088,"[478, 1924, 1193, 886, 1909]"
3089,"[419, 1882, 1805, 1751, 580]"
3090,"[1128, 1924, 1540, 1520, 1902]"
3091,"[1608, 408, 114, 1733, 1937]"
3092,"[341, 333, 1073, 265, 1063]"
3093,"[1915, 1588, 1884, 478, 1924]"
3094,"[1924, 478, 1515, 1900, 1619]"
3095,"[807, 1062, 333, 1128, 1639]"
3096,"[1924, 478, 1902, 1900, 114]"
3097,"[1906, 114, 1528, 1915, 612]"
3098,"[478, 1924, 1934, 341, 265]"
3099,"[1639, 114, 116, 333, 1536]"
3100,"[1924, 478, 1608, 78, 659]"
3101,"[1639, 333, 1559, 1128, 530]"
3102,"[1924, 478, 1937, 1639, 1677]"
3103,"[927, 1567, 1448, 1934, 478]"
3104,"[1924, 333, 1639, 478, 807]"
3105,"[1924, 478, 1639, 116, 1937]"
3106,"[1639, 1504, 1924, 98, 97]"
3107,"[1249, 497, 1901, 114, 421]"
3108,"[1559, 609, 1885, 1560, 1901]"
3109,"[1937, 1733, 659, 609, 1924]"
3110,"[1902, 1900, 114, 116, 1495]"
3111,"[368, 51, 691, 1193, 886]"
3112,"[798, 1204, 807, 579, 1567]"
3113,"[853, 1804, 1781, 1557, 1567]"
3114,"[80, 853, 1721, 1602, 892]"
3115,"[80, 1721, 853, 43, 1723]"
3116,"[1602, 374, 1125, 853, 1344]"
3117,"[885, 1592, 954, 903, 1590]"
3118,"[1193, 51, 1889, 108, 847]"
3119,"[1929, 1592, 1219, 1721, 406]"
3120,"[108, 1592, 1929, 1456, 528]"
3121,"[80, 1929, 1592, 853, 1721]"
3122,"[116, 1929, 1619, 495, 114]"
3123,"[80, 1929, 1191, 853, 1592]"
3124,"[691, 1733, 544, 786, 1204]"
3125,"[80, 1929, 1721, 1592, 108]"
3126,"[108, 1721, 51, 691, 1733]"
3127,"[108, 1721, 51, 847, 1499]"
3128,"[1733, 691, 892, 1698, 1063]"
3129,"[242, 811, 322, 51, 697]"
3130,"[1457, 1405, 524, 1804, 1798]"
3131,"[1603, 331, 1344, 1602, 1032]"
3132,"[380, 1680, 1449, 1488, 108]"
3133,"[892, 1772, 443, 1006, 501]"
3134,"[1457, 524, 1405, 1249, 1798]"
3135,"[927, 108, 1721, 51, 697]"
3136,"[334, 108, 1567, 1598, 110]"
3137,"[1204, 1438, 531, 1472, 1404]"
3138,"[80, 1721, 853, 51, 847]"
3139,"[1680, 884, 487, 1900, 687]"
3140,"[80, 1721, 108, 853, 1618]"
3141,"[834, 563, 575, 564, 571]"
3142,"[1721, 108, 80, 1125, 891]"
3143,"[42, 1358, 402, 1700, 374]"
3144,"[853, 630, 645, 691, 807]"
3145,"[1782, 1781, 1338, 1798, 1801]"
3146,"[114, 1193, 362, 321, 116]"
3147,"[1491, 1408, 1440, 1405, 1406]"
3148,"[1929, 1721, 1447, 1592, 1125]"
3149,"[443, 108, 468, 1495, 1063]"
3150,"[80, 1721, 1929, 1592, 108]"
3151,"[1724, 108, 1721, 1567, 51]"
3152,"[51, 697, 847, 80, 108]"
3153,"[80, 1721, 108, 853, 1602]"
3154,"[51, 847, 798, 1721, 691]"
3155,"[1191, 1567, 1885, 106, 1193]"
3156,"[1617, 292, 1655, 1722, 401]"
3157,"[691, 125, 926, 1886, 892]"
3158,"[1617, 926, 1924, 891, 1555]"
3159,"[1617, 926, 891, 16, 1618]"
3160,"[1617, 292, 1722, 1655, 1555]"
3161,"[645, 1733, 652, 44, 691]"
3162,"[292, 1617, 1722, 1655, 1555]"
3163,"[926, 1617, 1618, 869, 1555]"
3164,"[667, 1722, 687, 1617, 606]"
3165,"[1924, 478, 552, 1677, 662]"
3166,"[292, 1617, 1555, 1655, 1193]"
3167,"[926, 1617, 16, 1125, 901]"
3168,"[1733, 926, 1617, 691, 125]"
3169,"[1617, 292, 1722, 891, 1194]"
3170,"[1924, 1617, 292, 1722, 478]"
3171,"[1191, 692, 1893, 1112, 44]"
3172,"[292, 1617, 1655, 468, 1722]"
3173,"[1617, 114, 292, 1655, 16]"
3174,"[1567, 16, 1884, 1617, 292]"
3175,"[1924, 1617, 292, 478, 1722]"
3176,"[1617, 292, 1722, 1555, 1655]"
3177,"[1193, 417, 632, 43, 659]"
3178,"[292, 1617, 639, 1722, 1655]"
3179,"[1656, 292, 1884, 1562, 432]"
3180,"[44, 1924, 478, 624, 1204]"
3181,"[292, 1617, 1924, 1555, 1722]"
3182,"[292, 1722, 1617, 1655, 1733]"
3183,"[1617, 1201, 1555, 1655, 1700]"
3184,"[1619, 524, 788, 652, 401]"
3185,"[1617, 114, 292, 1641, 1655]"
3186,"[425, 1193, 1326, 1909, 1025]"
3187,"[1617, 926, 1125, 1722, 1618]"
3188,"[1619, 891, 1617, 160, 672]"
3189,"[16, 1617, 1611, 114, 292]"
3190,"[1617, 1722, 292, 1884, 1655]"
3191,"[1617, 292, 1702, 891, 1655]"
3192,"[1617, 1722, 292, 1655, 687]"
3193,"[114, 1249, 1884, 900, 1113]"
3194,"[1617, 926, 1618, 891, 1558]"
3195,"[111, 125, 468, 116, 1249]"
3196,"[292, 1617, 1722, 1655, 1555]"
3197,"[1071, 292, 868, 1884, 1722]"
3198,"[261, 72, 233, 234, 235]"
3199,"[4, 1746, 1063, 861, 1538]"
3200,"[681, 1531, 954, 678, 1063]"
3201,"[16, 1567, 1071, 426, 1898]"
3202,"[659, 16, 337, 1575, 1772]"
3203,"[1071, 1191, 1587, 1904, 868]"
3204,"[1191, 1063, 1904, 1587, 1533]"
3205,"[1191, 4, 692, 1904, 614]"
3206,"[1249, 468, 861, 128, 1063]"
3207,"[861, 860, 1063, 1249, 1713]"
3208,"[889, 1712, 899, 457, 905]"
3209,"[1071, 868, 1588, 1748, 811]"
3210,"[1249, 1588, 900, 1587, 43]"
3211,"[1071, 868, 1748, 1191, 1063]"
3212,"[413, 1904, 1567, 1445, 1884]"
3213,"[43, 1587, 1588, 892, 1748]"
3214,"[1191, 1914, 1701, 1884, 602]"
3215,"[43, 1587, 113, 1193, 659]"
3216,"[468, 4, 1063, 861, 111]"
3217,"[1587, 1884, 1567, 1063, 1527]"
3218,"[1070, 113, 1191, 1326, 1713]"
3219,"[1070, 1556, 1538, 1615, 1562]"
3220,"[1191, 1587, 1063, 113, 1904]"
3221,"[681, 1531, 4, 1713, 861]"
3222,"[681, 1531, 954, 1063, 1518]"
3223,"[1249, 900, 113, 1587, 1911]"
3224,"[1191, 1071, 868, 1748, 43]"
3225,"[1070, 113, 291, 1701, 112]"
3226,"[1679, 1204, 1772, 802, 803]"
3227,"[1913, 1587, 1904, 1890, 1886]"
3228,"[1533, 1071, 291, 1587, 121]"
3229,"[1191, 113, 112, 432, 1587]"
3230,"[1538, 1556, 111, 1518, 1070]"
3231,"[18, 1733, 1904, 1567, 113]"
3232,"[468, 1063, 4, 861, 111]"
3233,"[1191, 1884, 1656, 113, 1914]"
3234,"[1904, 1713, 678, 1587, 1191]"
3235,"[681, 1191, 954, 1531, 860]"
3236,"[557, 560, 1537, 1533, 291]"
3237,"[1191, 1070, 113, 1701, 112]"
3238,"[106, 1899, 1909, 113, 1915]"
3239,"[468, 1063, 321, 861, 579]"
3240,"[1071, 811, 868, 1748, 1807]"
3241,"[413, 1537, 557, 560, 1063]"
3242,"[1567, 1071, 811, 37, 242]"
3243,"[1924, 687, 478, 708, 1006]"
3244,"[1191, 1910, 1588, 409, 1529]"
3245,"[1924, 687, 478, 1562, 1531]"
3246,"[1913, 1063, 1937, 1924, 1908]"
3247,"[1193, 1587, 1588, 1909, 113]"
3248,"[1924, 1909, 478, 538, 886]"
3249,"[468, 1063, 445, 861, 588]"
3250,"[1608, 126, 1937, 171, 861]"
3251,"[1924, 478, 1937, 1628, 468]"
3252,"[1924, 113, 112, 1191, 478]"
3253,"[1924, 478, 1937, 552, 1628]"
3254,"[1924, 478, 1937, 4, 468]"
3255,"[1924, 1070, 687, 478, 1562]"
3256,"[1723, 18, 787, 1472, 114]"
3257,"[1924, 1937, 478, 1913, 111]"
3258,"[1191, 889, 468, 1906, 457]"
3259,"[892, 1910, 1587, 1588, 43]"
3260,"[1924, 1070, 478, 1937, 289]"
3261,"[1191, 1910, 1899, 1904, 1886]"
3262,"[1066, 807, 468, 1679, 1574]"
3263,"[1924, 1191, 112, 291, 1070]"
3264,"[4, 1063, 468, 1908, 861]"
3265,"[1924, 112, 478, 1701, 1191]"
3266,"[43, 1886, 1587, 409, 1904]"
3267,"[1924, 687, 478, 44, 43]"
3268,"[1924, 478, 468, 1937, 1628]"
3269,"[1924, 1723, 478, 660, 852]"
3270,"[1924, 1191, 478, 291, 1070]"
3271,"[1924, 1723, 478, 1677, 18]"
3272,"[1924, 478, 1937, 468, 552]"
3273,"[1733, 111, 1063, 807, 1908]"
3274,"[1924, 478, 468, 1937, 552]"
3275,"[43, 1899, 44, 860, 1191]"
3276,"[1924, 478, 552, 1191, 632]"
3277,"[1924, 1191, 1193, 112, 478]"
3278,"[927, 1608, 1191, 612, 659]"
3279,"[1924, 478, 687, 1006, 1937]"
3280,"[889, 1544, 114, 1500, 18]"
3281,"[1924, 1191, 1723, 478, 889]"
3282,"[1924, 1909, 478, 425, 538]"
3283,"[1924, 478, 1937, 43, 1628]"
3284,"[4, 468, 1063, 861, 111]"
3285,"[1588, 1529, 1904, 1587, 1191]"
3286,"[1924, 478, 1937, 1628, 1553]"
3287,"[1249, 1560, 1561, 1713, 98]"
3288,"[1628, 1562, 1902, 687, 1884]"
3289,"[1915, 807, 1191, 1524, 1192]"
3290,"[291, 1656, 1070, 1191, 112]"
3291,"[114, 116, 1677, 432, 1656]"
3292,"[1656, 1913, 1748, 613, 1525]"
3293,"[1610, 1614, 45, 1638, 1521]"
3294,"[4, 468, 1063, 1204, 861]"
3295,"[1610, 1614, 45, 1638, 1521]"
3296,"[1070, 1656, 291, 1191, 1562]"
3297,"[432, 1884, 1656, 1562, 1063]"
3298,"[113, 1191, 112, 291, 1701]"
3299,"[113, 291, 1191, 112, 1070]"
3300,"[102, 1533, 1700, 1746, 97]"
3301,"[4, 1461, 468, 111, 579]"
3302,"[1191, 692, 693, 1726, 1692]"
3303,"[1913, 1713, 1884, 1904, 1063]"
3304,"[1538, 1615, 1556, 1555, 1518]"
3305,"[102, 624, 98, 97, 1713]"
3306,"[1191, 113, 291, 811, 112]"
3307,"[1713, 1201, 1887, 102, 1524]"
3308,"[413, 1533, 291, 121, 112]"
3309,"[708, 639, 468, 1884, 1063]"
3310,"[860, 1610, 1614, 1638, 1544]"
3311,"[1191, 1521, 1063, 1614, 455]"
3312,"[1713, 102, 1701, 1746, 1700]"
3313,"[1656, 1191, 708, 112, 113]"
3314,"[4, 468, 1445, 579, 595]"
3315,"[1610, 1614, 45, 1636, 1746]"
3316,"[1656, 1884, 1562, 432, 708]"
3317,"[1191, 291, 1533, 1713, 1063]"
3318,"[113, 112, 889, 457, 1701]"
3319,"[468, 579, 599, 575, 1063]"
3320,"[1713, 102, 1701, 1746, 1070]"
3321,"[1277, 109, 1523, 114, 811]"
3322,"[1191, 4, 614, 860, 1904]"
3323,"[46, 291, 102, 1746, 409]"
3324,"[432, 1884, 1656, 1562, 1677]"
3325,"[468, 595, 593, 579, 599]"
3326,"[432, 1677, 114, 113, 612]"
3327,"[113, 1191, 112, 1701, 889]"
3328,"[1191, 291, 113, 112, 1070]"
3329,"[1070, 291, 1656, 112, 113]"
3330,"[1701, 1191, 889, 457, 88]"
3331,"[468, 588, 578, 575, 580]"
3332,"[16, 114, 1884, 478, 116]"
3333,"[1520, 1542, 1885, 1547, 1518]"
3334,"[1639, 343, 1524, 453, 504]"
3335,"[1884, 1924, 48, 1197, 1306]"
3336,"[1900, 160, 1543, 520, 1321]"
3337,"[1504, 1924, 1885, 478, 1385]"
3338,"[1924, 478, 773, 1619, 1561]"
3339,"[1884, 1197, 48, 1717, 1924]"
3340,"[1204, 632, 504, 18, 606]"
3341,"[478, 1924, 1385, 786, 1058]"
3342,"[1204, 114, 807, 449, 1610]"
3343,"[1924, 478, 1457, 51, 878]"
3344,"[1924, 478, 114, 649, 1900]"
3345,"[1639, 333, 114, 1619, 1128]"
3346,"[95, 93, 37, 1255, 1453]"
3347,"[1772, 468, 561, 807, 1717]"
3348,"[1924, 478, 333, 1639, 1128]"
3349,"[1924, 478, 1913, 868, 1453]"
3350,"[1885, 1549, 1524, 1909, 1539]"
3351,"[1204, 114, 1193, 1884, 417]"
3352,"[1573, 16, 1567, 1204, 807]"
3353,"[1924, 478, 1884, 51, 1885]"
3354,"[1924, 478, 1884, 94, 1913]"
3355,"[1924, 478, 464, 1884, 1885]"
3356,"[478, 94, 1924, 420, 1861]"
3357,"[1504, 553, 667, 1884, 891]"
3358,"[1924, 478, 632, 649, 1549]"
3359,"[468, 1063, 1524, 578, 1504]"
3360,"[630, 1884, 48, 16, 1197]"
3361,"[588, 1742, 1457, 44, 1567]"
3362,"[1924, 478, 588, 333, 1063]"
3363,"[635, 43, 807, 114, 668]"
3364,"[333, 1695, 1561, 1639, 343]"
3365,"[1885, 1524, 1193, 1619, 782]"
3366,"[1504, 1924, 478, 553, 667]"
3367,"[1861, 1003, 232, 237, 1666]"
3368,"[892, 478, 1673, 1924, 872]"
3369,"[1915, 1884, 116, 1924, 1197]"
3370,"[333, 1639, 1128, 343, 4]"
3371,"[478, 1924, 1197, 1561, 1885]"
3372,"[333, 1639, 343, 1063, 468]"
3373,"[1885, 499, 1433, 1232, 505]"
3374,"[333, 1713, 102, 1639, 1896]"
3375,"[116, 1567, 1889, 1618, 43]"
3376,"[1904, 1588, 43, 1890, 1916]"
3377,"[1904, 425, 114, 43, 807]"
3378,"[43, 807, 1588, 927, 1587]"
3379,"[1904, 1890, 43, 1191, 1489]"
3380,"[1904, 922, 1897, 1922, 1587]"
3381,"[1904, 927, 1193, 43, 1909]"
3382,"[113, 43, 1897, 1922, 1900]"
3383,"[1904, 43, 1208, 1348, 425]"
3384,"[1567, 16, 43, 624, 44]"
3385,"[1926, 1902, 1064, 1900, 1588]"
3386,"[1904, 446, 43, 91, 425]"
3387,"[316, 43, 1204, 18, 417]"
3388,"[1904, 425, 884, 43, 1489]"
3389,"[1904, 1890, 43, 1191, 1532]"
3390,"[1904, 43, 1204, 44, 1691]"
3391,"[1567, 43, 1424, 1885, 106]"
3392,"[1587, 113, 892, 1495, 1588]"
3393,"[1904, 1890, 43, 1489, 425]"
3394,"[1574, 1567, 1588, 43, 426]"
3395,"[1620, 43, 1588, 659, 1587]"
3396,"[1904, 43, 425, 1062, 614]"
3397,"[282, 1904, 425, 66, 43]"
3398,"[1193, 1904, 927, 1909, 425]"
3399,"[160, 1909, 1890, 735, 930]"
3400,"[1904, 1733, 43, 691, 1588]"
3401,"[1904, 425, 43, 16, 1489]"
3402,"[43, 1588, 1193, 927, 1929]"
3403,"[114, 1926, 1064, 1062, 1902]"
3404,"[1567, 1885, 1892, 1886, 160]"
3405,"[426, 457, 88, 1718, 792]"
3406,"[1574, 1588, 43, 426, 1898]"
3407,"[739, 1309, 1654, 1916, 1638]"
3408,"[927, 1193, 420, 1861, 1588]"
3409,"[114, 1588, 1612, 1193, 1927]"
3410,"[1567, 1193, 43, 1885, 54]"
3411,"[1193, 1904, 927, 43, 425]"
3412,"[1904, 1587, 282, 1892, 1532]"
3413,"[1904, 43, 1069, 1567, 1071]"
3414,"[1567, 1904, 37, 18, 114]"
3415,"[903, 1627, 16, 1588, 43]"
3416,"[43, 1574, 1567, 426, 1898]"
3417,"[43, 1071, 1904, 868, 1063]"
3418,"[1904, 1588, 43, 1587, 113]"
3419,"[1320, 1902, 420, 1700, 1197]"
3420,"[667, 1320, 420, 102, 1902]"
3421,"[472, 97, 891, 96, 876]"
3422,"[1320, 1888, 420, 1902, 408]"
3423,"[408, 1902, 1495, 1900, 1219]"
3424,"[1700, 1358, 420, 1902, 102]"
3425,"[1885, 1219, 1888, 1902, 716]"
3426,"[891, 1550, 420, 96, 102]"
3427,"[716, 1638, 44, 43, 1902]"
3428,"[1902, 1700, 485, 408, 1197]"
3429,"[1495, 452, 1902, 420, 1300]"
3430,"[1320, 420, 1219, 716, 1888]"
3431,"[109, 716, 1219, 478, 258]"
3432,"[1885, 891, 1902, 762, 1197]"
3433,"[1219, 716, 1902, 408, 1040]"
3434,"[1042, 1029, 288, 265, 1244]"
3435,"[1197, 1902, 102, 749, 420]"
3436,"[1902, 1197, 102, 1518, 97]"
3437,"[420, 1902, 1547, 667, 102]"
3438,"[1902, 1900, 420, 1543, 1516]"
3439,"[1197, 1495, 749, 98, 102]"
3440,"[1902, 1197, 739, 420, 1552]"
3441,"[667, 1902, 102, 420, 96]"
3442,"[927, 1495, 1638, 43, 691]"
3443,"[1538, 1556, 472, 1520, 1518]"
3444,"[1902, 102, 1197, 97, 96]"
3445,"[1197, 1855, 1861, 1118, 1846]"
3446,"[1197, 102, 1541, 1518, 1885]"
3447,"[1197, 1869, 1201, 1118, 102]"
3448,"[667, 1040, 1586, 1193, 1885]"
3449,"[1438, 1915, 1846, 1495, 1855]"
3450,"[927, 1885, 1197, 97, 1700]"
3451,"[1040, 1197, 1733, 98, 97]"
3452,"[1320, 1893, 1197, 1778, 126]"
3453,"[1700, 1541, 1073, 1197, 102]"
3454,"[1320, 1894, 1040, 1516, 1700]"
3455,"[1902, 1197, 1495, 1040, 408]"
3456,"[1902, 1197, 1552, 1541, 1543]"
3457,"[1902, 739, 1495, 1197, 102]"
3458,"[1902, 1900, 408, 114, 1552]"
3459,"[1197, 1902, 1518, 102, 1885]"
3460,"[1495, 1902, 485, 102, 97]"
3461,"[1358, 1476, 1482, 485, 1470]"
3462,"[1201, 1713, 170, 880, 876]"
3463,"[739, 1733, 632, 691, 1457]"
3464,"[1620, 1520, 1613, 1615, 1917]"
3465,"[223, 211, 1911, 980, 979]"
3466,"[1457, 1618, 65, 954, 1723]"
3467,"[1917, 1590, 413, 1900, 1587]"
3468,"[1902, 18, 1567, 1495, 37]"
3469,"[37, 1574, 1618, 417, 1620]"
3470,"[1193, 1587, 868, 43, 927]"
3471,"[1917, 359, 1060, 1584, 1574]"
3472,"[823, 1666, 731, 1915, 1338]"
3473,"[1193, 927, 43, 1587, 1613]"
3474,"[901, 1587, 43, 1915, 432]"
3475,"[721, 930, 48, 933, 470]"
3476,"[665, 1666, 823, 446, 1900]"
3477,"[1338, 1915, 1369, 1495, 1438]"
3478,"[730, 1338, 731, 1667, 918]"
3479,"[1592, 1006, 927, 918, 51]"
3480,"[1917, 1900, 408, 1902, 1915]"
3481,"[1487, 160, 868, 473, 1733]"
3482,"[632, 407, 739, 406, 1495]"
3483,"[452, 1846, 1855, 37, 1490]"
3484,"[1915, 1343, 1438, 1457, 28]"
3485,"[446, 423, 927, 723, 65]"
3486,"[1006, 886, 265, 1630, 421]"
3487,"[1630, 1006, 265, 1915, 1680]"
3488,"[1193, 927, 1915, 407, 1588]"
3489,"[1915, 1917, 823, 731, 1495]"
3490,"[1667, 918, 739, 930, 160]"
3491,"[1457, 524, 623, 1666, 529]"
3492,"[892, 1733, 732, 1193, 729]"
3493,"[1267, 1691, 927, 807, 1035]"
3494,"[927, 1193, 1592, 1032, 1587]"
3495,"[114, 1610, 44, 1917, 1915]"
3496,"[113, 1555, 60, 446, 114]"
3497,"[1917, 1900, 1902, 1599, 1930]"
3498,"[541, 1587, 43, 1588, 892]"
3499,"[1915, 114, 1620, 1861, 1902]"
3500,"[1193, 927, 43, 1588, 1025]"
3501,"[1917, 1017, 1599, 1495, 1930]"
3502,"[1193, 1896, 1587, 1191, 421]"
3503,"[1591, 1592, 954, 271, 270]"
3504,"[273, 270, 972, 136, 731]"
3505,"[773, 1676, 1457, 1619, 1915]"
3506,"[1193, 927, 1587, 1915, 1588]"
3507,"[505, 1495, 1607, 1809, 1896]"
3508,"[886, 1193, 1894, 1351, 1909]"
3509,"[1900, 1902, 51, 114, 959]"
3510,"[1900, 1915, 687, 1917, 1902]"
3511,"[1197, 1655, 891, 46, 1516]"
3512,"[655, 1861, 891, 1077, 887]"
3513,"[891, 1040, 1894, 1900, 1885]"
3514,"[1900, 891, 1902, 443, 697]"
3515,"[114, 834, 1900, 891, 1902]"
3516,"[1846, 1861, 1855, 1197, 1516]"
3517,"[1733, 114, 1676, 453, 1900]"
3518,"[1900, 687, 1917, 1902, 1619]"
3519,"[606, 114, 1900, 1902, 1917]"
3520,"[1900, 1917, 1902, 349, 1680]"
3521,"[927, 1516, 1915, 453, 1619]"
3522,"[891, 1608, 1491, 1618, 1619]"
3523,"[524, 1191, 1619, 1894, 455]"
3524,"[1917, 1900, 349, 114, 1902]"
3525,"[849, 1846, 1900, 687, 1457]"
3526,"[1567, 579, 1670, 930, 18]"
3527,"[1894, 886, 1516, 1900, 116]"
3528,"[891, 1900, 1495, 18, 807]"
3529,"[1550, 773, 891, 501, 1619]"
3530,"[1929, 1457, 1040, 1193, 420]"
3531,"[891, 1894, 468, 16, 661]"
3532,"[1900, 1619, 891, 1516, 1894]"
3533,"[1900, 1902, 108, 443, 1495]"
3534,"[891, 901, 1202, 410, 1607]"
3535,"[807, 579, 1045, 1772, 443]"
3536,"[1204, 1894, 1607, 834, 501]"
3537,"[1733, 411, 691, 446, 368]"
3538,"[1900, 579, 1495, 1487, 807]"
3539,"[1929, 1900, 1902, 891, 918]"
3540,"[412, 78, 453, 411, 1733]"
3541,"[1599, 116, 1900, 1917, 1894]"
3542,"[1924, 478, 660, 901, 1560]"
3543,"[952, 149, 914, 141, 964]"
3544,"[1113, 1491, 368, 1930, 1193]"
3545,"[661, 1567, 655, 16, 1772]"
3546,"[432, 1263, 438, 1266, 1928]"
3547,"[901, 1495, 322, 1607, 645]"
3548,"[44, 1412, 43, 1491, 1610]"
3549,"[114, 1917, 1192, 1930, 1931]"
3550,"[420, 1547, 1438, 891, 1619]"
3551,"[1587, 899, 1713, 1160, 48]"
3552,"[73, 1742, 1772, 82, 468]"
3553,"[1567, 18, 1574, 1063, 1246]"
3554,"[1575, 1246, 1679, 807, 575]"
3555,"[95, 1331, 100, 1463, 1478]"
3556,"[113, 1897, 1922, 1193, 1587]"
3557,"[1615, 1556, 1538, 1618, 1586]"
3558,"[1534, 1537, 1192, 1611, 1560]"
3559,"[1246, 807, 1204, 1860, 1864]"
3560,"[4, 128, 1001, 624, 614]"
3561,"[884, 1574, 1587, 43, 1193]"
3562,"[1713, 1618, 1044, 1619, 854]"
3563,"[43, 1587, 1627, 892, 1063]"
3564,"[1742, 632, 31, 33, 41]"
3565,"[1618, 289, 1612, 1926, 1064]"
3566,"[1537, 132, 1542, 1538, 1193]"
3567,"[1615, 1192, 1611, 1534, 1537]"
3568,"[892, 113, 112, 873, 1414]"
3569,"[1586, 1193, 1615, 1040, 1538]"
3570,"[1246, 1717, 468, 73, 580]"
3571,"[413, 1044, 560, 1537, 557]"
3572,"[889, 1703, 1751, 1882, 558]"
3573,"[1586, 1618, 1533, 94, 1534]"
3574,"[1567, 1538, 1556, 1537, 1564]"
3575,"[1574, 426, 113, 1898, 905]"
3576,"[1353, 1463, 95, 1328, 843]"
3577,"[113, 1533, 43, 1588, 1587]"
3578,"[1463, 1353, 1328, 95, 1331]"
3579,"[1913, 128, 1914, 426, 49]"
3580,"[95, 1353, 1463, 1926, 1692]"
3581,"[1063, 1913, 128, 135, 132]"
3582,"[1587, 43, 1588, 470, 620]"
3583,"[1619, 890, 1676, 112, 1618]"
3584,"[1534, 171, 43, 114, 1542]"
3585,"[1618, 1885, 687, 723, 606]"
3586,"[1537, 1534, 890, 112, 1538]"
3587,"[95, 1567, 1618, 1885, 37]"
3588,"[1353, 1463, 95, 1328, 843]"
3589,"[1537, 1044, 1533, 112, 291]"
3590,"[870, 873, 95, 482, 100]"
3591,"[1044, 1353, 95, 1926, 291]"
3592,"[1611, 1619, 1927, 1534, 1713]"
3593,"[1534, 1537, 1611, 1560, 1192]"
3594,"[16, 501, 655, 1404, 570]"
3595,"[1890, 353, 830, 1893, 1548]"
3596,"[478, 1907, 1070, 1916, 1193]"
3597,"[1548, 1561, 1560, 1537, 1520]"
3598,"[1603, 606, 1713, 1043, 321]"
3599,"[647, 1573, 807, 933, 930]"
3600,"[1618, 1900, 289, 1567, 698]"
3601,"[43, 229, 16, 44, 1063]"
3602,"[1890, 1893, 160, 928, 925]"
3603,"[1071, 868, 1893, 1890, 1748]"
3604,"[543, 1410, 615, 591, 1442]"
3605,"[1894, 1893, 419, 886, 1749]"
3606,"[1713, 1518, 1692, 1603, 1407]"
3607,"[1006, 687, 681, 708, 667]"
3608,"[406, 407, 1666, 823, 1193]"
3609,"[1929, 368, 691, 321, 1344]"
3610,"[406, 1534, 407, 1666, 419]"
3611,"[1290, 1548, 78, 1561, 406]"
3612,"[1713, 681, 1748, 678, 687]"
3613,"[425, 1536, 1893, 419, 1588]"
3614,"[1451, 1618, 901, 1885, 1032]"
3615,"[1893, 922, 1032, 95, 1894]"
3616,"[1890, 406, 407, 891, 1929]"
3617,"[1588, 1899, 927, 113, 419]"
3618,"[1497, 885, 926, 1406, 900]"
3619,"[1733, 787, 1032, 114, 116]"
3620,"[1567, 1618, 37, 1885, 1032]"
3621,"[1617, 1702, 292, 1032, 1025]"
3622,"[289, 1538, 1534, 890, 1556]"
3623,"[419, 1890, 1893, 406, 425]"
3624,"[1666, 570, 406, 1772, 407]"
3625,"[1713, 678, 681, 683, 1538]"
3626,"[1618, 116, 1032, 1043, 773]"
3627,"[406, 407, 1521, 419, 1567]"
3628,"[1666, 419, 1204, 1567, 420]"
3629,"[1586, 1193, 1040, 1909, 1733]"
3630,"[1328, 1032, 1545, 1448, 1912]"
3631,"[1680, 884, 1696, 1929, 1676]"
3632,"[933, 930, 1197, 1909, 752]"
3633,"[868, 1748, 1071, 1893, 1733]"
3634,"[49, 1380, 406, 88, 1898]"
3635,"[687, 688, 1458, 1032, 1722]"
3636,"[1032, 1910, 1596, 369, 1618]"
3637,"[933, 759, 1603, 930, 752]"
3638,"[1193, 1680, 1032, 1909, 1029]"
3639,"[883, 1907, 1588, 513, 1450]"
3640,"[1904, 1191, 289, 124, 1907]"
3641,"[16, 1567, 1889, 43, 1772]"
3642,"[1191, 1904, 1193, 1589, 692]"
3643,"[116, 1032, 1889, 425, 114]"
3644,"[1567, 677, 1316, 1192, 37]"
3645,"[116, 1724, 135, 1193, 1067]"
3646,"[677, 1193, 1192, 1567, 692]"
3647,"[1032, 1907, 114, 1193, 116]"
3648,"[116, 1032, 1067, 289, 1929]"
3649,"[1598, 1724, 1612, 1068, 1067]"
3650,"[116, 135, 612, 113, 1032]"
3651,"[1193, 1192, 114, 1909, 1620]"
3652,"[116, 1032, 1904, 1147, 289]"
3653,"[116, 1724, 135, 1896, 1067]"
3654,"[116, 1724, 135, 379, 691]"
3655,"[289, 1032, 1904, 1068, 1531]"
3656,"[116, 1724, 1067, 1032, 1240]"
3657,"[44, 43, 1147, 1070, 335]"
3658,"[1192, 1611, 1902, 1709, 51]"
3659,"[116, 1929, 1890, 535, 1592]"
3660,"[1904, 1885, 1907, 289, 1193]"
3661,"[116, 1724, 1067, 1904, 1191]"
3662,"[1904, 116, 1608, 1567, 1896]"
3663,"[1191, 116, 1067, 1032, 1534]"
3664,"[1316, 692, 693, 1726, 1192]"
3665,"[1904, 1890, 1191, 289, 1929]"
3666,"[114, 1586, 1193, 1032, 289]"
3667,"[135, 1567, 1889, 37, 1885]"
3668,"[114, 692, 116, 1032, 677]"
3669,"[1567, 1889, 37, 95, 1907]"
3670,"[1885, 692, 1191, 1192, 1884]"
3671,"[1901, 1724, 1615, 1066, 116]"
3672,"[1904, 1890, 1929, 1191, 553]"
3673,"[116, 1724, 1066, 1032, 1534]"
3674,"[1191, 1904, 289, 1193, 1589]"
3675,"[1904, 1068, 1724, 116, 1032]"
3676,"[114, 691, 1192, 116, 110]"
3677,"[116, 1067, 1032, 1889, 1240]"
3678,"[116, 1204, 1032, 1889, 1567]"
3679,"[116, 1032, 1147, 108, 289]"
3680,"[1890, 1884, 419, 1032, 1588]"
3681,"[18, 1742, 1567, 1472, 1503]"
3682,"[1907, 1562, 1692, 1032, 1926]"
3683,"[1861, 1049, 473, 359, 261]"
3684,"[1567, 1885, 1193, 417, 95]"
3685,"[1239, 446, 114, 1619, 7]"
3686,"[614, 1896, 410, 1202, 96]"
3687,"[1608, 452, 1896, 1191, 1900]"
3688,"[1861, 1900, 868, 1846, 1561]"
3689,"[1742, 1560, 557, 1885, 1561]"
3690,"[1019, 1138, 1191, 1534, 1489]"
3691,"[452, 1588, 1300, 1204, 1301]"
3692,"[1915, 1542, 1885, 1588, 1861]"
3693,"[74, 1588, 1855, 933, 575]"
3694,"[1567, 1772, 580, 16, 1742]"
3695,"[1019, 1193, 1725, 405, 1150]"
3696,"[233, 234, 235, 238, 239]"
3697,"[1861, 1019, 1869, 1723, 1885]"
3698,"[1204, 1462, 868, 1846, 1900]"
3699,"[588, 579, 595, 1751, 580]"
3700,"[1861, 1846, 242, 452, 1855]"
3701,"[446, 1239, 1068, 417, 1495]"
3702,"[1861, 1247, 420, 611, 1906]"
3703,"[1855, 1900, 1846, 1861, 1620]"
3704,"[1608, 1019, 611, 1700, 1607]"
3705,"[114, 1900, 1676, 1608, 1495]"
3706,"[1019, 16, 44, 43, 632]"
3707,"[1019, 1619, 1917, 891, 787]"
3708,"[1019, 1930, 1193, 349, 1]"
3709,"[1620, 1520, 1542, 1884, 1613]"
3710,"[1495, 471, 1900, 480, 588]"
3711,"[1861, 1846, 1855, 1490, 452]"
3712,"[1617, 1619, 1197, 1861, 1539]"
3713,"[1302, 1252, 403, 1846, 82]"
3714,"[1495, 1302, 1457, 1809, 1500]"
3715,"[1861, 1567, 468, 1679, 1063]"
3716,"[1608, 1607, 1896, 1517, 886]"
3717,"[1193, 95, 1351, 1620, 93]"
3718,"[501, 261, 233, 234, 235]"
3719,"[95, 659, 1900, 1575, 580]"
3720,"[1516, 1863, 1894, 1197, 1619]"
3721,"[420, 1861, 1193, 1902, 1885]"
3722,"[1861, 1846, 1855, 1885, 420]"
3723,"[412, 446, 1239, 1193, 411]"
3724,"[446, 1700, 1904, 1197, 1861]"
3725,"[18, 114, 1495, 505, 1587]"
3726,"[807, 114, 868, 417, 1915]"
3727,"[1574, 113, 1193, 426, 1898]"
3728,"[1587, 43, 1897, 1922, 1193]"
3729,"[1913, 128, 1914, 905, 868]"
3730,"[113, 1907, 1897, 1922, 1588]"
3731,"[1897, 1922, 43, 1927, 1612]"
3732,"[1574, 426, 1898, 88, 1718]"
3733,"[1193, 927, 113, 1897, 1922]"
3734,"[1897, 1922, 43, 1193, 1588]"
3735,"[1902, 1567, 18, 1552, 1900]"
3736,"[113, 1239, 1193, 1587, 1897]"
3737,"[1193, 1897, 1922, 43, 1587]"
3738,"[1567, 635, 1885, 1889, 95]"
3739,"[1574, 426, 1898, 88, 1718]"
3740,"[1587, 1627, 43, 927, 1905]"
3741,"[927, 1071, 43, 1587, 868]"
3742,"[1574, 534, 426, 1898, 1063]"
3743,"[1193, 927, 1587, 1627, 43]"
3744,"[1574, 426, 1898, 88, 1718]"
3745,"[1574, 1193, 426, 1898, 88]"
3746,"[1587, 927, 1627, 43, 1588]"
3747,"[927, 1907, 1567, 1892, 1885]"
3748,"[1587, 1193, 113, 1666, 43]"
3749,"[1587, 113, 1627, 1907, 1905]"
3750,"[1897, 1922, 113, 114, 1193]"
3751,"[1897, 1922, 43, 1588, 1587]"
3752,"[927, 113, 1897, 1922, 1587]"
3753,"[114, 1897, 1922, 1192, 1567]"
3754,"[1204, 1587, 1897, 1922, 43]"
3755,"[114, 1567, 1587, 892, 95]"
3756,"[114, 1193, 1588, 1567, 1897]"
3757,"[1567, 426, 1898, 534, 1718]"
3758,"[1587, 1897, 1922, 43, 1588]"
3759,"[1907, 1567, 1892, 1885, 95]"
3760,"[1567, 1885, 37, 95, 1892]"
3761,"[1574, 1897, 1922, 426, 1193]"
3762,"[1884, 478, 1924, 1897, 1922]"
3763,"[1287, 1907, 1527, 457, 426]"
3764,"[37, 1574, 1567, 821, 1212]"
3765,"[426, 457, 88, 1718, 792]"
3766,"[1613, 1907, 1069, 1620, 1927]"
3767,"[1193, 927, 1598, 1907, 1916]"
3768,"[1567, 1885, 37, 95, 1892]"
3769,"[1574, 1567, 37, 1588, 1193]"
3770,"[457, 426, 88, 1718, 792]"
3771,"[1924, 1723, 478, 1070, 589]"
3772,"[1646, 1701, 739, 681, 801]"
3773,"[1892, 1618, 1646, 1160, 1193]"
3774,"[1244, 423, 1545, 128, 426]"
3775,"[1902, 1700, 1118, 628, 1628]"
3776,"[1713, 1070, 457, 88, 1380]"
3777,"[1733, 446, 691, 1701, 1772]"
3778,"[1666, 1239, 1613, 1255, 414]"
3779,"[1567, 1646, 1701, 88, 1718]"
3780,"[1587, 691, 446, 1733, 561]"
3781,"[1899, 1892, 1066, 1526, 1913]"
3782,"[113, 1618, 589, 1701, 1534]"
3783,"[1723, 589, 1627, 1701, 1905]"
3784,"[1701, 784, 905, 417, 457]"
3785,"[612, 1123, 1132, 1204, 1193]"
3786,"[18, 114, 1495, 401, 1904]"
3787,"[1860, 1864, 1868, 579, 580]"
3788,"[1701, 589, 1191, 457, 1070]"
3789,"[1495, 1504, 1438, 655, 1453]"
3790,"[1899, 1892, 1907, 1701, 1526]"
3791,"[1457, 501, 691, 1404, 527]"
3792,"[1701, 589, 1495, 1900, 1070]"
3793,"[1723, 589, 1701, 1070, 289]"
3794,"[1587, 1567, 1884, 1063, 1701]"
3795,"[1855, 1846, 1861, 1540, 113]"
3796,"[18, 114, 1495, 1472, 1363]"
3797,"[1701, 288, 265, 1073, 1525]"
3798,"[1588, 1255, 114, 1251, 1495]"
3799,"[1902, 739, 48, 784, 1033]"
3800,"[480, 482, 1645, 1455, 500]"
3801,"[1069, 110, 1192, 1907, 1713]"
3802,"[405, 1679, 1197, 1320, 102]"
3803,"[1889, 1197, 1743, 1320, 51]"
3804,"[1723, 1204, 1193, 48, 1070]"
3805,"[1713, 1646, 1884, 1885, 1894]"
3806,"[930, 933, 1861, 611, 420]"
3807,"[1885, 1893, 1886, 1701, 1646]"
3808,"[114, 1692, 1070, 16, 890]"
3809,"[1885, 1368, 500, 1455, 1193]"
3810,"[1733, 691, 1627, 1701, 48]"
3811,"[1204, 1902, 1545, 891, 1070]"
3812,"[589, 1701, 468, 128, 1063]"
3813,"[1438, 1343, 1495, 1915, 1772]"
3814,"[1654, 1855, 1861, 1846, 773]"
3815,"[1916, 1907, 1193, 1574, 1587]"
3816,"[1913, 530, 128, 1593, 1587]"
3817,"[18, 1180, 806, 1179, 615]"
3818,"[43, 1587, 1588, 892, 1897]"
3819,"[1901, 739, 930, 160, 527]"
3820,"[1902, 1588, 1193, 1900, 114]"
3821,"[1287, 1193, 927, 1895, 1620]"
3822,"[1588, 1351, 1574, 1567, 500]"
3823,"[1913, 1914, 1071, 426, 1898]"
3824,"[1317, 475, 1288, 476, 1318]"
3825,"[1193, 927, 1025, 1909, 937]"
3826,"[446, 1926, 1588, 1885, 1193]"
3827,"[1897, 1922, 1193, 1588, 113]"
3828,"[1448, 677, 1328, 1221, 796]"
3829,"[1701, 1902, 48, 1713, 1897]"
3830,"[446, 1733, 691, 1193, 1567]"
3831,"[1929, 1438, 1772, 1302, 18]"
3832,"[927, 1897, 1922, 1204, 1193]"
3833,"[1630, 721, 911, 51, 1638]"
3834,"[1567, 1902, 1897, 1922, 1618]"
3835,"[1193, 1692, 1588, 1567, 1587]"
3836,"[1193, 113, 1588, 927, 1914]"
3837,"[1567, 933, 930, 470, 620]"
3838,"[903, 1897, 1922, 113, 1588]"
3839,"[1907, 113, 1897, 1922, 1193]"
3840,"[1627, 1587, 113, 1905, 1618]"
3841,"[1193, 1909, 933, 1389, 1907]"
3842,"[927, 1071, 1587, 991, 1897]"
3843,"[1897, 1922, 113, 1587, 1907]"
3844,"[1358, 1400, 1433, 18, 499]"
3845,"[1897, 1922, 113, 1587, 1193]"
3846,"[1193, 1897, 1922, 927, 1909]"
3847,"[48, 1587, 1064, 1032, 114]"
3848,"[739, 639, 1567, 606, 632]"
3849,"[1907, 1885, 1892, 1886, 1894]"
3850,"[1901, 723, 1809, 1907, 773]"
3851,"[43, 1588, 1897, 1922, 1587]"
3852,"[1907, 1587, 1033, 1032, 470]"
3853,"[1902, 1287, 48, 1297, 1855]"
3854,"[446, 48, 18, 807, 125]"
3855,"[1897, 1922, 1287, 612, 114]"
3856,"[739, 1573, 114, 1204, 1897]"
3857,"[927, 113, 1897, 1922, 1697]"
3858,"[1901, 1025, 1547, 1026, 159]"
3859,"[793, 1541, 1201, 1887, 1197]"
3860,"[73, 1320, 1197, 1742, 1885]"
3861,"[1541, 793, 1201, 1073, 1118]"
3862,"[413, 1537, 1044, 121, 1533]"
3863,"[18, 1472, 1495, 1500, 468]"
3864,"[1320, 1544, 1700, 166, 175]"
3865,"[468, 37, 1246, 73, 807]"
3866,"[405, 1885, 102, 1320, 420]"
3867,"[933, 1894, 98, 166, 97]"
3868,"[606, 723, 1902, 1320, 1197]"
3869,"[43, 531, 667, 1320, 1511]"
3870,"[468, 1320, 1197, 73, 1063]"
3871,"[606, 723, 1885, 807, 1197]"
3872,"[468, 1742, 1717, 73, 82]"
3873,"[1320, 420, 606, 1540, 723]"
3874,"[1742, 1534, 1564, 1489, 1554]"
3875,"[1541, 1073, 793, 1700, 102]"
3876,"[1541, 793, 1201, 1887, 1118]"
3877,"[18, 493, 1472, 114, 1495]"
3878,"[1894, 1884, 1885, 1542, 1890]"
3879,"[468, 1320, 1742, 73, 1717]"
3880,"[1320, 1885, 468, 1542, 1554]"
3881,"[868, 1748, 1201, 443, 98]"
3882,"[468, 73, 1320, 1882, 1574]"
3883,"[1742, 1564, 1534, 1489, 1542]"
3884,"[73, 468, 1717, 807, 48]"
3885,"[1320, 468, 73, 580, 575]"
3886,"[468, 73, 1717, 1320, 1246]"
3887,"[1320, 1197, 1541, 1861, 1670]"
3888,"[1567, 468, 1197, 1320, 1063]"
3889,"[468, 1063, 1679, 31, 33]"
3890,"[420, 160, 925, 938, 928]"
3891,"[1541, 1628, 1197, 1887, 1201]"
3892,"[1541, 102, 1746, 1700, 97]"
3893,"[606, 723, 1320, 468, 1063]"
3894,"[1885, 43, 1320, 1197, 1588]"
3895,"[420, 102, 98, 97, 96]"
3896,"[4, 468, 128, 1063, 588]"
3897,"[1772, 1885, 66, 1541, 468]"
3898,"[472, 1887, 1670, 4, 1888]"
3899,"[628, 98, 102, 96, 410]"
3900,"[1320, 468, 1679, 1197, 1567]"
3901,"[1902, 868, 1748, 1495, 18]"
3902,"[1573, 1588, 420, 807, 471]"
3903,"[425, 1458, 1193, 1160, 735]"
3904,"[1193, 1909, 1029, 1041, 421]"
3905,"[1307, 635, 464, 652, 160]"
3906,"[113, 425, 878, 921, 890]"
3907,"[891, 453, 1491, 691, 1125]"
3908,"[1586, 1193, 1534, 113, 171]"
3909,"[1193, 886, 171, 1025, 1026]"
3910,"[1193, 1029, 1026, 1025, 1043]"
3911,"[1193, 1026, 1029, 1025, 886]"
3912,"[1193, 1458, 1809, 886, 425]"
3913,"[1059, 1618, 1615, 289, 1619]"
3914,"[1916, 425, 1861, 1133, 96]"
3915,"[170, 161, 923, 165, 162]"
3916,"[1586, 1193, 1029, 1040, 1809]"
3917,"[886, 1193, 1713, 1042, 1524]"
3918,"[924, 928, 935, 164, 175]"
3919,"[1219, 1882, 739, 1885, 1040]"
3920,"[1025, 1026, 1588, 1586, 169]"
3921,"[1193, 425, 1909, 1885, 1458]"
3922,"[1193, 1909, 1025, 921, 1029]"
3923,"[1193, 1524, 425, 1885, 1909]"
3924,"[1193, 1029, 1909, 1202, 410]"
3925,"[1772, 739, 1567, 925, 606]"
3926,"[290, 122, 1693, 1694, 118]"
3927,"[1193, 1909, 1029, 1025, 1026]"
3928,"[1495, 1193, 505, 1236, 1676]"
3929,"[1588, 1586, 160, 1885, 1025]"
3930,"[1586, 1029, 1026, 1193, 1041]"
3931,"[1193, 1617, 1909, 1722, 1025]"
3932,"[165, 164, 175, 1861, 919]"
3933,"[485, 107, 453, 1491, 1406]"
3934,"[1193, 1909, 1029, 1043, 1588]"
3935,"[1146, 355, 1168, 1699, 1151]"
3936,"[1193, 1029, 1025, 159, 937]"
3937,"[1193, 1809, 1909, 1885, 1889]"
3938,"[886, 1193, 1458, 885, 425]"
3939,"[1193, 1025, 159, 937, 163]"
3940,"[160, 1900, 66, 930, 1666]"
3941,"[1586, 1193, 1040, 1909, 1025]"
3942,"[1193, 1025, 1026, 160, 159]"
3943,"[647, 353, 1699, 342, 1059]"
3944,"[1193, 1909, 1043, 1885, 1026]"
3945,"[1193, 1909, 1029, 1025, 425]"
3946,"[1193, 1909, 1026, 1043, 1025]"
3947,"[1666, 1680, 990, 738, 731]"
3948,"[1666, 1030, 403, 1649, 885]"
3949,"[588, 1489, 1554, 1564, 1542]"
3950,"[903, 1032, 470, 620, 395]"
3951,"[1666, 500, 1861, 1846, 1455]"
3952,"[1666, 1846, 1915, 1855, 1620]"
3953,"[823, 1149, 1667, 53, 1649]"
3954,"[1666, 886, 1193, 1042, 885]"
3955,"[1666, 1042, 470, 620, 1917]"
3956,"[1620, 1618, 1885, 1907, 1026]"
3957,"[927, 1809, 1302, 265, 1680]"
3958,"[1666, 1930, 327, 1649, 1915]"
3959,"[543, 1026, 1052, 823, 1929]"
3960,"[903, 543, 1590, 885, 218]"
3961,"[1574, 580, 1805, 1567, 1882]"
3962,"[1809, 1026, 1193, 1620, 1909]"
3963,"[885, 1915, 1666, 51, 1590]"
3964,"[1666, 403, 1344, 1917, 1930]"
3965,"[500, 1666, 1455, 1680, 1500]"
3966,"[1666, 408, 1590, 1917, 1052]"
3967,"[824, 1592, 1906, 1026, 1591]"
3968,"[903, 824, 543, 885, 580]"
3969,"[990, 1666, 954, 1053, 1030]"
3970,"[160, 425, 1902, 1900, 921]"
3971,"[1159, 1006, 1587, 901, 16]"
3972,"[1666, 1649, 1030, 1029, 1052]"
3973,"[721, 1043, 1029, 1193, 1666]"
3974,"[1861, 1846, 1855, 420, 1873]"
3975,"[1666, 1053, 1592, 1590, 886]"
3976,"[1861, 1588, 1906, 1916, 1193]"
3977,"[1590, 885, 1049, 1666, 1042]"
3978,"[823, 1666, 731, 719, 736]"
3979,"[1733, 446, 691, 444, 408]"
3980,"[824, 823, 501, 1449, 1339]"
3981,"[1915, 1666, 613, 1723, 632]"
3982,"[1620, 1809, 406, 407, 1193]"
3983,"[723, 1053, 79, 1885, 1193]"
3984,"[1030, 1915, 1916, 1666, 1917]"
3985,"[1666, 1900, 160, 1700, 1026]"
3986,"[1567, 44, 1204, 606, 16]"
3987,"[903, 1590, 403, 470, 620]"
3988,"[1902, 1193, 166, 1029, 935]"
3989,"[1193, 1916, 1029, 1030, 868]"
3990,"[417, 930, 160, 1861, 122]"
3991,"[1915, 885, 1193, 1666, 1351]"
3992,"[823, 1666, 1321, 731, 1193]"
3993,"[1619, 114, 1618, 606, 414]"
3994,"[1677, 761, 612, 1680, 1900]"
3995,"[1929, 1592, 1902, 691, 1302]"
3996,"[417, 425, 155, 157, 158]"
3997,"[1680, 1042, 1193, 1030, 1666]"
3998,"[1733, 691, 1592, 446, 1680]"
3999,"[823, 1666, 1495, 1500, 1846]"
4000,"[1929, 522, 1592, 885, 1438]"
4001,"[691, 51, 1590, 847, 446]"
4002,"[1620, 1043, 1520, 543, 1666]"
4003,"[1148, 739, 1495, 1723, 1472]"
4004,"[1915, 639, 1438, 1900, 1343]"
4005,"[606, 1193, 1680, 807, 43]"
4006,"[1680, 1043, 1592, 1049, 1052]"
4007,"[1680, 1929, 1630, 1025, 721]"
4008,"[1680, 1666, 691, 49, 18]"
4009,"[1514, 1846, 784, 1680, 807]"
4010,"[823, 113, 1618, 1897, 1922]"
4011,"[1043, 1620, 1680, 1520, 1666]"
4012,"[1680, 1929, 1344, 395, 1202]"
4013,"[51, 1721, 691, 824, 697]"
4014,"[1733, 691, 114, 807, 444]"
4015,"[901, 1620, 1588, 1193, 425]"
4016,"[1742, 807, 1204, 606, 723]"
4017,"[155, 157, 158, 409, 160]"
4018,"[911, 1590, 270, 1592, 271]"
4019,"[1937, 1592, 1547, 1528, 288]"
4020,"[1929, 1438, 687, 691, 807]"
4021,"[885, 1676, 1675, 739, 1929]"
4022,"[1929, 1592, 51, 242, 1043]"
4023,"[687, 667, 1514, 18, 1495]"
4024,"[1204, 807, 868, 667, 1574]"
4025,"[51, 1721, 1590, 1588, 1053]"
4026,"[1900, 1484, 1495, 1846, 457]"
4027,"[51, 1900, 1721, 847, 108]"
4028,"[1917, 1584, 823, 918, 426]"
4029,"[258, 1030, 1900, 1041, 1029]"
4030,"[1902, 1338, 51, 823, 426]"
4031,"[1680, 1592, 1929, 1193, 1918]"
4032,"[1924, 478, 1915, 1573, 1929]"
4033,"[632, 1742, 580, 639, 1723]"
4034,"[1676, 452, 1675, 402, 405]"
4035,"[1936, 884, 1906, 1277, 1618]"
4036,"[1885, 1618, 1907, 1620, 901]"
4037,"[1861, 1620, 1301, 1300, 1618]"
4038,"[1193, 421, 1620, 1608, 1670]"
4039,"[1193, 927, 1936, 901, 1909]"
4040,"[265, 1006, 468, 1717, 655]"
4041,"[419, 1861, 1666, 1620, 165]"
4042,"[1202, 410, 926, 901, 1618]"
4043,"[1885, 901, 18, 114, 691]"
4044,"[1906, 1588, 1929, 1618, 1528]"
4045,"[1193, 1588, 927, 1906, 1618]"
4046,"[1618, 1620, 1907, 501, 1065]"
4047,"[901, 1885, 1861, 452, 79]"
4048,"[796, 114, 1495, 1676, 1666]"
4049,"[1914, 1037, 1149, 1029, 1049]"
4050,"[114, 1915, 1676, 1495, 1900]"
4051,"[446, 412, 1239, 613, 416]"
4052,"[1193, 1041, 165, 164, 927]"
4053,"[1906, 884, 1809, 114, 926]"
4054,"[632, 18, 478, 1043, 735]"
4055,"[1193, 1909, 1618, 1620, 1936]"
4056,"[1733, 691, 1567, 1495, 580]"
4057,"[1193, 927, 1909, 1897, 1922]"
4058,"[1193, 1588, 927, 1906, 1916]"
4059,"[1936, 1915, 1676, 823, 824]"
4060,"[534, 1809, 1670, 160, 421]"
4061,"[926, 887, 1608, 1892, 665]"
4062,"[1906, 1588, 1928, 1916, 1528]"
4063,"[1936, 1193, 1618, 1892, 1567]"
4064,"[884, 807, 1573, 1929, 1618]"
4065,"[1861, 510, 1618, 1302, 1557]"
4066,"[1193, 1620, 425, 1809, 1191]"
4067,"[1193, 1909, 1936, 886, 425]"
4068,"[1255, 1506, 1588, 1906, 1474]"
4069,"[412, 446, 411, 1733, 691]"
4070,"[1400, 1567, 161, 160, 242]"
4071,"[1906, 796, 1528, 1916, 1588]"
4072,"[1193, 886, 823, 537, 885]"
4073,"[425, 1885, 1193, 1618, 1909]"
4074,"[884, 331, 443, 501, 1249]"
4075,"[1588, 1916, 1193, 1906, 1529]"
4076,"[1314, 1587, 901, 48, 621]"
4077,"[1885, 1524, 453, 1455, 500]"
4078,"[796, 885, 1043, 1936, 452]"
4079,"[1193, 927, 43, 1587, 892]"
4080,"[1584, 1917, 730, 286, 731]"
4081,"[1733, 691, 446, 54, 57]"
4082,"[1063, 92, 959, 961, 214]"
4083,"[691, 1733, 1917, 624, 359]"
4084,"[892, 1574, 1588, 426, 1898]"
4085,"[1193, 927, 1025, 937, 921]"
4086,"[1063, 1193, 927, 1675, 1244]"
4087,"[927, 913, 140, 911, 966]"
4088,"[446, 1733, 160, 930, 632]"
4089,"[277, 971, 968, 273, 978]"
4090,"[1733, 691, 446, 1917, 1006]"
4091,"[1193, 927, 1638, 1587, 1025]"
4092,"[886, 1193, 419, 1351, 1909]"
4093,"[735, 160, 175, 938, 164]"
4094,"[1193, 927, 43, 1587, 1025]"
4095,"[1733, 691, 1917, 1050, 355]"
4096,"[73, 1338, 468, 1006, 1574]"
4097,"[1574, 1884, 785, 1193, 426]"
4098,"[1667, 242, 1197, 1630, 233]"
4099,"[1193, 927, 1587, 43, 1917]"
4100,"[886, 1193, 1351, 1809, 735]"
4101,"[1733, 691, 114, 1610, 128]"
4102,"[1742, 114, 1204, 807, 650]"
4103,"[1917, 446, 1666, 1338, 1584]"
4104,"[368, 1405, 1459, 927, 401]"
4105,"[1193, 927, 1733, 446, 1025]"
4106,"[1063, 606, 739, 1573, 807]"
4107,"[68, 731, 911, 730, 347]"
4108,"[927, 1193, 1587, 43, 1063]"
4109,"[886, 1193, 1909, 1608, 1733]"
4110,"[1338, 53, 229, 355, 287]"
4111,"[1193, 1025, 927, 937, 159]"
4112,"[114, 807, 7, 110, 723]"
4113,"[160, 930, 892, 1587, 43]"
4114,"[1338, 927, 1063, 1917, 271]"
4115,"[886, 1193, 537, 1351, 1909]"
4116,"[892, 1587, 927, 1886, 1588]"
4117,"[1638, 730, 151, 198, 927]"
4118,"[1638, 1193, 1917, 51, 68]"
4119,"[927, 1340, 1193, 1458, 1567]"
4120,"[446, 1666, 1193, 731, 68]"
4121,"[927, 1193, 1917, 1900, 1035]"
4122,"[1638, 1338, 1567, 1575, 51]"
4123,"[1915, 1193, 670, 470, 620]"
4124,"[114, 659, 723, 1193, 603]"
4125,"[1592, 51, 1884, 1197, 1721]"
4126,"[369, 1043, 470, 620, 1344]"
4127,"[18, 408, 1344, 1915, 1591]"
4128,"[1929, 1592, 1915, 1438, 1902]"
4129,"[1680, 933, 1900, 691, 160]"
4130,"[1591, 1592, 1193, 1017, 1680]"
4131,"[1591, 1680, 1592, 1630, 1590]"
4132,"[114, 1591, 1902, 408, 1592]"
4133,"[1193, 1909, 1025, 1620, 921]"
4134,"[1680, 886, 1193, 1042, 1351]"
4135,"[1680, 1193, 927, 1042, 1052]"
4136,"[1193, 443, 659, 17, 905]"
4137,"[1929, 1592, 1590, 1056, 1591]"
4138,"[927, 691, 1193, 1054, 1042]"
4139,"[419, 1661, 388, 885, 1344]"
4140,"[1042, 1591, 1592, 1917, 419]"
4141,"[1591, 1592, 1193, 1042, 18]"
4142,"[1591, 1592, 1915, 1025, 921]"
4143,"[1929, 1592, 1680, 927, 237]"
4144,"[1591, 408, 114, 1592, 1900]"
4145,"[1495, 1680, 18, 807, 649]"
4146,"[1193, 886, 885, 1680, 1042]"
4147,"[1591, 18, 1902, 160, 1592]"
4148,"[796, 1680, 1043, 1193, 884]"
4149,"[408, 1591, 1902, 1592, 1900]"
4150,"[824, 1561, 1915, 773, 1560]"
4151,"[927, 1006, 16, 1772, 595]"
4152,"[248, 1685, 268, 241, 247]"
4153,"[886, 1193, 1042, 1809, 1680]"
4154,"[7, 1495, 807, 16, 18]"
4155,"[1591, 1592, 1590, 1193, 543]"
4156,"[1676, 1675, 1902, 1193, 114]"
4157,"[1193, 886, 1592, 1042, 1680]"
4158,"[1619, 1591, 1846, 1855, 1861]"
4159,"[1592, 1590, 903, 885, 1929]"
4160,"[425, 18, 1575, 1495, 1915]"
4161,"[455, 16, 692, 1043, 1516]"
4162,"[1006, 16, 1567, 1772, 796]"
4163,"[419, 406, 407, 1666, 1536]"
4164,"[1193, 1680, 116, 114, 1915]"
4165,"[1915, 114, 1930, 1931, 1344]"
4166,"[1591, 1536, 1592, 446, 1520]"
4167,"[1929, 1592, 1723, 1590, 1666]"
4168,"[1929, 1723, 1592, 1567, 37]"
4169,"[1929, 1592, 1658, 1542, 891]"
4170,"[1894, 1608, 1412, 891, 1680]"
4171,"[1592, 1590, 886, 1929, 1608]"
4172,"[1929, 1592, 1723, 80, 1680]"
4173,"[1192, 1709, 1567, 16, 1723]"
4174,"[579, 595, 44, 807, 43]"
4175,"[1929, 1592, 1138, 1590, 891]"
4176,"[632, 884, 1723, 606, 1567]"
4177,"[1885, 901, 1592, 1590, 1929]"
4178,"[886, 1193, 1351, 1929, 1680]"
4179,"[1567, 44, 579, 1723, 580]"
4180,"[1592, 886, 1608, 1591, 1590]"
4181,"[1592, 1666, 55, 1855, 1869]"
4182,"[1592, 48, 1723, 1929, 891]"
4183,"[1929, 1592, 886, 1723, 1193]"
4184,"[1929, 1592, 1338, 1590, 1666]"
4185,"[1929, 1592, 1590, 1591, 258]"
4186,"[1592, 1929, 1723, 1666, 401]"
4187,"[80, 891, 1723, 1592, 687]"
4188,"[1929, 1592, 1723, 1680, 891]"
4189,"[1929, 1592, 1590, 114, 1900]"
4190,"[1929, 1592, 1900, 1902, 116]"
4191,"[886, 1193, 1680, 1042, 885]"
4192,"[796, 1043, 1592, 55, 54]"
4193,"[1666, 499, 1590, 887, 1915]"
4194,"[114, 1592, 1666, 1733, 408]"
4195,"[1929, 1592, 1680, 1900, 480]"
4196,"[886, 1193, 885, 1608, 1351]"
4197,"[580, 596, 1723, 600, 598]"
4198,"[1929, 1592, 691, 891, 1723]"
4199,"[218, 261, 1592, 1929, 257]"
4200,"[1929, 1598, 1592, 691, 891]"
4201,"[1929, 1608, 1592, 1723, 1607]"
4202,"[1929, 1592, 1723, 886, 1666]"
4203,"[1574, 1929, 37, 1723, 1592]"
4204,"[1193, 886, 1680, 1351, 1042]"
4205,"[796, 1592, 1929, 1666, 1043]"
4206,"[1056, 160, 1193, 930, 649]"
4207,"[1929, 739, 1204, 1592, 452]"
4208,"[1929, 1592, 1608, 1723, 886]"
4209,"[886, 1193, 1351, 1042, 1809]"
4210,"[1929, 1592, 632, 891, 1723]"
4211,"[1055, 1052, 1680, 1666, 980]"
4212,"[927, 1495, 505, 1302, 222]"
4213,"[886, 1193, 1809, 1351, 1909]"
4214,"[1055, 990, 1053, 933, 1025]"
4215,"[886, 1193, 1351, 1809, 1909]"
4216,"[417, 1855, 575, 632, 574]"
4217,"[1055, 982, 1680, 1053, 980]"
4218,"[1495, 1676, 1902, 1809, 1917]"
4219,"[1055, 1863, 959, 952, 153]"
4220,"[918, 408, 150, 952, 914]"
4221,"[1193, 886, 1809, 933, 1053]"
4222,"[886, 1900, 408, 222, 229]"
4223,"[1053, 74, 933, 1055, 1809]"
4224,"[886, 1055, 982, 1049, 1666]"
4225,"[261, 408, 233, 234, 235]"
4226,"[886, 1006, 933, 261, 1055]"
4227,"[1055, 1053, 403, 1495, 1630]"
4228,"[1055, 990, 1053, 933, 1025]"
4229,"[1049, 1030, 1055, 1053, 1916]"
4230,"[534, 933, 1006, 1193, 1917]"
4231,"[1055, 933, 261, 1680, 1053]"
4232,"[1053, 74, 933, 1055, 1809]"
4233,"[1053, 74, 933, 930, 1809]"
4234,"[1055, 730, 1584, 731, 207]"
4235,"[1358, 1809, 1334, 261, 1363]"
4236,"[261, 224, 263, 217, 265]"
4237,"[114, 1053, 1077, 222, 1052]"
4238,"[224, 230, 263, 261, 256]"
4239,"[261, 1053, 233, 234, 235]"
4240,"[1193, 886, 1809, 1351, 1680]"
4241,"[523, 1358, 1204, 1237, 1363]"
4242,"[224, 1055, 223, 1658, 1314]"
4243,"[1055, 1495, 1917, 1049, 1047]"
4244,"[1930, 886, 1193, 1680, 1030]"
4245,"[1358, 1363, 261, 1680, 523]"
4246,"[1204, 468, 807, 1325, 1063]"
4247,"[1055, 1666, 1680, 1933, 222]"
4248,"[1055, 1680, 1052, 933, 1630]"
4249,"[886, 1193, 1809, 1680, 403]"
4250,"[1053, 1055, 1038, 1680, 1047]"
4251,"[1055, 1630, 261, 933, 1680]"
4252,"[990, 1052, 911, 927, 886]"
4253,"[403, 1666, 886, 1630, 1809]"
4254,"[927, 222, 1055, 143, 914]"
4255,"[1930, 1915, 1344, 1193, 327]"
4256,"[1666, 1915, 406, 407, 1930]"
4257,"[1809, 1193, 1026, 1909, 1885]"
4258,"[1666, 1929, 51, 1592, 847]"
4259,"[543, 1826, 824, 1488, 903]"
4260,"[903, 543, 1590, 885, 1079]"
4261,"[1902, 1900, 408, 930, 649]"
4262,"[1042, 1025, 1680, 470, 620]"
4263,"[1666, 1917, 1900, 1930, 1902]"
4264,"[1666, 886, 1030, 1054, 721]"
4265,"[886, 885, 1193, 537, 543]"
4266,"[470, 620, 670, 1042, 1025]"
4267,"[1666, 885, 500, 580, 1915]"
4268,"[1915, 114, 501, 891, 1457]"
4269,"[1026, 1054, 1495, 369, 163]"
4270,"[1915, 1666, 1930, 114, 1193]"
4271,"[1930, 1666, 1915, 1620, 1054]"
4272,"[903, 1026, 470, 620, 1590]"
4273,"[1930, 1915, 1666, 1054, 114]"
4274,"[1666, 468, 1567, 470, 620]"
4275,"[1302, 1902, 903, 1809, 1832]"
4276,"[903, 1193, 114, 543, 1590]"
4277,"[901, 1929, 1592, 18, 1915]"
4278,"[903, 543, 1590, 885, 1079]"
4279,"[531, 1509, 501, 1508, 545]"
4280,"[1207, 1929, 1933, 721, 1680]"
4281,"[1591, 1590, 1592, 990, 911]"
4282,"[499, 1915, 1855, 1846, 1930]"
4283,"[452, 1915, 1902, 1053, 408]"
4284,"[903, 1026, 1915, 1302, 1495]"
4285,"[1592, 1053, 1026, 1590, 886]"
4286,"[903, 1590, 885, 1026, 543]"
4287,"[543, 903, 1488, 1351, 1661]"
4288,"[446, 1026, 1666, 731, 470]"
4289,"[1590, 1666, 407, 406, 1052]"
4290,"[1915, 1929, 1861, 903, 470]"
4291,"[1449, 1043, 543, 1052, 1591]"
4292,"[1809, 1193, 1900, 1916, 927]"
4293,"[1592, 1666, 1929, 1861, 1846]"
4294,"[1666, 1930, 1415, 327, 73]"
4295,"[1592, 1590, 903, 885, 1929]"
4296,"[1915, 1666, 1930, 1027, 1193]"
4297,"[1574, 903, 426, 1898, 1193]"
4298,"[1666, 1930, 1917, 1344, 1900]"
4299,"[616, 618, 443, 1567, 7]"
4300,"[1547, 160, 1302, 1696, 1618]"
4301,"[18, 1679, 41, 659, 616]"
4302,"[612, 788, 1608, 1937, 1191]"
4303,"[471, 16, 579, 1063, 1567]"
4304,"[1656, 1312, 1884, 1722, 708]"
4305,"[678, 700, 686, 676, 690]"
4306,"[687, 1193, 1567, 1070, 1885]"
4307,"[659, 645, 1476, 739, 1482]"
4308,"[692, 452, 688, 1733, 1893]"
4309,"[1924, 478, 552, 1628, 1937]"
4310,"[18, 114, 1472, 1495, 1904]"
4311,"[1192, 1314, 1249, 901, 1564]"
4312,"[1900, 1902, 1917, 114, 1543]"
4313,"[73, 1006, 1242, 1063, 708]"
4314,"[739, 649, 461, 452, 114]"
4315,"[645, 1573, 692, 401, 114]"
4316,"[652, 739, 44, 31, 33]"
4317,"[807, 49, 88, 426, 457]"
4318,"[1656, 1884, 708, 1722, 1599]"
4319,"[1900, 1902, 1917, 114, 1064]"
4320,"[1249, 1924, 478, 555, 258]"
4321,"[692, 1893, 440, 1255, 1204]"
4322,"[114, 449, 1495, 18, 1275]"
4323,"[686, 676, 678, 690, 689]"
4324,"[652, 739, 1204, 1573, 687]"
4325,"[687, 552, 686, 676, 1070]"
4326,"[1717, 1882, 691, 687, 1723]"
4327,"[1924, 478, 1937, 408, 1628]"
4328,"[1696, 1916, 1698, 1677, 1930]"
4329,"[1929, 1592, 535, 1191, 516]"
4330,"[1656, 708, 1312, 687, 1884]"
4331,"[1924, 478, 1937, 1628, 552]"
4332,"[275, 280, 277, 273, 279]"
4333,"[114, 1314, 1275, 449, 618]"
4334,"[692, 1666, 1893, 688, 1929]"
4335,"[1656, 1884, 708, 1722, 1599]"
4336,"[1924, 1618, 1885, 478, 1080]"
4337,"[1567, 1656, 616, 901, 18]"
4338,"[1679, 16, 44, 91, 652]"
4339,"[645, 790, 824, 1495, 1438]"
4340,"[16, 1679, 44, 471, 807]"
4341,"[659, 1902, 1197, 18, 1633]"
4342,"[413, 1587, 884, 44, 401]"
4343,"[1638, 333, 1614, 1639, 1610]"
4344,"[574, 1896, 1599, 1567, 1063]"
4345,"[1937, 1528, 1527, 102, 749]"
4346,"[645, 333, 624, 1639, 1204]"
4347,"[44, 1915, 884, 1521, 665]"
4348,"[1885, 480, 99, 499, 403]"
4349,"[1588, 645, 1462, 1351, 641]"
4350,"[1902, 408, 1900, 114, 1543]"
4351,"[612, 114, 1193, 1619, 1615]"
4352,"[1894, 43, 18, 1567, 1514]"
4353,"[1902, 4, 420, 1900, 98]"
4354,"[807, 1772, 563, 16, 579]"
4355,"[113, 171, 1676, 1534, 1675]"
4356,"[18, 44, 16, 1567, 43]"
4357,"[128, 1191, 1713, 1746, 629]"
4358,"[420, 665, 1902, 629, 628]"
4359,"[1541, 452, 420, 1700, 1073]"
4360,"[420, 1902, 102, 658, 665]"
4361,"[665, 629, 420, 1742, 1063]"
4362,"[1495, 443, 1900, 18, 1902]"
4363,"[1538, 884, 1556, 1885, 1193]"
4364,"[901, 46, 860, 1587, 528]"
4365,"[606, 723, 468, 72, 1679]"
4366,"[1628, 1495, 1313, 1541, 1553]"
4367,"[1495, 1638, 43, 1561, 44]"
4368,"[1541, 1544, 793, 1197, 665]"
4369,"[4, 128, 1902, 530, 102]"
4370,"[884, 1536, 790, 1614, 1638]"
4371,"[658, 1902, 638, 102, 1199]"
4372,"[1902, 420, 1201, 121, 98]"
4373,"[1201, 1893, 904, 1313, 126]"
4374,"[665, 629, 420, 468, 1320]"
4375,"[97, 425, 96, 98, 420]"
4376,"[114, 44, 1192, 43, 116]"
4377,"[531, 1508, 545, 1509, 573]"
4378,"[44, 43, 1638, 1614, 1412]"
4379,"[658, 1889, 102, 629, 296]"
4380,"[1911, 1618, 773, 1615, 402]"
4381,"[102, 420, 1885, 97, 96]"
4382,"[1592, 420, 1902, 665, 723]"
4383,"[18, 1495, 401, 102, 1608]"
4384,"[1733, 645, 691, 1489, 1542]"
4385,"[1666, 1613, 1639, 1255, 333]"
4386,"[707, 1639, 92, 1934, 1696]"
4387,"[739, 18, 48, 624, 639]"
4388,"[468, 1063, 807, 82, 579]"
4389,"[1138, 689, 1709, 1703, 1717]"
4390,"[314, 1694, 899, 119, 118]"
4391,"[1694, 614, 1923, 1193, 313]"
4392,"[651, 666, 99, 614, 69]"
4393,"[1717, 1138, 1923, 118, 1703]"
4394,"[531, 720, 1772, 1509, 51]"
4395,"[1923, 707, 1495, 1696, 1698]"
4396,"[1138, 242, 110, 689, 785]"
4397,"[1138, 689, 1709, 1717, 1703]"
4398,"[1923, 865, 1747, 863, 1138]"
4399,"[1495, 1325, 18, 1438, 1846]"
4400,"[1191, 1193, 1923, 632, 1531]"
4401,"[1115, 334, 1713, 1923, 1934]"
4402,"[1138, 689, 1709, 1703, 1717]"
4403,"[1887, 97, 121, 60, 1700]"
4404,"[1694, 1923, 118, 865, 863]"
4405,"[1733, 314, 1693, 118, 506]"
4406,"[1694, 614, 1138, 1193, 1709]"
4407,"[1923, 865, 863, 1747, 1115]"
4408,"[1923, 1694, 51, 847, 66]"
4409,"[78, 1138, 446, 1717, 613]"
4410,"[796, 1913, 128, 468, 1712]"
4411,"[1902, 1900, 1064, 1115, 1934]"
4412,"[1923, 865, 863, 1747, 612]"
4413,"[446, 613, 1138, 612, 1709]"
4414,"[1923, 1747, 865, 863, 314]"
4415,"[114, 588, 449, 1275, 265]"
4416,"[1923, 865, 1747, 863, 655]"
4417,"[1694, 1138, 1709, 417, 613]"
4418,"[1733, 1138, 691, 515, 689]"
4419,"[689, 1138, 1703, 1709, 1717]"
4420,"[1923, 865, 1747, 863, 1925]"
4421,"[1900, 1902, 1495, 114, 655]"
4422,"[446, 613, 1138, 612, 1709]"
4423,"[865, 1747, 863, 1138, 1923]"
4424,"[1629, 1562, 1489, 1589, 1561]"
4425,"[1204, 1934, 665, 723, 1923]"
4426,"[1742, 1923, 1534, 1564, 1542]"
4427,"[1138, 1709, 1742, 689, 1703]"
4428,"[563, 575, 564, 571, 568]"
4429,"[1239, 417, 446, 1694, 692]"
4430,"[1923, 1495, 1747, 863, 865]"
4431,"[16, 114, 1567, 1611, 1896]"
4432,"[110, 1567, 114, 16, 1692]"
4433,"[903, 1032, 114, 1567, 1588]"
4434,"[114, 16, 1567, 1611, 1588]"
4435,"[16, 114, 1588, 535, 507]"
4436,"[16, 1567, 114, 1896, 1884]"
4437,"[1567, 16, 1924, 478, 114]"
4438,"[16, 1191, 1611, 114, 455]"
4439,"[926, 869, 877, 880, 876]"
4440,"[16, 1611, 1191, 114, 1567]"
4441,"[114, 1924, 478, 455, 1884]"
4442,"[16, 1611, 114, 535, 1567]"
4443,"[16, 114, 1567, 132, 507]"
4444,"[16, 1611, 1191, 114, 507]"
4445,"[1567, 16, 535, 114, 692]"
4446,"[16, 114, 1611, 1191, 1567]"
4447,"[16, 114, 1929, 903, 1611]"
4448,"[903, 114, 455, 1567, 540]"
4449,"[16, 1567, 114, 110, 132]"
4450,"[114, 1618, 95, 16, 93]"
4451,"[1567, 16, 114, 507, 455]"
4452,"[1567, 1588, 1615, 1618, 114]"
4453,"[16, 1611, 114, 507, 1567]"
4454,"[1567, 16, 114, 1611, 1618]"
4455,"[16, 1611, 114, 1204, 1567]"
4456,"[16, 114, 1611, 1567, 1588]"
4457,"[16, 114, 1567, 507, 1617]"
4458,"[1567, 16, 114, 132, 535]"
4459,"[16, 114, 110, 1567, 535]"
4460,"[1191, 1071, 114, 868, 1896]"
4461,"[1567, 16, 114, 132, 390]"
4462,"[1567, 114, 16, 132, 579]"
4463,"[16, 1611, 114, 110, 1567]"
4464,"[16, 1611, 114, 1113, 1191]"
4465,"[1567, 114, 1588, 1884, 16]"
4466,"[1191, 114, 16, 1567, 455]"
4467,"[1567, 114, 16, 807, 1896]"
4468,"[114, 1567, 16, 455, 113]"
4469,"[16, 1611, 114, 1567, 507]"
4470,"[1899, 1910, 106, 114, 16]"
4471,"[1618, 1627, 691, 409, 1905]"
4472,"[1567, 114, 1406, 16, 1336]"
4473,"[16, 114, 1611, 1567, 888]"
4474,"[114, 1567, 16, 1588, 1157]"
4475,"[1193, 368, 1567, 1618, 1896]"
4476,"[608, 1725, 739, 740, 781]"
4477,"[1567, 368, 372, 132, 1618]"
4478,"[132, 1567, 368, 372, 1157]"
4479,"[1607, 1896, 1725, 608, 768]"
4480,"[1567, 1113, 368, 16, 1930]"
4481,"[501, 1809, 1339, 608, 1738]"
4482,"[1567, 114, 16, 1896, 132]"
4483,"[1193, 1567, 1885, 1191, 368]"
4484,"[1567, 1896, 54, 57, 58]"
4485,"[1567, 1733, 1192, 95, 37]"
4486,"[1567, 16, 132, 114, 1611]"
4487,"[452, 893, 403, 368, 1721]"
4488,"[372, 368, 1607, 1098, 1072]"
4489,"[1567, 1896, 37, 1885, 1072]"
4490,"[1567, 668, 37, 1885, 1896]"
4491,"[1249, 1896, 1567, 1904, 645]"
4492,"[1607, 1608, 1896, 1517, 886]"
4493,"[1896, 1607, 1608, 1567, 1885]"
4494,"[1072, 1620, 1907, 1615, 1896]"
4495,"[1613, 291, 1896, 1191, 1537]"
4496,"[1896, 1607, 739, 132, 372]"
4497,"[1204, 368, 1499, 1457, 547]"
4498,"[1567, 37, 668, 1907, 1896]"
4499,"[1904, 1212, 1191, 1193, 1567]"
4500,"[368, 1072, 1896, 1495, 1721]"
4501,"[1733, 608, 1725, 739, 773]"
4502,"[116, 1724, 1067, 451, 1889]"
4503,"[1567, 1896, 16, 114, 1608]"
4504,"[16, 1567, 1772, 579, 595]"
4505,"[903, 1472, 115, 1477, 114]"
4506,"[1567, 1896, 1618, 1192, 114]"
4507,"[1567, 933, 95, 93, 37]"
4508,"[1567, 37, 1896, 1885, 95]"
4509,"[1733, 1157, 691, 54, 57]"
4510,"[1896, 1191, 1567, 1607, 1157]"
4511,"[1613, 1542, 1530, 1191, 1193]"
4512,"[901, 1202, 410, 1567, 368]"
4513,"[1567, 132, 372, 1603, 368]"
4514,"[1896, 368, 1191, 1567, 1885]"
4515,"[1607, 368, 1896, 1072, 132]"
4516,"[677, 1389, 1567, 513, 1193]"
4517,"[1615, 1613, 1072, 1896, 1907]"
4518,"[132, 1567, 135, 372, 1157]"
4519,"[1204, 807, 16, 606, 44]"
4520,"[18, 1495, 606, 1581, 114]"
4521,"[445, 807, 1573, 1733, 114]"
4522,"[47, 1573, 700, 110, 16]"
4523,"[618, 393, 304, 612, 114]"
4524,"[269, 1742, 1204, 1679, 884]"
4525,"[1204, 468, 1679, 1567, 641]"
4526,"[807, 580, 691, 647, 16]"
4527,"[18, 1495, 269, 1204, 807]"
4528,"[632, 1574, 1573, 807, 691]"
4529,"[16, 1567, 1742, 579, 632]"
4530,"[1121, 401, 700, 1715, 1717]"
4531,"[807, 1679, 468, 1717, 1573]"
4532,"[645, 269, 44, 641, 692]"
4533,"[160, 1900, 925, 938, 928]"
4534,"[655, 1679, 649, 1742, 468]"
4535,"[1574, 807, 1063, 1679, 468]"
4536,"[445, 1459, 565, 636, 641]"
4537,"[1204, 478, 43, 807, 44]"
4538,"[474, 1314, 18, 1249, 807]"
4539,"[269, 110, 78, 17, 44]"
4540,"[884, 630, 641, 1574, 1204]"
4541,"[1191, 807, 1204, 1666, 632]"
4542,"[18, 95, 784, 1902, 618]"
4543,"[691, 1733, 739, 1573, 54]"
4544,"[606, 7, 723, 652, 1204]"
4545,"[16, 1204, 606, 269, 807]"
4546,"[807, 668, 1204, 635, 1691]"
4547,"[1733, 446, 691, 1204, 1567]"
4548,"[807, 1287, 1204, 1573, 649]"
4549,"[269, 1495, 18, 612, 1204]"
4550,"[18, 114, 1472, 1495, 1587]"
4551,"[831, 884, 269, 1574, 639]"
4552,"[1573, 660, 1588, 114, 640]"
4553,"[1403, 1579, 661, 691, 630]"
4554,"[1581, 661, 316, 1568, 1039]"
4555,"[1893, 872, 420, 1778, 1320]"
4556,"[269, 1204, 261, 807, 233]"
4557,"[1191, 624, 1567, 884, 16]"
4558,"[807, 661, 1567, 411, 592]"
4559,"[402, 1204, 114, 1266, 405]"
4560,"[114, 1900, 1902, 116, 1917]"
4561,"[114, 1896, 1573, 1608, 1204]"
4562,"[374, 1900, 1249, 1022, 128]"
4563,"[44, 43, 114, 1656, 1610]"
4564,"[1900, 114, 1902, 1715, 1656]"
4565,"[501, 403, 16, 1691, 1339]"
4566,"[452, 1300, 1861, 811, 1301]"
4567,"[575, 564, 574, 563, 567]"
4568,"[1900, 1902, 1495, 1915, 114]"
4569,"[413, 1588, 1897, 1922, 500]"
4570,"[1894, 1588, 1620, 1885, 1191]"
4571,"[1929, 1592, 1603, 406, 407]"
4572,"[1809, 1193, 1252, 425, 886]"
4573,"[432, 1263, 438, 433, 1636]"
4574,"[478, 1561, 609, 624, 1723]"
4575,"[1900, 1495, 1902, 114, 18]"
4576,"[1567, 901, 114, 1472, 1249]"
4577,"[408, 1900, 1917, 114, 1193]"
4578,"[1900, 1068, 1902, 1066, 114]"
4579,"[1239, 1191, 43, 1588, 1192]"
4580,"[1717, 91, 1723, 687, 468]"
4581,"[1588, 43, 1529, 1567, 44]"
4582,"[1193, 1809, 1900, 886, 425]"
4583,"[432, 1676, 1263, 1915, 632]"
4584,"[807, 1573, 1204, 471, 18]"
4585,"[1495, 1900, 403, 1607, 901]"
4586,"[1529, 1191, 46, 606, 43]"
4587,"[1906, 1529, 1567, 1071, 289]"
4588,"[1809, 1193, 1909, 1620, 927]"
4589,"[1649, 1934, 421, 265, 1900]"
4590,"[1574, 106, 1193, 1907, 1894]"
4591,"[1861, 1846, 1855, 425, 1320]"
4592,"[534, 1809, 446, 1364, 1322]"
4593,"[901, 659, 1302, 807, 1861]"
4594,"[1472, 723, 825, 446, 1495]"
4595,"[1900, 739, 1902, 1603, 334]"
4596,"[1900, 1567, 478, 1902, 1907]"
4597,"[1587, 1613, 1588, 43, 927]"
4598,"[1608, 1896, 401, 807, 884]"
4599,"[1567, 1904, 95, 1896, 1587]"
4600,"[403, 445, 1438, 502, 901]"
4601,"[1304, 1301, 885, 452, 1548]"
4602,"[1574, 1900, 785, 1193, 426]"
4603,"[1917, 408, 1900, 1902, 18]"
4604,"[1612, 1574, 1620, 1927, 1074]"
4605,"[1809, 513, 1894, 46, 1567]"
4606,"[413, 1587, 43, 1904, 1588]"
4607,"[1924, 478, 1937, 114, 807]"
4608,"[1279, 438, 1138, 1263, 446]"
4609,"[1269, 1936, 1197, 1104, 329]"
4610,"[1928, 1588, 1906, 1808, 1676]"
4611,"[425, 1279, 1746, 1255, 891]"
4612,"[1279, 443, 452, 49, 88]"
4613,"[1936, 116, 1495, 1279, 1900]"
4614,"[1279, 448, 1293, 1108, 1636]"
4615,"[1906, 1928, 1588, 1528, 1916]"
4616,"[1607, 438, 1676, 1636, 1277]"
4617,"[1936, 1277, 114, 1676, 1279]"
4618,"[1279, 1677, 522, 1824, 1870]"
4619,"[409, 1748, 1746, 868, 1487]"
4620,"[98, 96, 97, 102, 1638]"
4621,"[1638, 1285, 17, 606, 1608]"
4622,"[1936, 1279, 1277, 1638, 1295]"
4623,"[1279, 1495, 1302, 1902, 1325]"
4624,"[448, 1885, 1936, 1524, 782]"
4625,"[1885, 1279, 1104, 1123, 1269]"
4626,"[1279, 1250, 1088, 723, 17]"
4627,"[1301, 1473, 1279, 404, 1277]"
4628,"[1279, 1277, 446, 1066, 347]"
4629,"[1936, 1900, 1279, 1902, 1192]"
4630,"[1191, 692, 501, 1534, 1726]"
4631,"[1742, 1564, 1489, 1542, 1279]"
4632,"[403, 1809, 452, 1846, 1301]"
4633,"[16, 135, 1724, 114, 1611]"
4634,"[1495, 1473, 1277, 1915, 1691]"
4635,"[1279, 1603, 403, 1919, 1169]"
4636,"[1928, 1588, 1906, 1529, 1528]"
4637,"[1900, 1902, 1279, 7, 114]"
4638,"[1936, 1277, 1279, 1638, 1295]"
4639,"[1924, 478, 1937, 1677, 1304]"
4640,"[723, 1244, 423, 739, 1267]"
4641,"[1561, 773, 1936, 1915, 1902]"
4642,"[1869, 42, 1474, 1902, 1495]"
4643,"[1084, 1265, 1279, 1088, 1687]"
4644,"[1936, 113, 1915, 1277, 416]"
4645,"[1674, 892, 1673, 1677, 128]"
4646,"[446, 411, 412, 1239, 416]"
4647,"[612, 1607, 1608, 1517, 1896]"
4648,"[1472, 1826, 512, 510, 1825]"
4649,"[606, 723, 1279, 261, 233]"
4650,"[1742, 1902, 1279, 444, 448]"
4651,"[416, 1313, 46, 1239, 1902]"
4652,"[1119, 1117, 1923, 864, 807]"
4653,"[632, 52, 417, 408, 1495]"
4654,"[1902, 91, 1900, 114, 446]"
4655,"[1588, 1620, 110, 1888, 1542]"
4656,"[632, 52, 46, 1247, 417]"
4657,"[1495, 892, 18, 1364, 1826]"
4658,"[1902, 1313, 1900, 46, 1247]"
4659,"[632, 1588, 52, 1077, 1846]"
4660,"[632, 242, 52, 417, 1575]"
4661,"[632, 446, 411, 1733, 1247]"
4662,"[42, 1358, 1400, 1433, 499]"
4663,"[420, 1247, 1861, 1320, 165]"
4664,"[1055, 861, 1247, 1435, 224]"
4665,"[632, 723, 52, 1247, 91]"
4666,"[884, 807, 16, 1204, 641]"
4667,"[46, 126, 4, 1889, 1201]"
4668,"[114, 394, 807, 1193, 1281]"
4669,"[1902, 1495, 1302, 1900, 1809]"
4670,"[1902, 1885, 1907, 478, 1545]"
4671,"[46, 1522, 632, 1412, 1457]"
4672,"[552, 1268, 300, 284, 369]"
4673,"[927, 1588, 417, 446, 171]"
4674,"[632, 1239, 1573, 417, 1320]"
4675,"[739, 1846, 452, 1495, 1320]"
4676,"[632, 417, 52, 1608, 1247]"
4677,"[624, 425, 417, 416, 611]"
4678,"[1320, 420, 1700, 1548, 1540]"
4679,"[624, 416, 417, 610, 414]"
4680,"[1902, 1900, 66, 114, 1495]"
4681,"[128, 807, 52, 46, 1882]"
4682,"[446, 807, 575, 798, 16]"
4683,"[1608, 1607, 1896, 1638, 612]"
4684,"[446, 43, 861, 807, 1204]"
4685,"[739, 691, 68, 242, 1581]"
4686,"[1772, 1320, 1495, 531, 51]"
4687,"[452, 1300, 1873, 1836, 1825]"
4688,"[114, 1495, 807, 95, 443]"
4689,"[632, 52, 417, 1247, 1063]"
4690,"[446, 1193, 1495, 43, 878]"
4691,"[1902, 91, 1900, 1608, 446]"
4692,"[824, 417, 823, 446, 1567]"
4693,"[443, 1, 1495, 1900, 1204]"
4694,"[1861, 236, 232, 1003, 237]"
4695,"[128, 468, 1001, 916, 988]"
4696,"[739, 110, 1275, 449, 901]"
4697,"[220, 1058, 229, 1005, 691]"
4698,"[647, 1320, 580, 18, 575]"
4699,"[128, 468, 861, 1063, 1249]"
4700,"[1287, 1895, 828, 1567, 691]"
4701,"[1895, 1267, 1902, 624, 1900]"
4702,"[113, 1897, 1922, 927, 1193]"
4703,"[48, 1587, 16, 495, 43]"
4704,"[368, 1905, 1627, 1113, 1913]"
4705,"[1249, 401, 884, 1287, 48]"
4706,"[733, 401, 801, 1287, 47]"
4707,"[1929, 1592, 1869, 1287, 807]"
4708,"[561, 1009, 933, 262, 580]"
4709,"[1006, 1587, 18, 1581, 655]"
4710,"[927, 1915, 1666, 659, 17]"
4711,"[401, 1193, 16, 1717, 1567]"
4712,"[884, 624, 1287, 41, 468]"
4713,"[1287, 1897, 1922, 1495, 1192]"
4714,"[891, 807, 606, 1204, 691]"
4715,"[1915, 1562, 1805, 54, 57]"
4716,"[632, 1138, 1204, 659, 807]"
4717,"[739, 1587, 807, 630, 48]"
4718,"[1603, 884, 51, 860, 556]"
4719,"[639, 641, 807, 44, 1573]"
4720,"[1213, 1287, 468, 1624, 1194]"
4721,"[224, 105, 1785, 259, 1324]"
4722,"[1567, 579, 16, 1063, 575]"
4723,"[927, 468, 1574, 1679, 1006]"
4724,"[1929, 927, 561, 860, 1249]"
4725,"[82, 1287, 991, 1682, 807]"
4726,"[401, 1681, 82, 1192, 47]"
4727,"[1896, 1897, 1922, 1608, 257]"
4728,"[1587, 3, 48, 1287, 1249]"
4729,"[739, 468, 16, 807, 801]"
4730,"[1581, 1897, 1922, 1032, 527]"
4731,"[13, 801, 1287, 1570, 1895]"
4732,"[1592, 82, 1287, 1570, 1015]"
4733,"[242, 412, 1343, 417, 1772]"
4734,"[1592, 639, 1457, 502, 1855]"
4735,"[1619, 114, 1676, 1897, 1922]"
4736,"[254, 48, 655, 468, 1287]"
4737,"[82, 691, 1287, 1314, 807]"
4738,"[632, 739, 114, 1902, 18]"
4739,"[478, 1924, 1197, 807, 1915]"
4740,"[1573, 565, 1238, 1495, 16]"
4741,"[51, 1902, 114, 1900, 847]"
4742,"[649, 1902, 114, 635, 1302]"
4743,"[1197, 903, 114, 1567, 16]"
4744,"[1900, 114, 1733, 1902, 116]"
4745,"[478, 1924, 1314, 1197, 411]"
4746,"[1900, 116, 1902, 1884, 420]"
4747,"[1197, 1900, 478, 116, 1902]"
4748,"[660, 807, 1884, 1197, 16]"
4749,"[1924, 478, 1197, 1884, 1204]"
4750,"[1924, 478, 1495, 1515, 1900]"
4751,"[478, 1924, 1900, 1197, 649]"
4752,"[80, 1233, 1884, 339, 1193]"
4753,"[1884, 1924, 478, 1890, 116]"
4754,"[116, 1884, 48, 114, 1197]"
4755,"[478, 1924, 1197, 1915, 1884]"
4756,"[1924, 478, 114, 1567, 1884]"
4757,"[1924, 478, 1197, 116, 1900]"
4758,"[1614, 44, 1610, 1521, 116]"
4759,"[478, 1924, 1197, 1204, 116]"
4760,"[1885, 901, 1916, 1495, 478]"
4761,"[1924, 478, 1197, 1900, 1495]"
4762,"[1733, 116, 1884, 16, 446]"
4763,"[116, 128, 478, 1924, 1691]"
4764,"[114, 16, 478, 1924, 1197]"
4765,"[1924, 478, 1900, 1197, 1902]"
4766,"[114, 116, 1733, 807, 1204]"
4767,"[1742, 1924, 478, 1733, 1884]"
4768,"[1924, 478, 1495, 443, 1515]"
4769,"[1924, 478, 1197, 1884, 1434]"
4770,"[1733, 16, 478, 1924, 408]"
4771,"[723, 51, 773, 1581, 114]"
4772,"[1884, 48, 1197, 16, 1924]"
4773,"[1733, 691, 1495, 1924, 1915]"
4774,"[1495, 1902, 1900, 16, 18]"
4775,"[1884, 48, 16, 1567, 1197]"
4776,"[1884, 16, 116, 1197, 48]"
4777,"[114, 1917, 116, 691, 1495]"
4778,"[1884, 1924, 48, 1197, 116]"
4779,"[478, 1924, 1457, 1915, 51]"
4780,"[1924, 478, 1900, 1902, 114]"
4781,"[1936, 1495, 1197, 1277, 1900]"
4782,"[1924, 478, 116, 1884, 1197]"
4783,"[413, 691, 446, 478, 43]"
4784,"[445, 1900, 18, 16, 44]"
4785,"[114, 1275, 688, 1444, 449]"
4786,"[1902, 401, 114, 478, 1204]"
4787,"[691, 1733, 445, 807, 1204]"
4788,"[1197, 471, 1495, 113, 1897]"
4789,"[478, 1924, 892, 1197, 1608]"
4790,"[16, 468, 579, 1438, 1567]"
4791,"[723, 1884, 1197, 16, 48]"
4792,"[1495, 16, 1900, 443, 1902]"
4793,"[575, 563, 568, 564, 571]"
4794,"[807, 1495, 18, 1900, 1204]"
4795,"[773, 1204, 647, 16, 1772]"
4796,"[1192, 641, 1573, 884, 645]"
4797,"[116, 1724, 113, 1113, 1896]"
4798,"[1896, 1900, 114, 116, 1157]"
4799,"[413, 1587, 44, 43, 478]"
4800,"[114, 478, 612, 1192, 1239]"
4801,"[588, 114, 16, 1457, 501]"
4802,"[1197, 1613, 1733, 114, 691]"
4803,"[18, 114, 445, 1495, 668]"
4804,"[1197, 478, 1471, 1924, 553]"
4805,"[445, 16, 1679, 1717, 687]"
4806,"[388, 114, 18, 1916, 1161]"
4807,"[1894, 416, 1608, 532, 1204]"
4808,"[1924, 478, 401, 1515, 1192]"
4809,"[114, 1884, 1924, 1249, 860]"
4810,"[1924, 478, 401, 541, 1515]"
4811,"[723, 1884, 691, 54, 57]"
4812,"[1302, 1193, 421, 114, 807]"
4813,"[1884, 16, 1197, 48, 1924]"
4814,"[884, 478, 1581, 1197, 1924]"
4815,"[114, 18, 1192, 471, 1204]"
4816,"[16, 807, 44, 1772, 1204]"
4817,"[807, 445, 1204, 606, 662]"
4818,"[1192, 884, 401, 641, 1608]"
4819,"[891, 478, 468, 1679, 579]"
4820,"[1567, 807, 1204, 16, 401]"
4821,"[18, 114, 445, 1472, 401]"
4822,"[1924, 478, 1197, 1204, 541]"
4823,"[445, 401, 884, 641, 413]"
4824,"[16, 807, 1772, 44, 1567]"
4825,"[401, 1915, 1567, 807, 632]"
4826,"[1924, 478, 807, 16, 1567]"
4827,"[501, 322, 1676, 1404, 1472]"
4828,"[1617, 1555, 292, 1655, 1722]"
4829,"[1618, 1249, 1304, 1032, 1301]"
4830,"[114, 1249, 125, 691, 1561]"
4831,"[1906, 1928, 1916, 1473, 501]"
4832,"[1472, 114, 1325, 331, 501]"
4833,"[1193, 927, 1587, 892, 501]"
4834,"[1617, 1193, 926, 1702, 292]"
4835,"[292, 1655, 1555, 468, 717]"
4836,"[892, 868, 1886, 1197, 773]"
4837,"[1249, 1618, 1071, 868, 1748]"
4838,"[1588, 1587, 892, 43, 1907]"
4839,"[501, 1457, 773, 691, 1404]"
4840,"[501, 1495, 18, 1587, 1472]"
4841,"[1907, 1065, 1885, 1900, 1620]"
4842,"[892, 1886, 1561, 1618, 773]"
4843,"[1893, 1618, 1886, 1885, 868]"
4844,"[1617, 773, 1737, 1125, 1740]"
4845,"[926, 869, 880, 882, 877]"
4846,"[1193, 1032, 1885, 1927, 1907]"
4847,"[926, 1561, 1618, 125, 116]"
4848,"[1916, 1030, 1561, 773, 1032]"
4849,"[1924, 160, 1588, 1619, 1032]"
4850,"[1193, 1915, 1917, 868, 1748]"
4851,"[1193, 1915, 927, 892, 1587]"
4852,"[501, 1457, 773, 1404, 1202]"
4853,"[501, 1457, 1404, 331, 1676]"
4854,"[1902, 1618, 114, 1900, 414]"
4855,"[1191, 892, 1587, 331, 1927]"
4856,"[926, 1618, 1617, 876, 900]"
4857,"[1193, 927, 1032, 1635, 691]"
4858,"[1886, 1249, 1068, 43, 1884]"
4859,"[926, 900, 868, 1249, 1550]"
4860,"[417, 1558, 446, 1709, 31]"
4861,"[1193, 114, 1598, 18, 927]"
4862,"[1618, 1885, 1032, 926, 1887]"
4863,"[927, 1495, 1915, 1902, 1561]"
4864,"[1916, 900, 1906, 1030, 1032]"
4865,"[1193, 1885, 1909, 1618, 501]"
4866,"[884, 322, 1676, 114, 501]"
4867,"[1193, 1032, 1618, 1900, 1927]"
4868,"[1193, 927, 1619, 1673, 1886]"
4869,"[892, 1886, 1900, 868, 1587]"
4870,"[926, 900, 1618, 901, 1915]"
4871,"[739, 1573, 807, 641, 1204]"
4872,"[739, 1733, 1292, 54, 57]"
4873,"[739, 825, 1292, 692, 120]"
4874,"[798, 47, 636, 120, 815]"
4875,"[48, 807, 1573, 739, 632]"
4876,"[825, 1292, 1276, 1080, 438]"
4877,"[807, 120, 636, 645, 1573]"
4878,"[739, 807, 1292, 120, 1204]"
4879,"[1733, 691, 798, 1495, 1314]"
4880,"[1568, 1703, 1709, 821, 655]"
4881,"[636, 443, 120, 1495, 468]"
4882,"[120, 815, 636, 1292, 1338]"
4883,"[786, 739, 787, 1455, 408]"
4884,"[120, 401, 47, 645, 815]"
4885,"[534, 408, 739, 691, 225]"
4886,"[16, 739, 1573, 48, 807]"
4887,"[114, 739, 807, 375, 1292]"
4888,"[18, 1204, 645, 807, 1567]"
4889,"[739, 807, 661, 1567, 655]"
4890,"[120, 815, 1292, 798, 636]"
4891,"[739, 1733, 691, 1573, 446]"
4892,"[120, 1338, 1733, 636, 408]"
4893,"[120, 815, 1292, 636, 218]"
4894,"[120, 927, 636, 785, 1292]"
4895,"[1113, 1567, 368, 1157, 16]"
4896,"[120, 815, 1292, 798, 636]"
4897,"[636, 114, 645, 807, 1403]"
4898,"[120, 65, 63, 1292, 1573]"
4899,"[739, 1292, 120, 1717, 16]"
4900,"[739, 632, 390, 807, 1204]"
4901,"[1573, 114, 645, 739, 32]"
4902,"[1733, 739, 691, 1495, 408]"
4903,"[739, 1204, 807, 645, 1742]"
4904,"[18, 1573, 1363, 1472, 1495]"
4905,"[401, 739, 120, 612, 1292]"
4906,"[1204, 804, 1573, 739, 807]"
4907,"[632, 692, 612, 1666, 614]"
4908,"[1573, 660, 641, 692, 120]"
4909,"[1588, 739, 1204, 18, 798]"
4910,"[120, 1113, 47, 815, 1292]"
4911,"[807, 1674, 18, 892, 1437]"
4912,"[120, 1733, 95, 636, 807]"
4913,"[314, 1504, 899, 401, 1693]"
4914,"[1742, 1567, 645, 1063, 807]"
4915,"[1193, 1562, 1608, 1896, 884]"
4916,"[811, 114, 1071, 1562, 868]"
4917,"[1448, 1074, 1531, 1567, 1349]"
4918,"[446, 1068, 1193, 425, 417]"
4919,"[886, 419, 1193, 537, 1351]"
4920,"[1071, 868, 1748, 1588, 811]"
4921,"[1193, 425, 446, 1025, 1026]"
4922,"[18, 1826, 114, 1472, 1495]"
4923,"[1193, 1588, 1676, 1574, 1618]"
4924,"[1861, 16, 611, 1567, 417]"
4925,"[49, 1257, 426, 1898, 1453]"
4926,"[1846, 1902, 915, 1567, 914]"
4927,"[1193, 886, 1351, 1620, 1032]"
4928,"[403, 1495, 505, 1809, 519]"
4929,"[18, 1480, 1861, 823, 446]"
4930,"[505, 519, 1457, 1809, 623]"
4931,"[1193, 1351, 537, 1411, 1909]"
4932,"[446, 505, 1239, 417, 612]"
4933,"[886, 1193, 419, 537, 1666]"
4934,"[1193, 1909, 886, 1620, 406]"
4935,"[904, 1067, 1070, 1567, 868]"
4936,"[1930, 1591, 990, 1592, 886]"
4937,"[419, 160, 1562, 406, 165]"
4938,"[1861, 1, 16, 606, 1567]"
4939,"[452, 1861, 1300, 1733, 403]"
4940,"[1861, 1560, 1531, 1906, 403]"
4941,"[1351, 1193, 885, 1620, 1861]"
4942,"[505, 1495, 1401, 1809, 403]"
4943,"[1562, 1534, 1588, 1542, 1618]"
4944,"[1666, 406, 407, 1567, 160]"
4945,"[1567, 1861, 1063, 1915, 1193]"
4946,"[1193, 425, 1620, 1809, 886]"
4947,"[417, 446, 1193, 1607, 1638]"
4948,"[1567, 1193, 1574, 905, 426]"
4949,"[1193, 1351, 419, 537, 1620]"
4950,"[1666, 919, 406, 407, 1193]"
4951,"[1193, 1620, 1909, 406, 407]"
4952,"[1861, 16, 1567, 417, 452]"
4953,"[1193, 1909, 1567, 1620, 927]"
4954,"[162, 165, 925, 174, 928]"
4955,"[1861, 403, 1300, 452, 1301]"
4956,"[1894, 1567, 579, 588, 595]"
4957,"[446, 1861, 1448, 425, 677]"
4958,"[1562, 609, 417, 773, 403]"
4959,"[468, 805, 8, 35, 38]"
4960,"[1882, 1805, 1244, 423, 1126]"
4961,"[927, 892, 1244, 423, 1902]"
4962,"[125, 1244, 423, 1702, 580]"
4963,"[1244, 1619, 125, 423, 891]"
4964,"[1861, 1618, 1855, 1846, 1733]"
4965,"[128, 1588, 691, 265, 420]"
4966,"[578, 580, 600, 596, 598]"
4967,"[1855, 1846, 1861, 1900, 1640]"
4968,"[423, 402, 1575, 606, 446]"
4969,"[423, 1244, 624, 1124, 661]"
4970,"[1244, 423, 125, 1690, 1618]"
4971,"[125, 114, 1495, 18, 1344]"
4972,"[4, 468, 578, 574, 28]"
4973,"[1126, 423, 1244, 652, 1702]"
4974,"[1900, 1743, 1658, 708, 51]"
4975,"[125, 423, 1244, 1126, 1491]"
4976,"[1244, 423, 125, 1702, 1550]"
4977,"[927, 411, 1733, 446, 1855]"
4978,"[1733, 423, 1244, 691, 446]"
4979,"[1882, 31, 33, 580, 337]"
4980,"[1126, 468, 1244, 423, 1124]"
4981,"[1244, 423, 1126, 1612, 1702]"
4982,"[1244, 423, 125, 1702, 1619]"
4983,"[125, 1244, 423, 1557, 1702]"
4984,"[1491, 1442, 1555, 1412, 1618]"
4985,"[125, 423, 1244, 1702, 1126]"
4986,"[1191, 409, 102, 98, 97]"
4987,"[612, 1006, 446, 43, 1575]"
4988,"[1675, 1181, 365, 1676, 322]"
4989,"[1244, 423, 125, 1702, 524]"
4990,"[423, 1550, 1244, 125, 1619]"
4991,"[1244, 125, 423, 1618, 1915]"
4992,"[125, 1244, 423, 1675, 1676]"
4993,"[1244, 423, 125, 1702, 1442]"
4994,"[1573, 640, 660, 615, 1588]"
4995,"[1244, 423, 125, 1702, 1442]"
4996,"[1861, 1567, 1855, 1003, 232]"
4997,"[1244, 423, 125, 1550, 1558]"
4998,"[420, 1547, 1244, 423, 1907]"
4999,"[423, 1244, 125, 472, 102]"
5000,"[160, 930, 1670, 1244, 423]"
5001,"[1244, 423, 892, 1612, 868]"
5002,"[125, 1244, 423, 1702, 902]"
5003,"[1924, 478, 333, 1695, 1639]"
5004,"[478, 1924, 1915, 1030, 655]"
5005,"[1923, 865, 863, 1747, 1915]"
5006,"[468, 807, 1679, 1742, 1438]"
5007,"[1924, 478, 1934, 1560, 1525]"
5008,"[1886, 18, 114, 1559, 1639]"
5009,"[1885, 478, 1924, 1902, 499]"
5010,"[341, 1934, 265, 374, 1525]"
5011,"[1924, 478, 408, 114, 116]"
5012,"[1900, 1495, 655, 1574, 1567]"
5013,"[341, 1934, 1073, 1717, 265]"
5014,"[1547, 1885, 1528, 1549, 1937]"
5015,"[1924, 478, 1884, 1561, 1536]"
5016,"[1924, 1639, 1696, 478, 1504]"
5017,"[1924, 478, 1388, 1224, 1702]"
5018,"[277, 333, 334, 279, 1639]"
5019,"[1561, 478, 1934, 1924, 1560]"
5020,"[478, 1924, 1885, 1561, 1560]"
5021,"[333, 1525, 1639, 1924, 1504]"
5022,"[1924, 478, 114, 1917, 541]"
5023,"[1368, 1524, 453, 1224, 1572]"
5024,"[1733, 1560, 1924, 442, 1525]"
5025,"[478, 1924, 1733, 691, 446]"
5026,"[1924, 478, 1884, 1197, 655]"
5027,"[478, 1924, 1495, 1516, 116]"
5028,"[290, 927, 1915, 1696, 1567]"
5029,"[1937, 1500, 1504, 528, 1363]"
5030,"[1772, 927, 649, 1855, 1846]"
5031,"[1924, 478, 655, 1495, 1861]"
5032,"[1885, 500, 1524, 453, 1455]"
5033,"[1733, 1639, 1698, 691, 116]"
5034,"[1885, 1561, 1588, 1639, 1524]"
5035,"[1516, 1885, 478, 1193, 1924]"
5036,"[1924, 478, 420, 1846, 1549]"
5037,"[1924, 478, 341, 1934, 265]"
5038,"[1924, 478, 1639, 807, 1937]"
5039,"[468, 1063, 443, 531, 128]"
5040,"[333, 341, 1639, 1128, 1696]"
5041,"[1900, 773, 739, 608, 1737]"
5042,"[1934, 341, 1695, 1639, 1696]"
5043,"[1924, 478, 128, 1748, 1915]"
5044,"[1924, 478, 1495, 1900, 1915]"
5045,"[807, 1639, 478, 1924, 96]"
5046,"[1885, 478, 116, 1588, 1193]"
5047,"[1434, 1447, 1497, 1491, 552]"
5048,"[1929, 114, 1592, 1358, 108]"
5049,"[1929, 1592, 1721, 1191, 108]"
5050,"[1618, 80, 1721, 900, 108]"
5051,"[1497, 1491, 1406, 44, 1804]"
5052,"[853, 1406, 1929, 1497, 1491]"
5053,"[80, 1721, 108, 1724, 116]"
5054,"[1098, 1437, 1411, 1392, 445]"
5055,"[1098, 445, 446, 579, 417]"
5056,"[108, 51, 1721, 697, 847]"
5057,"[80, 1929, 1592, 853, 51]"
5058,"[114, 1192, 471, 1567, 1491]"
5059,"[505, 853, 1929, 606, 1603]"
5060,"[1618, 1495, 492, 505, 697]"
5061,"[1617, 292, 1655, 1722, 1555]"
5062,"[1617, 1924, 1555, 292, 1702]"
5063,"[1453, 95, 1358, 1193, 1567]"
5064,"[1617, 292, 1555, 1702, 114]"
5065,"[1617, 292, 1655, 125, 1702]"
5066,"[1617, 292, 1722, 1655, 1555]"
5067,"[1617, 292, 1702, 1722, 1194]"
5068,"[1617, 1555, 292, 1722, 1655]"
5069,"[292, 1722, 1617, 1655, 1884]"
5070,"[1617, 292, 1722, 1655, 1555]"
5071,"[73, 468, 82, 37, 1772]"
5072,"[1617, 1924, 891, 901, 478]"
5073,"[1617, 1555, 1655, 1586, 113]"
5074,"[292, 1617, 1722, 432, 1655]"
5075,"[1884, 1562, 432, 1588, 425]"
5076,"[432, 1884, 1312, 1562, 689]"
5077,"[1617, 292, 1555, 1193, 1655]"
5078,"[1884, 1722, 1599, 1312, 708]"
5079,"[292, 1617, 1722, 1655, 1884]"
5080,"[606, 1044, 1884, 560, 1885]"
5081,"[1617, 1567, 292, 1555, 16]"
5082,"[1617, 292, 1722, 1655, 1555]"
5083,"[1617, 1201, 102, 1555, 1700]"
5084,"[1655, 544, 672, 292, 625]"
5085,"[1617, 811, 292, 1192, 125]"
5086,"[1617, 926, 1924, 891, 1702]"
5087,"[1617, 292, 1884, 1722, 926]"
5088,"[1617, 292, 1567, 1113, 1722]"
5089,"[1617, 1702, 292, 1194, 891]"
5090,"[1924, 478, 1617, 1619, 1191]"
5091,"[1673, 1722, 1312, 1677, 1884]"
5092,"[292, 1722, 1617, 432, 1655]"
5093,"[687, 16, 111, 639, 662]"
5094,"[1617, 926, 1924, 891, 16]"
5095,"[1655, 544, 292, 625, 891]"
5096,"[1655, 544, 672, 292, 625]"
5097,"[73, 468, 82, 1772, 579]"
5098,"[1617, 1702, 292, 891, 1194]"
5099,"[16, 432, 901, 1884, 44]"
5100,"[1617, 292, 1702, 1722, 891]"
5101,"[1722, 1884, 687, 708, 1562]"
5102,"[1617, 1924, 891, 926, 16]"
5103,"[1617, 926, 16, 114, 1618]"
5104,"[1617, 292, 44, 1655, 43]"
5105,"[43, 1191, 44, 1587, 113]"
5106,"[1567, 901, 43, 1618, 1587]"
5107,"[1191, 1587, 43, 1627, 1904]"
5108,"[1587, 1193, 708, 1567, 1063]"
5109,"[1063, 901, 876, 1587, 1627]"
5110,"[43, 1191, 44, 113, 1587]"
5111,"[1556, 1588, 1538, 1627, 321]"
5112,"[1071, 811, 868, 1587, 43]"
5113,"[43, 1191, 44, 1587, 113]"
5114,"[1191, 43, 1587, 113, 1588]"
5115,"[1070, 1701, 1191, 291, 889]"
5116,"[43, 113, 1588, 1587, 1193]"
5117,"[1531, 1070, 1713, 866, 113]"
5118,"[1587, 413, 43, 1567, 113]"
5119,"[547, 821, 677, 1328, 1487]"
5120,"[66, 1567, 1588, 784, 43]"
5121,"[43, 1587, 1588, 892, 927]"
5122,"[1567, 43, 1587, 927, 1588]"
5123,"[43, 1191, 44, 1587, 1588]"
5124,"[1587, 1191, 113, 1904, 1627]"
5125,"[1587, 1191, 43, 927, 1588]"
5126,"[1587, 1191, 43, 413, 113]"
5127,"[1191, 1587, 1627, 1905, 1904]"
5128,"[1191, 43, 1587, 113, 1588]"
5129,"[1924, 1904, 1588, 43, 478]"
5130,"[1924, 478, 1713, 425, 1893]"
5131,"[1924, 478, 1937, 1628, 1553]"
5132,"[1926, 445, 1931, 1191, 1589]"
5133,"[456, 1924, 478, 1715, 16]"
5134,"[1924, 478, 1937, 1628, 1553]"
5135,"[1924, 632, 16, 44, 1677]"
5136,"[1924, 1937, 478, 1191, 116]"
5137,"[1924, 478, 1937, 468, 552]"
5138,"[892, 1884, 113, 1886, 1896]"
5139,"[1614, 1610, 1112, 116, 291]"
5140,"[1517, 1607, 1896, 1608, 114]"
5141,"[681, 46, 1112, 109, 1589]"
5142,"[4, 1191, 614, 1063, 612]"
5143,"[1070, 113, 1701, 291, 889]"
5144,"[412, 1204, 807, 1846, 739]"
5145,"[1884, 1886, 60, 1887, 1700]"
5146,"[807, 889, 114, 1063, 1574]"
5147,"[4, 614, 1063, 468, 612]"
5148,"[889, 905, 457, 88, 1718]"
5149,"[468, 1461, 1882, 579, 1805]"
5150,"[16, 402, 1638, 455, 48]"
5151,"[1112, 614, 1192, 645, 4]"
5152,"[889, 899, 1712, 49, 457]"
5153,"[889, 899, 558, 457, 88]"
5154,"[4, 128, 468, 588, 530]"
5155,"[4, 468, 530, 1063, 861]"
5156,"[116, 1913, 1249, 580, 1063]"
5157,"[1656, 1673, 1884, 1677, 432]"
5158,"[468, 1063, 861, 595, 593]"
5159,"[1192, 580, 1191, 600, 1897]"
5160,"[614, 860, 1192, 1896, 1191]"
5161,"[46, 216, 1624, 1585, 1596]"
5162,"[1712, 1656, 1748, 899, 457]"
5163,"[1656, 1748, 431, 1712, 1914]"
5164,"[1191, 113, 1070, 291, 112]"
5165,"[4, 468, 579, 1063, 595]"
5166,"[1614, 1521, 291, 1112, 125]"
5167,"[113, 1070, 291, 1191, 1533]"
5168,"[1070, 1191, 102, 122, 98]"
5169,"[1191, 112, 291, 1070, 1533]"
5170,"[889, 899, 1712, 558, 457]"
5171,"[612, 113, 1614, 1610, 125]"
5172,"[1587, 530, 128, 1114, 113]"
5173,"[1656, 1884, 1562, 432, 708]"
5174,"[1320, 667, 807, 1574, 468]"
5175,"[1712, 558, 899, 865, 1410]"
5176,"[1192, 614, 468, 4, 1063]"
5177,"[1191, 291, 1533, 1063, 1713]"
5178,"[1610, 114, 116, 1638, 1614]"
5179,"[1495, 98, 1561, 97, 102]"
5180,"[1677, 116, 432, 1656, 1675]"
5181,"[889, 558, 457, 88, 1718]"
5182,"[1924, 478, 1515, 1679, 1567]"
5183,"[1204, 807, 1544, 579, 1679]"
5184,"[1924, 478, 1019, 1885, 1561]"
5185,"[114, 691, 1275, 807, 449]"
5186,"[1504, 553, 333, 126, 1639]"
5187,"[807, 1461, 16, 1772, 561]"
5188,"[333, 1639, 343, 111, 1870]"
5189,"[1639, 468, 4, 1063, 1698]"
5190,"[1748, 1625, 1914, 1712, 468]"
5191,"[1924, 478, 1884, 1197, 48]"
5192,"[1924, 478, 1308, 93, 1616]"
5193,"[807, 1062, 116, 691, 1458]"
5194,"[333, 1639, 343, 368, 862]"
5195,"[333, 1639, 343, 1128, 1698]"
5196,"[1656, 333, 1639, 343, 1128]"
5197,"[1639, 343, 504, 530, 1698]"
5198,"[1488, 721, 1193, 1351, 1483]"
5199,"[333, 1639, 1128, 1924, 111]"
5200,"[807, 471, 1691, 691, 1574]"
5201,"[889, 899, 457, 905, 1718]"
5202,"[1924, 478, 1884, 1197, 48]"
5203,"[892, 1713, 1587, 409, 1063]"
5204,"[1885, 1524, 453, 1368, 119]"
5205,"[114, 401, 613, 1885, 807]"
5206,"[1885, 1524, 453, 1525, 1368]"
5207,"[1504, 126, 1937, 460, 457]"
5208,"[1924, 478, 494, 1453, 1193]"
5209,"[1656, 343, 333, 1639, 1712]"
5210,"[1495, 1567, 707, 1915, 505]"
5211,"[1884, 116, 1197, 1924, 417]"
5212,"[614, 478, 1924, 649, 113]"
5213,"[1677, 898, 893, 1861, 1900]"
5214,"[541, 1884, 1890, 1193, 478]"
5215,"[655, 1861, 16, 1457, 1772]"
5216,"[333, 1639, 1128, 343, 111]"
5217,"[333, 1639, 343, 4, 1698]"
5218,"[659, 1924, 478, 1900, 1204]"
5219,"[16, 73, 807, 1742, 110]"
5220,"[333, 1639, 1128, 343, 111]"
5221,"[478, 1924, 1884, 1890, 1524]"
5222,"[1924, 478, 1913, 1717, 84]"
5223,"[1884, 1890, 478, 1924, 1733]"
5224,"[1860, 1864, 1868, 1567, 471]"
5225,"[1504, 553, 667, 1805, 1882]"
5226,"[336, 43, 1204, 16, 1575]"
5227,"[1902, 446, 1029, 1900, 1032]"
5228,"[927, 1193, 43, 419, 1909]"
5229,"[43, 113, 1733, 1587, 691]"
5230,"[1567, 37, 95, 43, 1885]"
5231,"[113, 1676, 1675, 1534, 1677]"
5232,"[1567, 37, 1885, 95, 1643]"
5233,"[1586, 1193, 113, 1534, 171]"
5234,"[1906, 1588, 1528, 1916, 735]"
5235,"[1193, 927, 1588, 43, 1904]"
5236,"[43, 927, 1193, 1914, 1025]"
5237,"[1904, 43, 1890, 425, 1489]"
5238,"[242, 1193, 927, 1904, 1909]"
5239,"[1904, 43, 1927, 1890, 1554]"
5240,"[1904, 43, 1348, 1208, 425]"
5241,"[1006, 1587, 1627, 1905, 1588]"
5242,"[1204, 1193, 1896, 1904, 43]"
5243,"[1904, 43, 1191, 425, 1489]"
5244,"[1904, 1193, 927, 1909, 43]"
5245,"[1574, 426, 1898, 602, 785]"
5246,"[927, 1193, 1588, 1884, 43]"
5247,"[1904, 43, 1890, 1191, 1489]"
5248,"[1904, 1191, 43, 1896, 1192]"
5249,"[1904, 927, 1193, 43, 425]"
5250,"[1676, 1534, 1588, 1675, 1193]"
5251,"[1618, 1619, 1885, 1567, 114]"
5252,"[1904, 425, 91, 446, 43]"
5253,"[1554, 368, 1588, 1927, 43]"
5254,"[1904, 1890, 43, 1193, 1589]"
5255,"[1904, 43, 1588, 1191, 927]"
5256,"[1904, 43, 1489, 1532, 1589]"
5257,"[1612, 1904, 43, 1618, 1598]"
5258,"[43, 1534, 1588, 1193, 1629]"
5259,"[43, 1588, 927, 1904, 1587]"
5260,"[1904, 43, 1890, 1191, 1489]"
5261,"[1588, 1193, 114, 1529, 409]"
5262,"[1538, 1556, 1534, 1542, 1554]"
5263,"[1612, 1574, 1620, 1065, 1193]"
5264,"[43, 91, 446, 1902, 72]"
5265,"[1316, 1567, 37, 43, 1424]"
5266,"[1534, 1543, 1561, 113, 1900]"
5267,"[1561, 1560, 1537, 1534, 1588]"
5268,"[446, 402, 1575, 1904, 901]"
5269,"[1904, 1567, 1783, 43, 1885]"
5270,"[1495, 1902, 97, 98, 96]"
5271,"[420, 1902, 1937, 1900, 97]"
5272,"[408, 691, 265, 1885, 114]"
5273,"[1040, 1197, 716, 1225, 446]"
5274,"[927, 1888, 1197, 1885, 1193]"
5275,"[1861, 1855, 1846, 1540, 1700]"
5276,"[1197, 1869, 97, 1516, 96]"
5277,"[1902, 1900, 659, 1197, 749]"
5278,"[1040, 1197, 1717, 1518, 480]"
5279,"[420, 1197, 102, 1302, 1937]"
5280,"[1495, 667, 485, 1902, 1219]"
5281,"[1884, 891, 1599, 876, 408]"
5282,"[1495, 1197, 98, 102, 1363]"
5283,"[1495, 1902, 1219, 1700, 97]"
5284,"[1700, 1197, 1040, 628, 716]"
5285,"[98, 97, 96, 102, 1700]"
5286,"[1902, 1462, 1040, 1219, 18]"
5287,"[667, 102, 1700, 1902, 420]"
5288,"[97, 128, 1219, 98, 96]"
5289,"[667, 485, 1219, 1197, 102]"
5290,"[1902, 1900, 1197, 667, 408]"
5291,"[667, 102, 1219, 1902, 1040]"
5292,"[667, 1197, 102, 472, 361]"
5293,"[1902, 1894, 1516, 1885, 1619]"
5294,"[1541, 1536, 97, 1564, 1489]"
5295,"[667, 1219, 1197, 102, 97]"
5296,"[1197, 1201, 1040, 667, 1885]"
5297,"[1495, 1902, 452, 420, 97]"
5298,"[1885, 1771, 1588, 1197, 1894]"
5299,"[667, 485, 1219, 102, 1197]"
5300,"[1201, 171, 97, 1538, 96]"
5301,"[334, 891, 687, 425, 107]"
5302,"[1197, 1040, 394, 1572, 807]"
5303,"[667, 102, 1219, 97, 1197]"
5304,"[1902, 1219, 1197, 472, 1628]"
5305,"[1197, 1040, 1518, 472, 97]"
5306,"[667, 1197, 891, 1885, 102]"
5307,"[1197, 1040, 1902, 1885, 1723]"
5308,"[1197, 1893, 1700, 1118, 102]"
5309,"[1809, 1902, 1484, 485, 1019]"
5310,"[1320, 1902, 107, 420, 96]"
5311,"[114, 1900, 1902, 1040, 1197]"
5312,"[667, 1219, 1902, 1900, 102]"
5313,"[667, 1219, 716, 102, 1197]"
5314,"[735, 1915, 1495, 691, 1249]"
5315,"[1193, 927, 1025, 1618, 1909]"
5316,"[1193, 927, 1587, 1194, 892]"
5317,"[1193, 1587, 927, 43, 1904]"
5318,"[446, 823, 67, 1666, 731]"
5319,"[1620, 1043, 1495, 1915, 1520]"
5320,"[1193, 927, 1909, 1025, 1588]"
5321,"[773, 501, 1404, 1457, 374]"
5322,"[1917, 691, 114, 1902, 1338]"
5323,"[1338, 233, 234, 235, 238]"
5324,"[823, 731, 1666, 1338, 824]"
5325,"[1193, 1666, 723, 1909, 1338]"
5326,"[144, 913, 140, 987, 916]"
5327,"[1588, 1613, 1587, 1900, 114]"
5328,"[1207, 721, 1680, 1915, 823]"
5329,"[1338, 1584, 1591, 731, 1917]"
5330,"[1902, 927, 1591, 406, 1934]"
5331,"[1438, 1343, 1915, 1902, 1495]"
5332,"[1809, 1495, 1338, 425, 1916]"
5333,"[1193, 419, 1620, 420, 886]"
5334,"[1338, 1584, 730, 68, 731]"
5335,"[1193, 624, 927, 1620, 43]"
5336,"[901, 735, 43, 1063, 1495]"
5337,"[1667, 918, 136, 139, 1930]"
5338,"[1193, 927, 43, 1588, 1587]"
5339,"[1915, 271, 1680, 1038, 911]"
5340,"[1902, 1900, 1917, 1929, 408]"
5341,"[1915, 1676, 735, 1457, 739]"
5342,"[823, 1584, 1666, 1667, 1630]"
5343,"[1193, 886, 735, 1035, 1025]"
5344,"[1886, 1915, 892, 1193, 160]"
5345,"[1630, 1666, 1574, 723, 1006]"
5346,"[1193, 927, 1861, 425, 1029]"
5347,"[1193, 927, 43, 1588, 1587]"
5348,"[1338, 1052, 918, 823, 984]"
5349,"[1193, 927, 1588, 43, 113]"
5350,"[1915, 232, 236, 1003, 237]"
5351,"[978, 209, 968, 971, 972]"
5352,"[927, 1620, 1408, 823, 1520]"
5353,"[1193, 927, 1025, 1909, 1587]"
5354,"[1900, 903, 1902, 807, 114]"
5355,"[1902, 1900, 18, 1917, 1587]"
5356,"[1929, 1915, 1527, 691, 631]"
5357,"[1733, 420, 914, 1045, 924]"
5358,"[18, 1894, 44, 1932, 110]"
5359,"[1932, 891, 579, 1742, 190]"
5360,"[1926, 524, 544, 1618, 369]"
5361,"[445, 114, 1459, 18, 565]"
5362,"[1930, 116, 1193, 1638, 1239]"
5363,"[132, 1619, 135, 891, 688]"
5364,"[1619, 787, 160, 891, 1885]"
5365,"[72, 531, 1658, 1509, 1508]"
5366,"[349, 1679, 891, 37, 1917]"
5367,"[1900, 1902, 114, 108, 1915]"
5368,"[1894, 1567, 786, 43, 1884]"
5369,"[891, 1917, 1679, 443, 1742]"
5370,"[1607, 1608, 1896, 886, 401]"
5371,"[1003, 232, 233, 234, 235]"
5372,"[1915, 149, 952, 1900, 144]"
5373,"[608, 617, 512, 1826, 1472]"
5374,"[1491, 891, 1442, 51, 108]"
5375,"[78, 495, 44, 16, 43]"
5376,"[1894, 612, 1607, 886, 1516]"
5377,"[1900, 1495, 1902, 1915, 1721]"
5378,"[1516, 1894, 891, 1619, 878]"
5379,"[1607, 886, 1894, 1608, 1885]"
5380,"[1733, 691, 891, 1894, 1453]"
5381,"[1497, 1495, 1567, 18, 1900]"
5382,"[1618, 114, 18, 1567, 1495]"
5383,"[1607, 116, 1733, 691, 1157]"
5384,"[1608, 1607, 114, 18, 1896]"
5385,"[1516, 1894, 856, 845, 133]"
5386,"[1197, 1655, 46, 1902, 891]"
5387,"[524, 891, 1802, 544, 1801]"
5388,"[1491, 1442, 1412, 528, 524]"
5389,"[114, 512, 18, 1472, 1826]"
5390,"[1900, 891, 1619, 1902, 114]"
5391,"[891, 1900, 80, 1902, 524]"
5392,"[1249, 1869, 886, 579, 1567]"
5393,"[1516, 1619, 1495, 570, 655]"
5394,"[891, 1619, 1558, 160, 1491]"
5395,"[1894, 1884, 886, 1890, 1885]"
5396,"[660, 1885, 891, 95, 478]"
5397,"[1491, 691, 1442, 528, 1412]"
5398,"[412, 446, 411, 1733, 1619]"
5399,"[499, 876, 107, 1631, 880]"
5400,"[1723, 891, 1894, 44, 1717]"
5401,"[606, 1603, 723, 1900, 1204]"
5402,"[468, 1772, 1246, 16, 1567]"
5403,"[1612, 1574, 426, 1898, 88]"
5404,"[31, 33, 807, 366, 691]"
5405,"[1193, 927, 113, 1914, 1897]"
5406,"[466, 458, 1537, 1567, 1564]"
5407,"[1586, 1615, 1618, 1538, 1533]"
5408,"[1537, 1044, 1526, 1071, 1533]"
5409,"[113, 1534, 890, 1618, 112]"
5410,"[113, 1534, 1892, 1044, 1192]"
5411,"[1914, 602, 426, 1898, 88]"
5412,"[1586, 1914, 1193, 1040, 1520]"
5413,"[413, 1537, 1044, 890, 112]"
5414,"[1463, 95, 1331, 1208, 870]"
5415,"[113, 1534, 890, 1618, 112]"
5416,"[1913, 466, 1764, 468, 128]"
5417,"[870, 1357, 1328, 1342, 1367]"
5418,"[1927, 399, 113, 1193, 1554]"
5419,"[113, 1006, 890, 1534, 1618]"
5420,"[1537, 1533, 1531, 1071, 557]"
5421,"[1193, 113, 43, 884, 1567]"
5422,"[1537, 1538, 1535, 1556, 1534]"
5423,"[1537, 1618, 1615, 1534, 1533]"
5424,"[1926, 1574, 37, 884, 426]"
5425,"[43, 113, 1587, 1615, 1531]"
5426,"[406, 889, 407, 44, 48]"
5427,"[1032, 160, 1618, 866, 169]"
5428,"[421, 752, 1909, 930, 89]"
5429,"[1894, 1032, 1890, 1516, 878]"
5430,"[114, 1610, 406, 425, 1526]"
5431,"[1907, 1534, 113, 1885, 171]"
5432,"[406, 1567, 407, 18, 807]"
5433,"[1567, 1618, 1586, 1548, 927]"
5434,"[1548, 420, 1526, 1547, 1528]"
5435,"[1548, 1912, 89, 1032, 470]"
5436,"[1733, 406, 407, 425, 1548]"
5437,"[1603, 1344, 1548, 1618, 116]"
5438,"[1733, 632, 406, 419, 407]"
5439,"[1666, 1193, 614, 407, 612]"
5440,"[1936, 1929, 1619, 1618, 1547]"
5441,"[868, 1748, 1495, 443, 18]"
5442,"[1904, 1267, 16, 44, 1204]"
5443,"[1713, 1900, 160, 155, 157]"
5444,"[1588, 1733, 1193, 421, 113]"
5445,"[160, 930, 155, 157, 158]"
5446,"[1723, 1733, 691, 406, 407]"
5447,"[1032, 1516, 1006, 1548, 825]"
5448,"[1548, 1620, 406, 407, 1666]"
5449,"[1926, 1915, 1619, 1893, 1618]"
5450,"[425, 1588, 1890, 1884, 1885]"
5451,"[691, 446, 54, 57, 58]"
5452,"[927, 44, 43, 1548, 1191]"
5453,"[1890, 1548, 160, 470, 620]"
5454,"[1619, 1617, 1548, 1890, 406]"
5455,"[1032, 1588, 113, 1193, 1025]"
5456,"[925, 928, 160, 1900, 165]"
5457,"[1671, 1548, 1066, 866, 1646]"
5458,"[1603, 1197, 1617, 1602, 1032]"
5459,"[1713, 1900, 160, 1032, 1006]"
5460,"[1929, 1592, 807, 1573, 406]"
5461,"[1619, 160, 1617, 611, 788]"
5462,"[1534, 614, 1191, 1666, 1603]"
5463,"[687, 406, 407, 1548, 1722]"
5464,"[406, 289, 407, 1900, 1544]"
5465,"[1924, 478, 1548, 1516, 1032]"
5466,"[1567, 1618, 1586, 1548, 927]"
5467,"[412, 110, 1204, 411, 1581]"
5468,"[116, 1548, 51, 1032, 407]"
5469,"[116, 1666, 612, 1534, 451]"
5470,"[1675, 902, 564, 563, 575]"
5471,"[1191, 116, 1067, 1032, 1562]"
5472,"[1193, 1567, 1113, 1907, 1885]"
5473,"[116, 414, 1067, 1904, 1032]"
5474,"[114, 1904, 289, 1192, 1066]"
5475,"[116, 1724, 135, 1896, 1608]"
5476,"[1724, 116, 1567, 1067, 1193]"
5477,"[116, 1724, 1032, 1240, 1534]"
5478,"[116, 1067, 1562, 1032, 1904]"
5479,"[116, 1724, 135, 1239, 1113]"
5480,"[1904, 1567, 289, 1191, 1907]"
5481,"[1567, 114, 1192, 1907, 1896]"
5482,"[1066, 1534, 1915, 1536, 1900]"
5483,"[1904, 1068, 1869, 289, 1032]"
5484,"[116, 1618, 1567, 1534, 1889]"
5485,"[1573, 1581, 652, 1605, 689]"
5486,"[1191, 1904, 1562, 289, 1531]"
5487,"[116, 892, 1904, 1886, 135]"
5488,"[752, 1724, 1197, 933, 1921]"
5489,"[1904, 1562, 289, 1567, 1531]"
5490,"[1191, 1562, 1032, 1534, 1889]"
5491,"[109, 693, 677, 1726, 691]"
5492,"[1655, 552, 686, 1241, 1032]"
5493,"[116, 1724, 135, 1113, 1067]"
5494,"[116, 1724, 1067, 1193, 1907]"
5495,"[116, 135, 1902, 1072, 1724]"
5496,"[116, 1067, 1240, 1904, 1889]"
5497,"[1904, 1890, 289, 1567, 1191]"
5498,"[1191, 116, 692, 1907, 1241]"
5499,"[692, 677, 1193, 1567, 1192]"
5500,"[116, 114, 1192, 1907, 1567]"
5501,"[1191, 116, 1067, 1904, 1032]"
5502,"[116, 114, 1191, 1032, 414]"
5503,"[289, 116, 1531, 1926, 1032]"
5504,"[116, 1191, 1534, 16, 1567]"
5505,"[1904, 289, 1531, 553, 1532]"
5506,"[116, 1929, 1890, 535, 1592]"
5507,"[116, 1191, 135, 1907, 1904]"
5508,"[468, 1772, 73, 1032, 807]"
5509,"[110, 1722, 1639, 1255, 901]"
5510,"[1567, 677, 1316, 1192, 37]"
5511,"[116, 1032, 1067, 1904, 1724]"
5512,"[1904, 289, 1531, 553, 1532]"
5513,"[135, 1567, 1067, 1889, 37]"
5514,"[1900, 443, 374, 1560, 1543]"
5515,"[1019, 649, 1608, 1607, 1676]"
5516,"[1833, 1828, 1837, 1822, 1821]"
5517,"[1019, 1608, 1607, 1896, 1517]"
5518,"[7, 579, 16, 44, 48]"
5519,"[1900, 160, 647, 1567, 1902]"
5520,"[891, 1019, 80, 1932, 1917]"
5521,"[1019, 798, 641, 1917, 1560]"
5522,"[446, 1900, 1733, 160, 1666]"
5523,"[1019, 1608, 1191, 1607, 1896]"
5524,"[1906, 1528, 1547, 96, 1814]"
5525,"[1620, 1700, 1575, 242, 1358]"
5526,"[95, 500, 1438, 1772, 1567]"
5527,"[1607, 1608, 1896, 1517, 1638]"
5528,"[868, 1575, 242, 601, 1567]"
5529,"[1608, 1896, 1204, 1192, 1544]"
5530,"[1861, 398, 114, 1900, 611]"
5531,"[1733, 691, 632, 446, 649]"
5532,"[1581, 1131, 468, 1602, 1679]"
5533,"[1567, 16, 579, 580, 807]"
5534,"[446, 933, 425, 930, 1902]"
5535,"[1885, 1457, 1580, 1358, 1400]"
5536,"[1438, 97, 1915, 96, 98]"
5537,"[1666, 17, 884, 15, 1039]"
5538,"[1019, 930, 1885, 66, 1855]"
5539,"[641, 665, 1192, 1204, 1193]"
5540,"[242, 1575, 1772, 1567, 1520]"
5541,"[70, 114, 333, 110, 1472]"
5542,"[1608, 1607, 1191, 1896, 886]"
5543,"[1193, 1885, 1894, 886, 1588]"
5544,"[1679, 468, 443, 831, 884]"
5545,"[505, 1019, 1193, 1495, 1809]"
5546,"[1826, 18, 1472, 493, 1495]"
5547,"[1894, 1861, 1915, 425, 1885]"
5548,"[1019, 1, 1565, 886, 1358]"
5549,"[1404, 501, 132, 1495, 1500]"
5550,"[1772, 16, 807, 655, 1320]"
5551,"[632, 1320, 1772, 649, 1574]"
5552,"[592, 577, 1844, 574, 1842]"
5553,"[1861, 1855, 1846, 1567, 425]"
5554,"[891, 1721, 691, 1900, 1723]"
5555,"[901, 807, 659, 1267, 1536]"
5556,"[1861, 1855, 1588, 1846, 632]"
5557,"[603, 366, 1698, 1697, 609]"
5558,"[1574, 426, 1898, 88, 1718]"
5559,"[65, 1193, 1930, 723, 1127]"
5560,"[1340, 1193, 1567, 927, 538]"
5561,"[1574, 426, 37, 1898, 88]"
5562,"[1193, 1613, 1255, 1666, 1587]"
5563,"[113, 1897, 1922, 1193, 1587]"
5564,"[1567, 37, 500, 95, 1455]"
5565,"[95, 1495, 443, 807, 7]"
5566,"[1574, 1914, 1193, 785, 426]"
5567,"[43, 1193, 927, 44, 1587]"
5568,"[1587, 1588, 43, 868, 1897]"
5569,"[1587, 43, 1627, 892, 1588]"
5570,"[872, 1204, 892, 1588, 368]"
5571,"[1907, 1567, 1892, 1897, 1922]"
5572,"[927, 43, 1587, 892, 1588]"
5573,"[1193, 1587, 1897, 1922, 43]"
5574,"[1340, 1193, 1567, 538, 927]"
5575,"[1885, 933, 1889, 1894, 1892]"
5576,"[1612, 1587, 1193, 1588, 43]"
5577,"[927, 1588, 1567, 1574, 1351]"
5578,"[1193, 1587, 1613, 1666, 1194]"
5579,"[1358, 807, 649, 1247, 1574]"
5580,"[1884, 1926, 1193, 1588, 1574]"
5581,"[1193, 1907, 1588, 1927, 1574]"
5582,"[1907, 1438, 1244, 423, 1410]"
5583,"[1612, 1897, 1922, 1574, 1926]"
5584,"[1193, 886, 1909, 1608, 1458]"
5585,"[43, 892, 1588, 113, 1193]"
5586,"[927, 1193, 43, 1587, 1025]"
5587,"[1574, 1897, 1922, 426, 1898]"
5588,"[1213, 1204, 1897, 1922, 1587]"
5589,"[1193, 43, 1587, 1897, 1922]"
5590,"[1587, 43, 1204, 1897, 1922]"
5591,"[927, 1193, 1587, 1006, 43]"
5592,"[1892, 1885, 935, 1907, 160]"
5593,"[1897, 1922, 43, 1587, 1615]"
5594,"[624, 892, 1193, 1588, 1916]"
5595,"[1574, 1733, 426, 1898, 1718]"
5596,"[1612, 1574, 1907, 1927, 1620]"
5597,"[1193, 927, 1587, 1897, 1922]"
5598,"[1898, 426, 88, 1718, 792]"
5599,"[1193, 446, 1574, 1907, 426]"
5600,"[1574, 1193, 1897, 1922, 426]"
5601,"[1612, 1574, 426, 1898, 88]"
5602,"[1723, 589, 1567, 1070, 1071]"
5603,"[16, 48, 1713, 1070, 1701]"
5604,"[1567, 1701, 1646, 88, 1718]"
5605,"[1588, 1906, 1928, 1529, 1701]"
5606,"[1885, 1620, 1907, 866, 1916]"
5607,"[1910, 106, 1899, 419, 1733]"
5608,"[1071, 103, 421, 1670, 1889]"
5609,"[1746, 787, 155, 157, 158]"
5610,"[1627, 1071, 113, 1905, 1892]"
5611,"[1701, 681, 589, 457, 1905]"
5612,"[1924, 1934, 478, 1701, 43]"
5613,"[43, 44, 1701, 48, 860]"
5614,"[1204, 1627, 1701, 1905, 48]"
5615,"[1701, 446, 457, 88, 1718]"
5616,"[16, 48, 1701, 1070, 1713]"
5617,"[1204, 1646, 1907, 1692, 409]"
5618,"[1191, 390, 1534, 692, 645]"
5619,"[589, 1701, 581, 457, 88]"
5620,"[1193, 1701, 1889, 417, 1612]"
5621,"[114, 18, 1495, 510, 1733]"
5622,"[446, 1701, 417, 1239, 589]"
5623,"[612, 1239, 113, 1701, 1193]"
5624,"[1627, 16, 48, 1905, 1587]"
5625,"[1723, 589, 1388, 1224, 557]"
5626,"[1701, 589, 581, 1646, 73]"
5627,"[1579, 1147, 1273, 18, 449]"
5628,"[1934, 1772, 1438, 1344, 1457]"
5629,"[1204, 618, 501, 1915, 114]"
5630,"[1772, 807, 31, 33, 41]"
5631,"[1701, 1646, 1070, 457, 88]"
5632,"[128, 1587, 1701, 892, 43]"
5633,"[892, 1701, 589, 583, 1646]"
5634,"[1701, 589, 581, 1646, 73]"
5635,"[1723, 1588, 1906, 1928, 589]"
5636,"[1885, 500, 1368, 1193, 1455]"
5637,"[468, 1772, 1063, 16, 1204]"
5638,"[1701, 48, 1204, 807, 344]"
5639,"[1588, 1529, 1906, 1559, 1560]"
5640,"[478, 1885, 1924, 1588, 1193]"
5641,"[1251, 1645, 1895, 1272, 480]"
5642,"[927, 1701, 589, 1063, 43]"
5643,"[1063, 589, 460, 1701, 1913]"
5644,"[1588, 1723, 1906, 1529, 1193]"
5645,"[1869, 1201, 1885, 171, 1701]"
5646,"[1193, 1588, 43, 1587, 1897]"
5647,"[1586, 1193, 1909, 1025, 1040]"
5648,"[1897, 1922, 1587, 18, 1069]"
5649,"[1907, 927, 1627, 1587, 1588]"
5650,"[16, 1523, 44, 110, 1191]"
5651,"[113, 1603, 1588, 1193, 1907]"
5652,"[1926, 113, 1587, 43, 406]"
5653,"[1574, 1620, 446, 1193, 1520]"
5654,"[739, 16, 1691, 1587, 160]"
5655,"[1907, 1612, 1193, 1901, 1547]"
5656,"[1915, 1438, 1343, 1193, 1526]"
5657,"[1287, 828, 1526, 1905, 1570]"
5658,"[1916, 48, 1907, 581, 446]"
5659,"[1926, 1574, 426, 1898, 88]"
5660,"[1907, 1193, 1612, 1588, 1901]"
5661,"[51, 48, 110, 847, 374]"
5662,"[1026, 1193, 1025, 1034, 1029]"
5663,"[1897, 1922, 1588, 43, 1193]"
5664,"[1574, 785, 1193, 426, 1898]"
5665,"[927, 1897, 1922, 933, 930]"
5666,"[1588, 1902, 1897, 1922, 95]"
5667,"[639, 773, 417, 721, 1666]"
5668,"[1897, 1922, 1588, 1192, 43]"
5669,"[1567, 1885, 43, 95, 892]"
5670,"[807, 1861, 1267, 1855, 236]"
5671,"[94, 1861, 1915, 1916, 691]"
5672,"[113, 1897, 1922, 1588, 1193]"
5673,"[1846, 1861, 1855, 1900, 423]"
5674,"[1897, 1922, 1907, 1892, 1618]"
5675,"[1320, 1362, 1919, 773, 1936]"
5676,"[1567, 37, 95, 1588, 1885]"
5677,"[1733, 1204, 691, 446, 1676]"
5678,"[933, 261, 1013, 72, 233]"
5679,"[1247, 1201, 665, 1646, 1670]"
5680,"[1742, 1564, 1542, 1489, 1525]"
5681,"[1320, 1742, 468, 1567, 37]"
5682,"[1320, 420, 1888, 1700, 1197]"
5683,"[1302, 1252, 1197, 420, 1902]"
5684,"[884, 1517, 401, 1538, 1320]"
5685,"[606, 723, 1902, 892, 1885]"
5686,"[1541, 793, 1887, 1201, 1700]"
5687,"[73, 468, 1772, 807, 579]"
5688,"[128, 98, 102, 96, 959]"
5689,"[420, 1320, 1516, 1197, 1524]"
5690,"[102, 420, 1313, 97, 1073]"
5691,"[73, 1320, 749, 1197, 1574]"
5692,"[1889, 1028, 1925, 1320, 171]"
5693,"[73, 468, 1717, 1320, 1574]"
5694,"[1885, 420, 97, 1073, 96]"
5695,"[628, 664, 102, 1541, 1199]"
5696,"[579, 1717, 595, 580, 1860]"
5697,"[793, 1541, 1201, 1700, 1887]"
5698,"[1742, 1564, 1489, 1542, 1554]"
5699,"[1320, 468, 1717, 807, 1063]"
5700,"[1742, 606, 723, 1564, 1542]"
5701,"[1320, 403, 468, 1772, 471]"
5702,"[73, 1320, 1885, 37, 95]"
5703,"[933, 930, 261, 233, 234]"
5704,"[1201, 1247, 1541, 1073, 1118]"
5705,"[73, 468, 1320, 1717, 749]"
5706,"[1882, 1805, 1255, 1723, 1742]"
5707,"[420, 868, 1748, 403, 1320]"
5708,"[1700, 1320, 891, 1889, 1593]"
5709,"[1320, 420, 1888, 1778, 60]"
5710,"[1320, 1670, 1197, 160, 665]"
5711,"[606, 723, 468, 1742, 1567]"
5712,"[468, 807, 1320, 1063, 1679]"
5713,"[1320, 420, 606, 723, 1888]"
5714,"[72, 1894, 1700, 1247, 796]"
5715,"[1246, 73, 580, 749, 1723]"
5716,"[468, 1063, 1717, 73, 37]"
5717,"[73, 48, 1320, 1574, 1882]"
5718,"[73, 468, 1717, 807, 48]"
5719,"[1742, 606, 1534, 1542, 1554]"
5720,"[501, 468, 1574, 1885, 1457]"
5721,"[1742, 1564, 1542, 1534, 1489]"
5722,"[421, 1909, 1193, 1586, 1560]"
5723,"[1006, 1713, 1900, 1070, 113]"
5724,"[425, 1885, 1884, 1588, 1025]"
5725,"[1495, 425, 96, 784, 98]"
5726,"[1193, 1040, 1909, 1043, 1029]"
5727,"[1913, 1029, 1909, 1538, 1696]"
5728,"[1586, 1025, 160, 1029, 169]"
5729,"[1193, 687, 1772, 1026, 1029]"
5730,"[1586, 1193, 1909, 1040, 1524]"
5731,"[1006, 43, 1554, 1040, 1629]"
5732,"[1029, 1909, 1041, 1025, 105]"
5733,"[1025, 1029, 169, 921, 1026]"
5734,"[1193, 1909, 1026, 1029, 1025]"
5735,"[1006, 421, 1040, 1071, 1592]"
5736,"[1193, 1029, 1026, 1909, 1202]"
5737,"[524, 529, 1658, 1193, 884]"
5738,"[1193, 425, 421, 1909, 1670]"
5739,"[1885, 1191, 1193, 425, 1886]"
5740,"[1193, 1909, 1029, 1026, 1043]"
5741,"[1173, 353, 1176, 113, 112]"
5742,"[446, 606, 1473, 739, 1916]"
5743,"[1025, 1588, 921, 937, 159]"
5744,"[1586, 1193, 1615, 1040, 1909]"
5745,"[485, 107, 1040, 1029, 1026]"
5746,"[687, 1733, 1025, 169, 1026]"
5747,"[1193, 1040, 885, 1909, 1029]"
5748,"[1193, 1026, 1029, 868, 1202]"
5749,"[1193, 1909, 1029, 292, 1026]"
5750,"[1885, 1531, 1193, 425, 453]"
5751,"[1438, 1343, 1915, 1772, 497]"
5752,"[160, 242, 361, 1723, 1855]"
5753,"[1567, 1193, 1040, 1026, 1041]"
5754,"[1671, 421, 1070, 112, 1066]"
5755,"[1670, 1193, 1029, 1041, 1809]"
5756,"[1193, 1909, 1029, 1586, 1040]"
5757,"[681, 1006, 678, 331, 1697]"
5758,"[1567, 1896, 114, 1192, 16]"
5759,"[1666, 1915, 1574, 1193, 37]"
5760,"[931, 174, 176, 934, 167]"
5761,"[1193, 410, 1202, 408, 1588]"
5762,"[903, 1026, 446, 1590, 1197]"
5763,"[359, 1666, 1026, 452, 1846]"
5764,"[1449, 1590, 1079, 837, 1054]"
5765,"[1666, 1930, 1030, 1302, 349]"
5766,"[1929, 1042, 1680, 1026, 1592]"
5767,"[903, 1026, 892, 543, 1043]"
5768,"[1042, 1590, 1030, 1026, 823]"
5769,"[421, 1666, 1193, 1025, 425]"
5770,"[1193, 1618, 927, 425, 407]"
5771,"[1193, 1809, 1026, 885, 1344]"
5772,"[1193, 1588, 1916, 446, 1909]"
5773,"[446, 1026, 990, 1666, 1046]"
5774,"[1449, 1079, 823, 837, 1590]"
5775,"[903, 543, 1449, 1038, 1079]"
5776,"[1068, 824, 395, 903, 1676]"
5777,"[903, 824, 885, 1723, 823]"
5778,"[1666, 886, 1193, 885, 1026]"
5779,"[1498, 1915, 903, 1900, 1846]"
5780,"[1666, 1495, 1915, 1077, 1030]"
5781,"[1666, 1930, 738, 1030, 1455]"
5782,"[885, 1666, 1620, 1590, 903]"
5783,"[446, 402, 1099, 1281, 1102]"
5784,"[1915, 408, 1902, 1635, 1025]"
5785,"[1344, 51, 824, 784, 570]"
5786,"[788, 114, 1193, 160, 807]"
5787,"[1574, 1193, 426, 1052, 1898]"
5788,"[1666, 1495, 1902, 1917, 1900]"
5789,"[1666, 48, 1855, 580, 1691]"
5790,"[1926, 1588, 1592, 1032, 1885]"
5791,"[903, 543, 580, 1500, 1723]"
5792,"[1680, 1038, 1633, 1006, 1632]"
5793,"[114, 1673, 892, 872, 1677]"
5794,"[160, 1202, 1042, 410, 470]"
5795,"[1680, 1495, 443, 395, 1500]"
5796,"[1592, 1042, 1618, 1929, 1043]"
5797,"[691, 1438, 1495, 1929, 446]"
5798,"[927, 1495, 1900, 1902, 1680]"
5799,"[885, 419, 927, 1915, 1052]"
5800,"[687, 667, 128, 98, 807]"
5801,"[554, 561, 1457, 1404, 1449]"
5802,"[1207, 1680, 1154, 1933, 721]"
5803,"[51, 847, 1666, 722, 1680]"
5804,"[1193, 1909, 1043, 1588, 807]"
5805,"[1733, 1680, 1591, 270, 686]"
5806,"[114, 1192, 885, 1344, 1656]"
5807,"[807, 417, 1193, 114, 18]"
5808,"[1733, 1680, 1591, 270, 686]"
5809,"[678, 114, 1676, 1677, 1603]"
5810,"[1588, 1915, 48, 1666, 1900]"
5811,"[1042, 1197, 1915, 1929, 1438]"
5812,"[1193, 1592, 1680, 1929, 389]"
5813,"[1680, 1590, 1929, 1592, 258]"
5814,"[1666, 1680, 1207, 1154, 1038]"
5815,"[1592, 1929, 1055, 408, 420]"
5816,"[1666, 823, 1620, 1038, 1590]"
5817,"[114, 807, 1917, 408, 1495]"
5818,"[886, 1193, 1055, 1680, 1042]"
5819,"[1495, 443, 1902, 16, 1900]"
5820,"[1900, 113, 1897, 1922, 612]"
5821,"[114, 1915, 1900, 1495, 1897]"
5822,"[114, 1656, 1192, 1917, 1641]"
5823,"[1204, 1900, 265, 1484, 892]"
5824,"[807, 114, 1344, 1193, 1676]"
5825,"[1060, 1930, 1017, 419, 1917]"
5826,"[1592, 1590, 1043, 1591, 911]"
5827,"[114, 1930, 1192, 1915, 1666]"
5828,"[114, 1772, 1006, 16, 43]"
5829,"[51, 847, 1592, 697, 1680]"
5830,"[1680, 419, 1025, 1915, 921]"
5831,"[1680, 1154, 1666, 1038, 543]"
5832,"[1680, 1666, 1207, 1154, 1038]"
5833,"[885, 1915, 18, 1495, 1204]"
5834,"[1680, 1193, 886, 1055, 1592]"
5835,"[1900, 1680, 1929, 1495, 1934]"
5836,"[420, 632, 411, 412, 1733]"
5837,"[1733, 1567, 1495, 1826, 1620]"
5838,"[1618, 1193, 1620, 1909, 1809]"
5839,"[1557, 926, 1125, 1276, 1617]"
5840,"[601, 501, 406, 407, 505]"
5841,"[1588, 1861, 1193, 1191, 1915]"
5842,"[1861, 1855, 1846, 531, 611]"
5843,"[1344, 1249, 419, 900, 1885]"
5844,"[1193, 1620, 1909, 927, 1618]"
5845,"[1193, 1588, 1906, 1916, 1927]"
5846,"[1193, 1909, 425, 1620, 1936]"
5847,"[1457, 501, 1906, 452, 1557]"
5848,"[1193, 1909, 1458, 1620, 1666]"
5849,"[796, 1526, 420, 1043, 1528]"
5850,"[832, 1344, 341, 1861, 1620]"
5851,"[1193, 1618, 95, 1567, 1620]"
5852,"[1588, 1906, 1529, 1916, 1193]"
5853,"[1936, 1885, 1618, 1567, 1193]"
5854,"[669, 501, 741, 770, 1602]"
5855,"[885, 1915, 1193, 1906, 425]"
5856,"[1193, 1588, 1916, 927, 1619]"
5857,"[885, 1590, 1014, 954, 1592]"
5858,"[1588, 1906, 1916, 1928, 1528]"
5859,"[1917, 408, 1193, 1666, 1930]"
5860,"[1193, 1620, 1618, 1326, 425]"
5861,"[1193, 886, 1351, 537, 891]"
5862,"[1906, 1588, 1928, 1528, 1618]"
5863,"[824, 1936, 1733, 446, 691]"
5864,"[1193, 1588, 886, 1029, 1915]"
5865,"[1588, 1193, 900, 1620, 1916]"
5866,"[1936, 1906, 1588, 1928, 1528]"
5867,"[1193, 1916, 1885, 901, 1620]"
5868,"[403, 1936, 1906, 1676, 452]"
5869,"[1936, 1193, 1909, 425, 1618]"
5870,"[1588, 1193, 1906, 927, 1916]"
5871,"[1587, 1906, 1916, 1862, 1588]"
5872,"[926, 1618, 885, 1617, 1557]"
5873,"[1588, 655, 18, 1495, 1846]"
5874,"[1809, 1618, 1193, 1620, 406]"
5875,"[1809, 1618, 735, 1620, 425]"
5876,"[901, 1202, 410, 1906, 1528]"
5877,"[1885, 1906, 501, 901, 1404]"
5878,"[421, 1936, 1666, 1620, 406]"
5879,"[1733, 1063, 691, 1193, 446]"
5880,"[1638, 732, 730, 207, 731]"
5881,"[1613, 257, 732, 1530, 1033]"
5882,"[1567, 37, 1574, 1063, 43]"
5883,"[68, 731, 1584, 730, 1667]"
5884,"[892, 927, 868, 1748, 1587]"
5885,"[1193, 927, 1025, 1033, 1917]"
5886,"[1666, 165, 934, 174, 176]"
5887,"[691, 446, 54, 57, 58]"
5888,"[1896, 401, 927, 1608, 1039]"
5889,"[886, 1193, 537, 1042, 1351]"
5890,"[1193, 927, 1587, 1588, 1618]"
5891,"[1588, 1567, 807, 1204, 16]"
5892,"[606, 723, 1567, 160, 1679]"
5893,"[732, 927, 1930, 729, 730]"
5894,"[927, 739, 1930, 1062, 1902]"
5895,"[1733, 691, 114, 446, 807]"
5896,"[927, 1193, 1587, 1917, 113]"
5897,"[1338, 1666, 1574, 1591, 1483]"
5898,"[43, 1733, 1587, 691, 892]"
5899,"[1193, 1909, 421, 886, 1620]"
5900,"[927, 1193, 43, 892, 1567]"
5901,"[927, 1587, 691, 1567, 54]"
5902,"[1587, 43, 927, 128, 892]"
5903,"[1567, 160, 930, 1204, 1679]"
5904,"[927, 1193, 930, 933, 1033]"
5905,"[406, 407, 419, 1666, 1548]"
5906,"[1338, 730, 927, 1063, 1917]"
5907,"[501, 1404, 1457, 537, 547]"
5908,"[1733, 691, 1574, 1718, 792]"
5909,"[1638, 1917, 408, 1050, 730]"
5910,"[1193, 927, 43, 1587, 1033]"
5911,"[927, 735, 43, 1193, 604]"
5912,"[604, 1039, 930, 1630, 1193]"
5913,"[886, 1894, 561, 1884, 1885]"
5914,"[1193, 1638, 927, 1587, 1025]"
5915,"[886, 1193, 419, 537, 1666]"
5916,"[1193, 886, 1351, 537, 419]"
5917,"[927, 18, 1495, 1472, 1584]"
5918,"[1733, 1666, 160, 691, 930]"
5919,"[927, 1193, 1033, 1025, 921]"
5920,"[1193, 927, 1587, 892, 43]"
5921,"[1338, 886, 918, 731, 914]"
5922,"[927, 1063, 1587, 739, 48]"
5923,"[1016, 350, 730, 66, 279]"
5924,"[1588, 1885, 1197, 1528, 420]"
5925,"[1591, 1902, 1567, 1592, 18]"
5926,"[1591, 1592, 1590, 1042, 1204]"
5927,"[1591, 807, 1045, 1917, 359]"
5928,"[868, 1748, 606, 649, 659]"
5929,"[723, 1052, 543, 1449, 91]"
5930,"[1733, 691, 445, 649, 18]"
5931,"[1591, 1592, 1590, 1680, 796]"
5932,"[1591, 1592, 1588, 1902, 1917]"
5933,"[927, 892, 1591, 1592, 1666]"
5934,"[1567, 1193, 18, 1495, 51]"
5935,"[114, 1193, 1042, 1054, 1344]"
5936,"[903, 796, 1742, 1931, 1567]"
5937,"[1521, 1564, 1543, 1561, 1542]"
5938,"[687, 796, 97, 723, 96]"
5939,"[1591, 1592, 114, 16, 1590]"
5940,"[691, 54, 57, 58, 408]"
5941,"[1676, 1495, 114, 1917, 1900]"
5942,"[1449, 1592, 543, 606, 1591]"
5943,"[1915, 1902, 408, 1900, 1054]"
5944,"[1915, 1193, 1042, 886, 1351]"
5945,"[1193, 886, 1042, 1680, 1909]"
5946,"[1193, 1909, 1620, 1885, 425]"
5947,"[659, 1748, 1495, 649, 1680]"
5948,"[1591, 1592, 886, 965, 271]"
5949,"[1900, 1025, 159, 937, 160]"
5950,"[51, 847, 1592, 1193, 1680]"
5951,"[1680, 886, 1592, 1193, 1042]"
5952,"[1193, 408, 1567, 16, 1495]"
5953,"[1054, 114, 408, 1915, 1900]"
5954,"[1902, 1900, 1591, 1592, 1917]"
5955,"[1929, 1592, 1666, 1906, 1043]"
5956,"[114, 927, 1591, 1900, 1193]"
5957,"[1885, 1723, 1882, 1495, 558]"
5958,"[1915, 824, 1567, 691, 1495]"
5959,"[1900, 114, 1591, 1592, 1902]"
5960,"[1043, 419, 659, 1620, 406]"
5961,"[1042, 388, 1900, 395, 1193]"
5962,"[739, 1234, 1006, 53, 1588]"
5963,"[1592, 1929, 1043, 1916, 1590]"
5964,"[1915, 1588, 1344, 1038, 1675]"
5965,"[655, 499, 807, 887, 1885]"
5966,"[1608, 1915, 1620, 1900, 1896]"
5967,"[408, 1900, 1902, 114, 1561]"
5968,"[1592, 886, 1929, 1193, 1586]"
5969,"[1666, 1929, 380, 1592, 1344]"
5970,"[1929, 1592, 632, 1666, 891]"
5971,"[1488, 534, 538, 1592, 543]"
5972,"[612, 1608, 886, 1896, 446]"
5973,"[1929, 1592, 891, 1723, 499]"
5974,"[796, 1592, 1590, 51, 1043]"
5975,"[1929, 1043, 1592, 1620, 1520]"
5976,"[1608, 886, 1607, 1517, 1896]"
5977,"[544, 80, 1666, 1619, 891]"
5978,"[1929, 1592, 1723, 891, 43]"
5979,"[1929, 1592, 1666, 1590, 1588]"
5980,"[1608, 1592, 886, 1590, 1191]"
5981,"[1592, 796, 1929, 54, 57]"
5982,"[1929, 1608, 1592, 1620, 1043]"
5983,"[886, 1193, 1351, 1680, 885]"
5984,"[1929, 1592, 1723, 66, 544]"
5985,"[1592, 1929, 1591, 1590, 1723]"
5986,"[1620, 1520, 1043, 936, 1592]"
5987,"[261, 233, 234, 235, 238]"
5988,"[1658, 1733, 1613, 54, 57]"
5989,"[1608, 1666, 1590, 1592, 1316]"
5990,"[427, 1204, 1567, 579, 405]"
5991,"[823, 1666, 1192, 1709, 1896]"
5992,"[1929, 1592, 886, 1608, 1666]"
5993,"[1620, 1592, 1929, 645, 1043]"
5994,"[95, 580, 807, 1575, 691]"
5995,"[1592, 1658, 1929, 1666, 1680]"
5996,"[1929, 1592, 1574, 242, 1723]"
5997,"[886, 1193, 1680, 1351, 1042]"
5998,"[1929, 1592, 1723, 891, 480]"
5999,"[1658, 1542, 785, 1692, 1567]"
6000,"[1929, 1592, 1723, 37, 1666]"
6001,"[1592, 1929, 1590, 1591, 1723]"
6002,"[1929, 1592, 1723, 891, 1717]"
6003,"[1608, 1517, 1896, 886, 401]"
6004,"[1026, 1723, 1608, 1029, 480]"
6005,"[1929, 1592, 1590, 1723, 1666]"
6006,"[1207, 1929, 1592, 721, 1505]"
6007,"[1929, 1592, 1658, 1406, 1504]"
6008,"[1896, 1608, 1592, 891, 1620]"
6009,"[1222, 1042, 1488, 886, 1590]"
6010,"[1929, 886, 1193, 1592, 1666]"
6011,"[1929, 1592, 1900, 480, 1723]"
6012,"[1053, 933, 1047, 1055, 1205]"
6013,"[261, 233, 234, 235, 238]"
6014,"[886, 1193, 1351, 1809, 1909]"
6015,"[691, 408, 1077, 1495, 446]"
6016,"[1055, 1052, 886, 408, 980]"
6017,"[886, 1648, 731, 1666, 1060]"
6018,"[886, 1055, 1006, 1053, 1630]"
6019,"[261, 233, 234, 235, 238]"
6020,"[1055, 1047, 222, 1052, 1050]"
6021,"[1193, 886, 1809, 933, 1053]"
6022,"[1495, 222, 1902, 1809, 18]"
6023,"[1053, 74, 933, 1055, 1809]"
6024,"[1809, 1193, 933, 1053, 927]"
6025,"[886, 1055, 1049, 1648, 933]"
6026,"[261, 233, 234, 235, 238]"
6027,"[982, 211, 213, 980, 212]"
6028,"[282, 66, 1500, 222, 84]"
6029,"[886, 1193, 1809, 1351, 1042]"
6030,"[261, 222, 265, 1226, 221]"
6031,"[1055, 1052, 1911, 223, 980]"
6032,"[1193, 1351, 1809, 1680, 933]"
6033,"[720, 1153, 194, 965, 1055]"
6034,"[886, 1193, 1809, 1351, 1495]"
6035,"[1055, 1680, 1052, 1630, 1666]"
6036,"[523, 1047, 530, 1237, 1053]"
6037,"[1193, 1055, 886, 927, 1809]"
6038,"[261, 233, 234, 235, 238]"
6039,"[933, 1193, 1042, 1055, 1495]"
6040,"[927, 271, 1053, 1055, 1052]"
6041,"[1055, 261, 930, 886, 933]"
6042,"[403, 1495, 1620, 1055, 1809]"
6043,"[1302, 1055, 1846, 394, 1252]"
6044,"[1855, 417, 1658, 1638, 74]"
6045,"[1338, 1428, 1917, 918, 1584]"
6046,"[261, 233, 234, 235, 238]"
6047,"[1053, 933, 1055, 1205, 271]"
6048,"[1053, 1193, 1809, 886, 933]"
6049,"[223, 1055, 263, 250, 260]"
6050,"[1055, 421, 1204, 1038, 1052]"
6051,"[224, 261, 259, 1317, 233]"
6052,"[1053, 933, 1055, 1917, 1809]"
6053,"[403, 452, 1053, 1917, 1809]"
6054,"[886, 1193, 1809, 1351, 1909]"
6055,"[1917, 1809, 359, 1930, 1666]"
6056,"[886, 1026, 1809, 403, 1680]"
6057,"[1742, 1542, 1554, 1564, 1489]"
6058,"[1019, 1592, 990, 1590, 1902]"
6059,"[403, 132, 901, 903, 1490]"
6060,"[1052, 1590, 1037, 1049, 728]"
6061,"[903, 1590, 543, 885, 1079]"
6062,"[1053, 1885, 1666, 1302, 79]"
6063,"[1861, 232, 236, 237, 1003]"
6064,"[1906, 1915, 1030, 901, 1528]"
6065,"[1929, 1666, 1193, 160, 1603]"
6066,"[1193, 543, 1909, 1458, 903]"
6067,"[1026, 1885, 470, 620, 1809]"
6068,"[1666, 1495, 408, 691, 1809]"
6069,"[1666, 1495, 408, 1809, 1915]"
6070,"[1193, 885, 886, 1909, 1351]"
6071,"[1026, 903, 1666, 1590, 930]"
6072,"[1053, 236, 1003, 232, 237]"
6073,"[1906, 1916, 735, 470, 620]"
6074,"[446, 1666, 731, 1053, 903]"
6075,"[1929, 1592, 885, 903, 1915]"
6076,"[1202, 410, 1026, 1915, 1193]"
6077,"[886, 1193, 885, 1680, 1909]"
6078,"[1193, 1026, 1909, 543, 1025]"
6079,"[903, 1590, 543, 885, 1079]"
6080,"[1916, 1193, 1030, 1666, 1909]"
6081,"[886, 1809, 1053, 1026, 1193]"
6082,"[1666, 1003, 232, 236, 237]"
6083,"[1915, 1666, 1930, 884, 543]"
6084,"[1666, 1885, 1054, 1053, 1025]"
6085,"[1733, 1004, 232, 237, 1003]"
6086,"[1026, 18, 1029, 327, 903]"
6087,"[886, 1809, 1053, 1026, 1193]"
6088,"[1882, 1805, 1900, 687, 1751]"
6089,"[1304, 85, 796, 673, 1658]"
6090,"[1656, 1884, 708, 1722, 1599]"
6091,"[1542, 1532, 1536, 1564, 1554]"
6092,"[1191, 1666, 1193, 692, 1909]"
6093,"[1924, 478, 1869, 1937, 1886]"
6094,"[1193, 708, 1733, 632, 1737]"
6095,"[1926, 1931, 697, 1193, 1064]"
6096,"[884, 110, 1192, 697, 687]"
6097,"[1713, 1900, 102, 425, 1902]"
6098,"[1924, 478, 1937, 1628, 552]"
6099,"[1591, 1928, 1590, 901, 660]"
6100,"[1249, 900, 1926, 258, 1550]"
6101,"[1900, 1902, 1916, 114, 1917]"
6102,"[1924, 478, 116, 1677, 114]"
6103,"[612, 414, 440, 632, 116]"
6104,"[114, 1900, 1677, 1902, 432]"
6105,"[927, 1193, 1885, 901, 691]"
6106,"[1934, 1193, 1043, 1926, 1695]"
6107,"[1900, 114, 1902, 408, 890]"
6108,"[689, 612, 110, 113, 697]"
6109,"[1900, 676, 1848, 1847, 1713]"
6110,"[114, 692, 1191, 1193, 1473]"
6111,"[1304, 1302, 1869, 527, 579]"
6112,"[1495, 443, 1900, 618, 616]"
6113,"[659, 1902, 697, 113, 1552]"
6114,"[277, 1733, 691, 270, 1318]"
6115,"[687, 1926, 688, 1722, 693]"
6116,"[1733, 1495, 691, 18, 636]"
6117,"[1249, 128, 1192, 624, 1824]"
6118,"[692, 1272, 79, 1271, 610]"
6119,"[807, 691, 1573, 1619, 1204]"
6120,"[632, 504, 1063, 16, 43]"
6121,"[1896, 1608, 1006, 798, 1679]"
6122,"[691, 1733, 1675, 1618, 1676]"
6123,"[114, 1929, 1896, 535, 884]"
6124,"[443, 1772, 114, 884, 471]"
6125,"[1656, 1884, 708, 1722, 1599]"
6126,"[401, 18, 1192, 645, 471]"
6127,"[321, 116, 1128, 1129, 396]"
6128,"[1064, 401, 1192, 1615, 884]"
6129,"[717, 1574, 1679, 468, 1573]"
6130,"[1902, 1193, 114, 927, 408]"
6131,"[1696, 1063, 43, 1934, 1500]"
6132,"[4, 1191, 1063, 1255, 1489]"
6133,"[1541, 1564, 1547, 1520, 1542]"
6134,"[645, 1204, 641, 1100, 807]"
6135,"[1902, 1900, 1495, 1064, 388]"
6136,"[1900, 443, 1562, 1567, 697]"
6137,"[4, 468, 1517, 1063, 1192]"
6138,"[658, 628, 638, 1199, 102]"
6139,"[420, 1937, 1549, 102, 96]"
6140,"[665, 1058, 420, 1669, 1733]"
6141,"[4, 402, 1915, 1197, 1700]"
6142,"[1588, 408, 1902, 1900, 114]"
6143,"[1495, 18, 16, 443, 1567]"
6144,"[1197, 1573, 1191, 1204, 1239]"
6145,"[665, 1740, 781, 1516, 107]"
6146,"[1617, 292, 1655, 700, 1615]"
6147,"[681, 954, 629, 1538, 1518]"
6148,"[1588, 1643, 4, 1575, 403]"
6149,"[644, 471, 1717, 47, 16]"
6150,"[649, 1495, 43, 18, 44]"
6151,"[1320, 420, 126, 1073, 1888]"
6152,"[504, 632, 1464, 580, 43]"
6153,"[468, 73, 665, 1320, 1197]"
6154,"[1902, 128, 1900, 1628, 1543]"
6155,"[44, 1544, 1610, 43, 1656]"
6156,"[420, 96, 1549, 97, 98]"
6157,"[1538, 102, 1556, 1885, 420]"
6158,"[645, 903, 648, 636, 641]"
6159,"[1902, 408, 98, 1900, 96]"
6160,"[446, 416, 46, 1588, 612]"
6161,"[102, 420, 1885, 1073, 97]"
6162,"[1275, 1934, 1495, 449, 480]"
6163,"[1861, 501, 1855, 1846, 1567]"
6164,"[18, 1809, 1882, 1869, 927]"
6165,"[1541, 1542, 1530, 1628, 1073]"
6166,"[1900, 1495, 443, 18, 1902]"
6167,"[850, 1191, 1063, 4, 860]"
6168,"[114, 612, 1897, 1922, 116]"
6169,"[420, 1861, 97, 98, 96]"
6170,"[420, 171, 1073, 807, 1885]"
6171,"[665, 629, 420, 1549, 96]"
6172,"[46, 128, 1544, 1900, 114]"
6173,"[1495, 1902, 60, 102, 1073]"
6174,"[102, 1313, 97, 1700, 98]"
6175,"[43, 1886, 472, 128, 1495]"
6176,"[689, 1138, 1703, 1709, 1717]"
6177,"[1923, 1747, 865, 863, 1733]"
6178,"[1694, 689, 1923, 1138, 313]"
6179,"[1239, 412, 444, 612, 1923]"
6180,"[807, 865, 863, 1747, 1495]"
6181,"[723, 614, 1581, 313, 355]"
6182,"[1923, 314, 1495, 1894, 1884]"
6183,"[892, 460, 870, 1913, 1694]"
6184,"[95, 314, 1694, 1160, 1453]"
6185,"[1317, 1658, 1138, 798, 1709]"
6186,"[1138, 1574, 1717, 1703, 1709]"
6187,"[1923, 865, 863, 1747, 1900]"
6188,"[18, 1138, 1472, 1717, 1608]"
6189,"[1138, 1717, 689, 1703, 1709]"
6190,"[1028, 1925, 612, 614, 1923]"
6191,"[739, 688, 314, 67, 1733]"
6192,"[1579, 1147, 265, 114, 284]"
6193,"[1495, 333, 1900, 1573, 707]"
6194,"[903, 1138, 87, 1717, 1709]"
6195,"[891, 468, 1717, 1567, 807]"
6196,"[1733, 612, 1923, 446, 444]"
6197,"[1138, 1717, 689, 1703, 1709]"
6198,"[1894, 1923, 314, 619, 1495]"
6199,"[1138, 689, 1709, 1703, 612]"
6200,"[1197, 1655, 46, 700, 863]"
6201,"[1138, 1923, 689, 1709, 1654]"
6202,"[1869, 114, 1700, 502, 612]"
6203,"[313, 1117, 1923, 1694, 870]"
6204,"[265, 452, 114, 1855, 1302]"
6205,"[1722, 1713, 1544, 420, 1885]"
6206,"[612, 689, 1534, 1138, 1923]"
6207,"[314, 1736, 1886, 1720, 1884]"
6208,"[1694, 114, 612, 689, 1747]"
6209,"[534, 1302, 1234, 527, 514]"
6210,"[1579, 1193, 1147, 1889, 265]"
6211,"[1884, 1656, 1733, 446, 1312]"
6212,"[341, 1073, 1934, 374, 1525]"
6213,"[612, 314, 614, 1138, 1923]"
6214,"[1742, 1717, 1567, 468, 16]"
6215,"[1358, 1138, 1495, 1709, 18]"
6216,"[314, 865, 863, 1747, 1733]"
6217,"[1138, 1717, 1703, 1709, 1574]"
6218,"[1717, 59, 1646, 1160, 1889]"
6219,"[1923, 1495, 1934, 1900, 1696]"
6220,"[624, 1567, 16, 114, 1249]"
6221,"[1567, 16, 114, 132, 1611]"
6222,"[1567, 16, 114, 132, 691]"
6223,"[1567, 114, 16, 455, 1611]"
6224,"[16, 114, 901, 1617, 413]"
6225,"[16, 1611, 114, 1567, 507]"
6226,"[1567, 16, 114, 1896, 1611]"
6227,"[16, 114, 1611, 1567, 507]"
6228,"[1406, 114, 16, 807, 1403]"
6229,"[1567, 901, 16, 1588, 1748]"
6230,"[16, 1611, 114, 507, 1567]"
6231,"[114, 16, 1567, 455, 612]"
6232,"[1544, 16, 884, 1722, 860]"
6233,"[692, 1567, 114, 16, 1444]"
6234,"[16, 1611, 114, 1567, 1191]"
6235,"[16, 114, 926, 1617, 1611]"
6236,"[1567, 16, 1191, 114, 132]"
6237,"[1617, 114, 926, 16, 1611]"
6238,"[114, 16, 496, 18, 1907]"
6239,"[1588, 926, 1617, 16, 43]"
6240,"[16, 1611, 114, 1617, 926]"
6241,"[16, 1611, 114, 455, 1191]"
6242,"[16, 1611, 114, 535, 1191]"
6243,"[16, 1611, 114, 1191, 507]"
6244,"[16, 1611, 114, 1617, 1567]"
6245,"[16, 114, 1191, 1617, 1567]"
6246,"[1567, 16, 535, 114, 1191]"
6247,"[1913, 1006, 455, 111, 468]"
6248,"[16, 114, 1191, 1567, 507]"
6249,"[16, 114, 1567, 1611, 1916]"
6250,"[16, 1611, 114, 1191, 535]"
6251,"[114, 455, 1884, 1567, 16]"
6252,"[1567, 114, 16, 132, 18]"
6253,"[16, 114, 1611, 110, 1567]"
6254,"[16, 1611, 114, 1924, 1567]"
6255,"[16, 1611, 114, 1617, 507]"
6256,"[1884, 1349, 1866, 1546, 1904]"
6257,"[16, 114, 1611, 535, 1567]"
6258,"[1567, 16, 114, 132, 1611]"
6259,"[114, 16, 1567, 903, 1611]"
6260,"[1617, 16, 114, 1611, 1191]"
6261,"[114, 1567, 16, 1192, 455]"
6262,"[16, 114, 1611, 1567, 1113]"
6263,"[16, 1611, 1191, 114, 507]"
6264,"[368, 1072, 1567, 1896, 1193]"
6265,"[1896, 1567, 1608, 1607, 1191]"
6266,"[372, 368, 1627, 1892, 1607]"
6267,"[114, 16, 1467, 1897, 1922]"
6268,"[1619, 403, 612, 1896, 1618]"
6269,"[1067, 1567, 1907, 1072, 1193]"
6270,"[1567, 114, 16, 1904, 132]"
6271,"[368, 1896, 739, 1125, 1157]"
6272,"[1567, 901, 1896, 132, 1618]"
6273,"[1579, 502, 1404, 1472, 1438]"
6274,"[1191, 1567, 1896, 1072, 1907]"
6275,"[1567, 1733, 37, 54, 57]"
6276,"[1567, 363, 723, 368, 670]"
6277,"[832, 691, 1676, 901, 1619]"
6278,"[1567, 534, 1212, 16, 1488]"
6279,"[132, 1570, 135, 1557, 1125]"
6280,"[132, 1607, 1896, 135, 1157]"
6281,"[1157, 368, 372, 1567, 132]"
6282,"[1896, 1567, 1072, 368, 37]"
6283,"[1627, 1907, 1905, 1314, 1892]"
6284,"[132, 1567, 1618, 1907, 1157]"
6285,"[468, 73, 861, 571, 111]"
6286,"[1567, 368, 1125, 1896, 54]"
6287,"[1338, 485, 491, 1193, 486]"
6288,"[1072, 1896, 54, 57, 58]"
6289,"[886, 537, 1193, 1351, 1567]"
6290,"[1567, 1191, 1896, 1193, 1618]"
6291,"[132, 135, 1567, 1721, 114]"
6292,"[739, 608, 501, 1725, 1157]"
6293,"[501, 1809, 608, 1501, 1567]"
6294,"[1567, 16, 114, 474, 18]"
6295,"[1567, 16, 114, 1618, 1884]"
6296,"[1885, 1567, 1193, 495, 470]"
6297,"[1072, 1896, 368, 54, 57]"
6298,"[1567, 1896, 1072, 1618, 1885]"
6299,"[739, 608, 1725, 1472, 773]"
6300,"[1567, 1884, 16, 1894, 1212]"
6301,"[368, 372, 739, 132, 1567]"
6302,"[1733, 608, 1725, 739, 368]"
6303,"[1725, 608, 768, 1738, 745]"
6304,"[1567, 37, 1896, 368, 1885]"
6305,"[1896, 1191, 1927, 1607, 1072]"
6306,"[1896, 1567, 1191, 95, 1608]"
6307,"[368, 1896, 1072, 132, 1125]"
6308,"[1314, 114, 16, 1567, 1204]"
6309,"[612, 639, 1161, 1022, 1121]"
6310,"[1615, 1538, 1772, 1193, 82]"
6311,"[114, 269, 1619, 1603, 1916]"
6312,"[691, 1733, 1204, 446, 884]"
6313,"[884, 1679, 1204, 807, 1567]"
6314,"[443, 661, 1006, 1204, 1573]"
6315,"[588, 269, 1723, 1679, 1717]"
6316,"[831, 1772, 1574, 471, 639]"
6317,"[1733, 128, 691, 1588, 1193]"
6318,"[1192, 884, 1193, 1666, 641]"
6319,"[1204, 618, 1437, 1392, 304]"
6320,"[1717, 1161, 16, 639, 44]"
6321,"[1121, 1161, 1039, 1006, 116]"
6322,"[269, 1679, 1567, 1574, 443]"
6323,"[547, 1587, 43, 1588, 1886]"
6324,"[269, 1204, 739, 831, 1573]"
6325,"[44, 645, 641, 16, 43]"
6326,"[1679, 632, 1567, 639, 1121]"
6327,"[807, 73, 798, 16, 1204]"
6328,"[547, 1697, 1128, 358, 647]"
6329,"[1717, 468, 269, 73, 68]"
6330,"[1717, 1006, 16, 269, 468]"
6331,"[1191, 807, 1204, 1573, 632]"
6332,"[892, 1588, 1567, 43, 1587]"
6333,"[1161, 639, 16, 1717, 44]"
6334,"[1717, 468, 1006, 16, 1679]"
6335,"[1772, 649, 807, 606, 16]"
6336,"[618, 417, 114, 1239, 18]"
6337,"[114, 1573, 1204, 807, 606]"
6338,"[1679, 668, 661, 807, 1567]"
6339,"[443, 269, 1772, 1017, 1045]"
6340,"[831, 1772, 649, 639, 1574]"
6341,"[1902, 1900, 1676, 1263, 1733]"
6342,"[443, 1900, 1495, 1192, 18]"
6343,"[1573, 660, 640, 1884, 1588]"
6344,"[641, 1193, 639, 992, 401]"
6345,"[831, 1204, 1772, 16, 1567]"
6346,"[639, 1006, 609, 688, 798]"
6347,"[1197, 1733, 478, 691, 446]"
6348,"[606, 114, 723, 807, 1204]"
6349,"[269, 1204, 17, 1573, 612]"
6350,"[645, 644, 639, 269, 662]"
6351,"[114, 1900, 1902, 807, 1573]"
6352,"[1723, 403, 1717, 468, 1691]"
6353,"[1574, 1894, 1900, 426, 1898]"
6354,"[1900, 116, 1902, 1907, 1926]"
6355,"[1900, 1915, 807, 1607, 1495]"
6356,"[1567, 16, 501, 44, 1882]"
6357,"[1599, 903, 1193, 1608, 114]"
6358,"[1567, 640, 46, 1574, 37]"
6359,"[1193, 927, 1529, 1025, 46]"
6360,"[403, 901, 132, 502, 1404]"
6361,"[1191, 1255, 501, 1809, 1906]"
6362,"[1255, 1506, 1474, 1872, 1302]"
6363,"[1588, 1587, 1896, 43, 478]"
6364,"[403, 452, 1300, 1861, 265]"
6365,"[547, 43, 1888, 1587, 113]"
6366,"[1574, 1620, 1065, 1907, 1927]"
6367,"[1574, 426, 1898, 88, 1718]"
6368,"[1193, 43, 1588, 927, 1471]"
6369,"[1574, 1212, 1471, 534, 1588]"
6370,"[574, 575, 563, 564, 1675]"
6371,"[1529, 1193, 106, 1032, 1906]"
6372,"[567, 563, 564, 575, 1675]"
6373,"[1588, 1193, 1907, 1574, 95]"
6374,"[1588, 1891, 1900, 1902, 1646]"
6375,"[1472, 1438, 1457, 505, 1567]"
6376,"[1193, 1620, 1809, 425, 735]"
6377,"[1574, 1926, 37, 1567, 426]"
6378,"[1574, 426, 1898, 88, 1718]"
6379,"[1567, 478, 95, 37, 1913]"
6380,"[1495, 1619, 1907, 1826, 1581]"
6381,"[452, 1300, 1861, 1900, 403]"
6382,"[1778, 1900, 1902, 114, 1495]"
6383,"[1900, 1567, 95, 1618, 1885]"
6384,"[426, 1898, 88, 1718, 792]"
6385,"[505, 519, 1915, 1495, 374]"
6386,"[1472, 1826, 1607, 493, 505]"
6387,"[443, 1495, 1900, 1599, 403]"
6388,"[413, 1567, 478, 95, 1904]"
6389,"[1900, 114, 1907, 116, 1574]"
6390,"[555, 1457, 860, 502, 1404]"
6391,"[1197, 1567, 501, 1495, 1809]"
6392,"[1193, 927, 1529, 1025, 46]"
6393,"[1574, 426, 1898, 1483, 88]"
6394,"[1900, 114, 1926, 1907, 1574]"
6395,"[421, 1929, 1900, 1915, 1917]"
6396,"[1279, 504, 401, 613, 632]"
6397,"[1690, 504, 895, 122, 1279]"
6398,"[1197, 16, 468, 596, 580]"
6399,"[1534, 1279, 73, 1325, 1006]"
6400,"[1936, 446, 1638, 1279, 1617]"
6401,"[1936, 1894, 425, 1277, 1915]"
6402,"[1277, 1870, 1874, 1824, 79]"
6403,"[606, 636, 1748, 723, 7]"
6404,"[1495, 505, 1809, 1915, 1602]"
6405,"[486, 1289, 1394, 1197, 524]"
6406,"[1197, 1690, 777, 73, 16]"
6407,"[1677, 522, 1824, 521, 1870]"
6408,"[126, 1937, 659, 171, 1746]"
6409,"[1495, 1279, 1301, 1882, 403]"
6410,"[1276, 1928, 1178, 1271, 692]"
6411,"[1279, 1087, 417, 446, 414]"
6412,"[1279, 884, 1191, 1666, 614]"
6413,"[1733, 1928, 1588, 1279, 1906]"
6414,"[452, 1279, 1301, 1902, 1300]"
6415,"[443, 1495, 403, 1277, 132]"
6416,"[1358, 402, 1247, 420, 404]"
6417,"[116, 1889, 1886, 1724, 1618]"
6418,"[1316, 1544, 51, 739, 1499]"
6419,"[1279, 1088, 1278, 1106, 1250]"
6420,"[1924, 478, 1937, 1279, 1677]"
6421,"[1269, 257, 1104, 446, 1279]"
6422,"[1279, 522, 1677, 1870, 1874]"
6423,"[1301, 1299, 1733, 452, 1676]"
6424,"[1936, 1884, 1277, 116, 1495]"
6425,"[516, 330, 1123, 475, 1056]"
6426,"[445, 1279, 443, 73, 1691]"
6427,"[1608, 662, 1607, 1517, 1896]"
6428,"[1279, 443, 73, 1691, 1006]"
6429,"[645, 606, 723, 1279, 790]"
6430,"[1204, 446, 10, 575, 1063]"
6431,"[1928, 1906, 1588, 1528, 1529]"
6432,"[73, 468, 1882, 443, 1279]"
6433,"[73, 443, 468, 404, 1882]"
6434,"[1279, 1285, 1197, 777, 431]"
6435,"[1618, 1617, 1557, 1619, 1279]"
6436,"[1936, 1935, 773, 448, 433]"
6437,"[1936, 1277, 1279, 113, 414]"
6438,"[606, 723, 1638, 1193, 401]"
6439,"[1928, 1588, 1529, 1178, 1271]"
6440,"[1239, 612, 401, 471, 645]"
6441,"[1639, 1861, 46, 452, 1588]"
6442,"[1249, 1733, 723, 128, 446]"
6443,"[1, 43, 44, 1679, 807]"
6444,"[807, 1608, 691, 1204, 1902]"
6445,"[645, 612, 1239, 471, 114]"
6446,"[114, 16, 687, 18, 1567]"
6447,"[889, 18, 1495, 443, 1900]"
6448,"[1742, 468, 1679, 1574, 1567]"
6449,"[1247, 1522, 1541, 1201, 1073]"
6450,"[1733, 632, 423, 1244, 446]"
6451,"[1894, 1608, 1679, 1599, 16]"
6452,"[46, 861, 1573, 44, 446]"
6453,"[1281, 1643, 1575, 446, 1343]"
6454,"[18, 16, 884, 1192, 1900]"
6455,"[1894, 416, 645, 1608, 471]"
6456,"[1204, 868, 1588, 1193, 1885]"
6457,"[884, 641, 1192, 1608, 1599]"
6458,"[1588, 1900, 18, 635, 471]"
6459,"[884, 16, 44, 1599, 1297]"
6460,"[114, 624, 446, 408, 1638]"
6461,"[1894, 416, 1495, 18, 417]"
6462,"[413, 1894, 884, 1608, 648]"
6463,"[1, 43, 1717, 1679, 468]"
6464,"[1484, 892, 1900, 1302, 1495]"
6465,"[443, 18, 1204, 807, 1495]"
6466,"[1894, 1608, 417, 884, 1192]"
6467,"[446, 46, 16, 44, 43]"
6468,"[632, 1654, 739, 650, 1309]"
6469,"[1679, 468, 807, 884, 1192]"
6470,"[417, 1544, 416, 1543, 1534]"
6471,"[884, 641, 1192, 1599, 401]"
6472,"[1608, 901, 413, 1619, 1392]"
6473,"[73, 1742, 468, 1717, 1772]"
6474,"[1894, 1608, 1607, 417, 1599]"
6475,"[632, 52, 417, 1247, 1894]"
6476,"[1480, 1495, 1302, 403, 901]"
6477,"[1334, 579, 930, 1772, 580]"
6478,"[471, 114, 612, 645, 1239]"
6479,"[1313, 793, 472, 420, 102]"
6480,"[515, 1492, 1475, 506, 1894]"
6481,"[1608, 901, 632, 52, 443]"
6482,"[1894, 1608, 416, 1607, 1679]"
6483,"[16, 891, 1447, 1197, 43]"
6484,"[1733, 1302, 691, 16, 411]"
6485,"[930, 1619, 48, 1249, 468]"
6486,"[468, 1772, 1567, 807, 579]"
6487,"[1923, 468, 16, 43, 773]"
6488,"[739, 884, 1717, 468, 624]"
6489,"[468, 288, 861, 128, 111]"
6490,"[48, 1587, 1287, 575, 573]"
6491,"[242, 48, 1316, 1570, 1587]"
6492,"[401, 801, 691, 1897, 1922]"
6493,"[1934, 1275, 449, 335, 341]"
6494,"[807, 48, 401, 215, 198]"
6495,"[82, 828, 1015, 54, 57]"
6496,"[110, 54, 57, 58, 375]"
6497,"[505, 1500, 1302, 1297, 1487]"
6498,"[927, 1915, 1066, 918, 1676]"
6499,"[668, 647, 48, 1587, 807]"
6500,"[884, 1011, 1615, 250, 1517]"
6501,"[1603, 73, 468, 884, 845]"
6502,"[1913, 128, 468, 988, 939]"
6503,"[739, 120, 884, 1738, 1581]"
6504,"[927, 1874, 48, 470, 620]"
6505,"[116, 1581, 48, 1495, 1587]"
6506,"[1772, 1287, 632, 1567, 16]"
6507,"[48, 114, 606, 1204, 43]"
6508,"[1287, 1772, 1742, 468, 16]"
6509,"[133, 1516, 856, 1565, 857]"
6510,"[884, 624, 48, 16, 1772]"
6511,"[739, 624, 807, 884, 401]"
6512,"[1297, 1772, 1438, 807, 1287]"
6513,"[739, 1696, 773, 120, 1698]"
6514,"[551, 1213, 1692, 556, 114]"
6515,"[1772, 1428, 1742, 1567, 579]"
6516,"[381, 723, 1447, 375, 551]"
6517,"[739, 1717, 16, 468, 13]"
6518,"[82, 655, 632, 1290, 807]"
6519,"[739, 16, 1717, 1738, 801]"
6520,"[1917, 468, 73, 891, 1882]"
6521,"[16, 1897, 1922, 1567, 523]"
6522,"[1287, 1567, 18, 1882, 1805]"
6523,"[1731, 691, 16, 1567, 1772]"
6524,"[1287, 135, 1742, 37, 807]"
6525,"[884, 624, 1567, 807, 16]"
6526,"[1772, 927, 1320, 468, 579]"
6527,"[1895, 480, 556, 1733, 774]"
6528,"[478, 1924, 443, 1495, 1567]"
6529,"[1900, 1197, 16, 1543, 48]"
6530,"[478, 1924, 1197, 1434, 1884]"
6531,"[114, 1733, 1567, 1495, 18]"
6532,"[1884, 16, 116, 1197, 48]"
6533,"[1915, 1561, 1560, 868, 114]"
6534,"[18, 51, 691, 1197, 1204]"
6535,"[1924, 51, 478, 1204, 1884]"
6536,"[1924, 478, 1733, 691, 1495]"
6537,"[1884, 16, 116, 1197, 1306]"
6538,"[1884, 891, 16, 1197, 48]"
6539,"[1733, 446, 691, 773, 114]"
6540,"[16, 48, 114, 1900, 116]"
6541,"[1567, 114, 16, 1884, 132]"
6542,"[1924, 478, 1197, 1515, 541]"
6543,"[1197, 1204, 478, 807, 1573]"
6544,"[18, 478, 1924, 1197, 668]"
6545,"[114, 16, 807, 1204, 1567]"
6546,"[1884, 1924, 48, 1204, 16]"
6547,"[1924, 478, 116, 723, 1900]"
6548,"[1884, 16, 48, 1197, 44]"
6549,"[1924, 478, 1884, 51, 116]"
6550,"[114, 18, 1924, 478, 1495]"
6551,"[1457, 1884, 51, 1794, 878]"
6552,"[1924, 478, 1515, 1495, 541]"
6553,"[1924, 478, 1495, 16, 1515]"
6554,"[1884, 1924, 478, 116, 1197]"
6555,"[18, 1495, 1192, 114, 44]"
6556,"[1924, 478, 116, 1884, 1495]"
6557,"[1614, 1521, 1412, 1197, 1536]"
6558,"[114, 116, 1902, 691, 1884]"
6559,"[1495, 16, 443, 1567, 1772]"
6560,"[1884, 16, 48, 1197, 44]"
6561,"[1884, 48, 1197, 16, 1924]"
6562,"[1924, 478, 1900, 114, 1902]"
6563,"[878, 478, 1884, 1915, 1924]"
6564,"[478, 807, 1924, 1275, 449]"
6565,"[478, 1924, 1197, 1495, 1900]"
6566,"[1924, 478, 1197, 116, 1733]"
6567,"[1204, 1924, 478, 1733, 116]"
6568,"[1495, 1900, 443, 16, 116]"
6569,"[445, 16, 1884, 1900, 1197]"
6570,"[114, 1733, 1924, 1567, 478]"
6571,"[1197, 1191, 1924, 478, 1884]"
6572,"[16, 1204, 807, 401, 1567]"
6573,"[1924, 478, 1197, 606, 116]"
6574,"[891, 18, 44, 16, 1742]"
6575,"[16, 807, 1772, 1521, 1461]"
6576,"[1542, 807, 16, 18, 1567]"
6577,"[1197, 445, 478, 1924, 401]"
6578,"[1924, 478, 1727, 541, 16]"
6579,"[1197, 478, 1924, 891, 1679]"
6580,"[1896, 468, 1607, 257, 1517]"
6581,"[336, 114, 640, 18, 1495]"
6582,"[691, 114, 446, 1275, 116]"
6583,"[1924, 478, 1884, 16, 116]"
6584,"[1924, 1733, 478, 691, 1542]"
6585,"[1924, 478, 1884, 116, 16]"
6586,"[114, 612, 445, 414, 1900]"
6587,"[478, 1924, 807, 1204, 18]"
6588,"[445, 1855, 1846, 659, 1861]"
6589,"[445, 807, 44, 16, 1679]"
6590,"[1924, 478, 1515, 541, 807]"
6591,"[44, 606, 1204, 18, 43]"
6592,"[807, 16, 1204, 1193, 401]"
6593,"[1617, 624, 785, 292, 784]"
6594,"[892, 1886, 1587, 692, 1618]"
6595,"[1855, 1846, 1861, 1733, 691]"
6596,"[1617, 1655, 292, 1702, 1555]"
6597,"[501, 1193, 926, 160, 1561]"
6598,"[1457, 900, 1798, 1618, 552]"
6599,"[1344, 1900, 1902, 374, 1457]"
6600,"[114, 926, 125, 901, 1618]"
6601,"[1159, 1907, 1620, 1066, 1255]"
6602,"[632, 927, 1193, 1900, 1902]"
6603,"[1617, 1702, 1927, 292, 43]"
6604,"[1906, 501, 1928, 1528, 1277]"
6605,"[1193, 892, 1066, 1032, 1748]"
6606,"[1618, 114, 1192, 478, 446]"
6607,"[1617, 1193, 1194, 1655, 1612]"
6608,"[1618, 900, 1721, 374, 1902]"
6609,"[901, 114, 1618, 1249, 1495]"
6610,"[1612, 1936, 1068, 1635, 1602]"
6611,"[1618, 374, 341, 1934, 926]"
6612,"[282, 501, 926, 66, 670]"
6613,"[501, 1640, 331, 1915, 18]"
6614,"[501, 374, 1457, 1809, 331]"
6615,"[1617, 292, 1655, 372, 1722]"
6616,"[1618, 1619, 885, 926, 900]"
6617,"[1928, 501, 1906, 1557, 1125]"
6618,"[1618, 926, 1733, 900, 1619]"
6619,"[1193, 114, 1612, 1733, 1902]"
6620,"[1902, 1900, 900, 1618, 1917]"
6621,"[1561, 114, 868, 1900, 473]"
6622,"[900, 926, 773, 1900, 1032]"
6623,"[1619, 735, 453, 1555, 160]"
6624,"[1618, 811, 868, 1071, 1748]"
6625,"[1902, 1900, 900, 1618, 1917]"
6626,"[1249, 1032, 900, 1550, 1886]"
6627,"[1193, 470, 620, 824, 1025]"
6628,"[1618, 1032, 892, 1886, 1915]"
6629,"[1193, 1032, 1886, 1550, 1618]"
6630,"[892, 1733, 1886, 1674, 282]"
6631,"[1618, 1886, 892, 1587, 1887]"
6632,"[1886, 892, 125, 773, 1066]"
6633,"[1249, 1674, 1612, 926, 900]"
6634,"[1618, 1495, 114, 900, 773]"
6635,"[1618, 891, 1193, 1917, 1555]"
6636,"[1567, 16, 739, 114, 120]"
6637,"[534, 982, 556, 979, 212]"
6638,"[381, 927, 1934, 1197, 739]"
6639,"[1733, 739, 807, 691, 1573]"
6640,"[443, 739, 1292, 120, 468]"
6641,"[556, 739, 1408, 543, 1440]"
6642,"[16, 1113, 739, 120, 48]"
6643,"[739, 120, 48, 1587, 54]"
6644,"[1573, 18, 114, 1733, 691]"
6645,"[120, 1733, 65, 991, 815]"
6646,"[927, 1588, 1587, 636, 1897]"
6647,"[120, 815, 1292, 798, 65]"
6648,"[1592, 1590, 1560, 1561, 1591]"
6649,"[289, 1071, 811, 868, 1032]"
6650,"[1643, 468, 1343, 1063, 1575]"
6651,"[1907, 1612, 1032, 1587, 1917]"
6652,"[1902, 1907, 1592, 420, 1561]"
6653,"[667, 1219, 1902, 102, 1197]"
6654,"[16, 114, 1611, 1567, 1191]"
6655,"[43, 1587, 1588, 1886, 892]"
6656,"[4, 128, 1902, 530, 102]"
6657,"[1904, 1567, 289, 1921, 37]"
6658,"[1197, 1063, 1567, 468, 1679]"
6659,"[1607, 1249, 132, 901, 403]"
6660,"[1929, 1592, 452, 1869, 1608]"
6661,"[1885, 1193, 1524, 453, 1656]"
6662,"[1861, 403, 1567, 1063, 1562]"
6663,"[135, 1567, 1889, 37, 1913]"
6664,"[114, 1897, 1922, 1587, 927]"
6665,"[1680, 1929, 1630, 1025, 721]"
6666,"[1157, 1567, 1885, 1212, 501]"
6667,"[1894, 691, 1733, 1885, 1453]"
6668,"[1591, 1592, 1929, 1900, 1590]"
6669,"[1541, 1197, 1700, 1887, 102]"
6670,"[891, 1279, 1618, 1748, 125]"
6671,"[849, 1057, 1219, 716, 687]"
6672,"[927, 43, 1587, 892, 1627]"
6673,"[608, 1567, 368, 739, 740]"
6674,"[1733, 691, 446, 444, 78]"
6675,"[1902, 1197, 420, 102, 1040]"
6676,"[116, 135, 1067, 1032, 1098]"
6677,"[44, 43, 1614, 860, 1521]"
6678,"[1924, 1937, 126, 478, 612]"
6679,"[1063, 927, 739, 884, 401]"
6680,"[707, 927, 446, 417, 1193]"
6681,"[413, 1638, 114, 1900, 116]"
6682,"[739, 688, 314, 67, 1733]"
6683,"[125, 423, 1244, 1702, 468]"
6684,"[128, 98, 97, 96, 759]"
6685,"[18, 114, 823, 1902, 1619]"
6686,"[468, 579, 599, 575, 1063]"
6687,"[94, 420, 1701, 1646, 18]"
6688,"[1567, 406, 106, 419, 407]"
6689,"[665, 629, 700, 658, 1669]"
6690,"[1936, 1894, 425, 1277, 1915]"
6691,"[16, 114, 1611, 507, 1567]"
6692,"[1923, 334, 1900, 333, 1902]"
6693,"[1006, 1428, 1930, 1917, 261]"
6694,"[1924, 1722, 292, 1617, 687]"
6695,"[524, 544, 1742, 1346, 1619]"
6696,"[1500, 403, 1666, 1933, 1053]"
6697,"[667, 1934, 1680, 1900, 1043]"
6698,"[655, 1592, 1588, 1666, 1591]"
6699,"[1929, 1592, 1193, 1618, 1620]"
6700,"[1587, 114, 868, 113, 1588]"
6701,"[423, 1244, 125, 1702, 1902]"
6702,"[1591, 18, 1592, 1567, 1882]"
6703,"[468, 1063, 861, 578, 588]"
6704,"[1244, 423, 1124, 1126, 1690]"
6705,"[892, 1927, 1193, 1032, 927]"
6706,"[1588, 1193, 1591, 114, 1590]"
6707,"[419, 1666, 1733, 406, 407]"
6708,"[1060, 1666, 1017, 419, 1917]"
6709,"[446, 1239, 1193, 1915, 1930]"
6710,"[1924, 478, 1937, 1677, 1628]"
6711,"[1924, 478, 1197, 116, 1900]"
6712,"[1193, 1909, 1026, 1025, 1043]"
6713,"[1191, 291, 113, 1070, 112]"
6714,"[218, 261, 1592, 1929, 257]"
6715,"[116, 44, 43, 1904, 1495]"
6716,"[160, 1670, 930, 604, 1567]"
6717,"[1588, 1885, 1646, 1884, 1886]"
6718,"[723, 903, 1197, 114, 1884]"
6719,"[18, 51, 691, 1197, 1204]"
6720,"[1358, 261, 1363, 1053, 1376]"
6721,"[1462, 44, 18, 807, 43]"
6722,"[1614, 1610, 45, 1521, 1638]"
6723,"[1368, 1524, 453, 1224, 1572]"
6724,"[1567, 1191, 1608, 1896, 1885]"
6725,"[420, 1358, 1197, 1902, 102]"
6726,"[1902, 927, 1197, 716, 1628]"
6727,"[16, 1191, 1611, 114, 1567]"
6728,"[735, 926, 773, 287, 1915]"
6729,"[1588, 655, 18, 1495, 1846]"
6730,"[1900, 618, 1495, 1543, 7]"
6731,"[1733, 691, 446, 1567, 114]"
6732,"[1924, 478, 1884, 1929, 1588]"
6733,"[1260, 1256, 1298, 1900, 114]"
6734,"[807, 116, 606, 44, 1772]"
6735,"[1916, 1588, 1906, 1733, 1928]"
6736,"[1900, 1902, 891, 1929, 420]"
6737,"[1525, 1557, 665, 1561, 1560]"
6738,"[1567, 368, 1894, 37, 1]"
6739,"[1567, 16, 927, 114, 535]"
6740,"[1586, 1193, 113, 1040, 1618]"
6741,"[1869, 1886, 1495, 1068, 443]"
6742,"[1884, 1197, 48, 1924, 116]"
6743,"[1153, 1319, 259, 256, 1209]"
6744,"[499, 887, 636, 108, 1592]"
6745,"[1889, 471, 73, 665, 468]"
6746,"[1614, 1610, 45, 1521, 1638]"
6747,"[114, 128, 432, 1587, 1701]"
6748,"[1902, 1197, 927, 97, 96]"
6749,"[16, 114, 1567, 507, 1113]"
6750,"[1567, 114, 16, 884, 691]"
6751,"[1588, 1901, 1733, 1885, 1934]"
6752,"[111, 468, 1314, 892, 901]"
6753,"[1627, 1905, 1701, 1713, 1587]"
6754,"[485, 891, 1040, 739, 1888]"
6755,"[1861, 1885, 639, 1193, 420]"
6756,"[423, 1244, 125, 1900, 1690]"
6757,"[1897, 1922, 1927, 1588, 1160]"
6758,"[1191, 612, 1255, 1666, 1193]"
6759,"[114, 1193, 1042, 1916, 1680]"
6760,"[1495, 1902, 1197, 102, 97]"
6761,"[1694, 114, 612, 689, 1747]"
6762,"[1516, 552, 86, 1064, 321]"
6763,"[1855, 1861, 1197, 1846, 411]"
6764,"[120, 1573, 636, 815, 1292]"
6765,"[1900, 175, 925, 928, 164]"
6766,"[1055, 990, 1053, 933, 1025]"
6767,"[1193, 927, 113, 1914, 1897]"
6768,"[1639, 1913, 343, 1377, 111]"
6769,"[333, 1639, 1128, 1924, 1560]"
6770,"[652, 1204, 18, 44, 1573]"
6771,"[1138, 739, 18, 1567, 807]"
6772,"[1904, 425, 43, 1589, 1489]"
6773,"[1697, 1587, 43, 784, 785]"
6774,"[659, 1495, 807, 1900, 1882]"
6775,"[334, 1900, 1639, 1696, 333]"
6776,"[807, 1495, 891, 575, 579]"
6777,"[1701, 1567, 1646, 457, 88]"
6778,"[1902, 1541, 1700, 1552, 1561]"
6779,"[1680, 1894, 425, 1193, 1043]"
6780,"[1438, 927, 1495, 405, 1680]"
6781,"[277, 692, 220, 1181, 281]"
6782,"[649, 645, 1717, 575, 807]"
6783,"[1742, 1544, 1564, 1542, 1900]"
6784,"[1702, 1204, 43, 44, 16]"
6785,"[420, 1549, 1239, 1894, 1193]"
6786,"[468, 1679, 1567, 1772, 807]"
6787,"[1193, 1909, 886, 1458, 1889]"
6788,"[1915, 1077, 784, 1748, 96]"
6789,"[1924, 1733, 1639, 1885, 478]"
6790,"[1119, 1772, 807, 899, 1204]"
6791,"[927, 1019, 1915, 443, 1567]"
6792,"[1197, 1885, 1902, 927, 1700]"
6793,"[1627, 1063, 1905, 468, 1554]"
6794,"[423, 1244, 125, 1550, 1702]"
6795,"[1627, 1905, 1733, 1204, 691]"
6796,"[1893, 1700, 1019, 1885, 1197]"
6797,"[1531, 1562, 478, 1717, 609]"
6798,"[667, 1219, 1902, 102, 687]"
6799,"[891, 114, 1193, 807, 1748]"
6800,"[1900, 1902, 114, 1917, 116]"
6801,"[1191, 114, 1567, 455, 16]"
6802,"[1924, 478, 1128, 1639, 1192]"
6803,"[1567, 37, 1896, 1191, 1805]"
6804,"[1191, 1193, 1923, 632, 1531]"
6805,"[1197, 18, 102, 97, 96]"
6806,"[645, 1192, 401, 471, 884]"
6807,"[1457, 1630, 65, 723, 721]"
6808,"[687, 692, 1740, 1618, 693]"
6809,"[16, 1567, 1113, 1611, 114]"
6810,"[1904, 1267, 16, 44, 1204]"
6811,"[1885, 1193, 1855, 1588, 1846]"
6812,"[1902, 1197, 102, 1040, 408]"
6813,"[1618, 1535, 570, 807, 1885]"
6814,"[1249, 691, 110, 1639, 860]"
6815,"[1193, 1909, 1809, 1618, 1620]"
6816,"[1567, 1723, 372, 16, 645]"
6817,"[1495, 501, 1809, 1900, 403]"
6818,"[466, 458, 1537, 1567, 1564]"
6819,"[1197, 1628, 1073, 97, 96]"
6820,"[82, 807, 468, 1772, 471]"
6821,"[1897, 1922, 113, 43, 1587]"
6822,"[432, 1263, 438, 1266, 1928]"
6823,"[1063, 468, 861, 575, 563]"
6824,"[1936, 1279, 1277, 113, 414]"
6825,"[1567, 1733, 668, 37, 691]"
6826,"[468, 1742, 579, 1717, 807]"
6827,"[641, 1886, 645, 1599, 903]"
6828,"[1617, 292, 1193, 1655, 1722]"
6829,"[1894, 1531, 1562, 1884, 1588]"
6830,"[1904, 43, 425, 1489, 1191]"
6831,"[1809, 1193, 1252, 425, 886]"
6832,"[1197, 4, 614, 1244, 423]"
6833,"[78, 453, 1193, 1892, 1560]"
6834,"[1620, 1071, 289, 1025, 1894]"
6835,"[1241, 1929, 1890, 1592, 535]"
6836,"[1204, 1543, 18, 368, 1489]"
6837,"[691, 135, 1287, 891, 232]"
6838,"[1516, 1197, 97, 96, 102]"
6839,"[443, 325, 327, 1136, 1087]"
6840,"[1193, 927, 420, 1861, 930]"
6841,"[853, 1057, 849, 104, 114]"
6842,"[446, 1042, 933, 425, 1193]"
6843,"[1586, 1193, 1524, 1885, 1909]"
6844,"[478, 1924, 481, 1861, 420]"
6845,"[1547, 1525, 1524, 514, 504]"
6846,"[1904, 1890, 1531, 289, 1191]"
6847,"[16, 43, 807, 1772, 632]"
6848,"[132, 135, 372, 368, 114]"
6849,"[1193, 886, 1930, 534, 541]"
6850,"[860, 1897, 1922, 1701, 1713]"
6851,"[1896, 1567, 1608, 37, 1607]"
6852,"[1138, 43, 44, 1730, 1567]"
6853,"[443, 1302, 1495, 1900, 1772]"
6854,"[665, 420, 629, 1495, 1077]"
6855,"[1148, 739, 1495, 1723, 1472]"
6856,"[1591, 1125, 1072, 368, 954]"
6857,"[115, 1193, 446, 1239, 1463]"
6858,"[807, 16, 1573, 110, 1567]"
6859,"[1613, 291, 1896, 1191, 1537]"
6860,"[114, 1271, 1275, 449, 1092]"
6861,"[125, 1244, 423, 1702, 1126]"
6862,"[114, 1679, 807, 16, 1575]"
6863,"[1936, 1279, 114, 1900, 1902]"
6864,"[1193, 1326, 1620, 425, 1618]"
6865,"[1587, 739, 927, 1930, 1039]"
6866,"[125, 1244, 423, 606, 902]"
6867,"[1929, 1592, 1666, 1590, 1153]"
6868,"[1193, 1351, 927, 1809, 425]"
6869,"[1733, 1639, 691, 1641, 114]"
6870,"[1700, 1902, 102, 96, 1746]"
6871,"[368, 1072, 54, 57, 58]"
6872,"[1197, 1118, 577, 592, 1040]"
6873,"[1902, 1197, 1900, 420, 1628]"
6874,"[891, 1567, 1742, 580, 37]"
6875,"[1304, 1302, 1869, 527, 579]"
6876,"[1586, 1193, 1040, 425, 1615]"
6877,"[1447, 1448, 551, 1861, 1440]"
6878,"[537, 1317, 1238, 259, 1567]"
6879,"[16, 1611, 114, 507, 1567]"
6880,"[1197, 1902, 1495, 749, 1885]"
6881,"[1560, 1525, 1561, 1524, 1551]"
6882,"[521, 1677, 522, 1499, 1506]"
6883,"[1541, 43, 1549, 1700, 1534]"
6884,"[1591, 1592, 114, 1902, 408]"
6885,"[445, 1567, 1646, 1701, 1896]"
6886,"[413, 1453, 43, 807, 1679]"
6887,"[1677, 1279, 522, 1824, 1870]"
6888,"[1924, 478, 1885, 1884, 1524]"
6889,"[368, 1619, 372, 1191, 1896]"
6890,"[1567, 1885, 95, 37, 1892]"
6891,"[1587, 43, 413, 113, 1904]"
6892,"[114, 401, 613, 1885, 807]"
6893,"[446, 421, 425, 1197, 1032]"
6894,"[1884, 478, 1733, 114, 691]"
6895,"[120, 815, 1292, 217, 798]"
6896,"[1896, 1567, 1608, 114, 1613]"
6897,"[1591, 1902, 1592, 1900, 114]"
6898,"[1463, 95, 1733, 1331, 1357]"
6899,"[1581, 1249, 68, 1213, 468]"
6900,"[1212, 1904, 1157, 1567, 1191]"
6901,"[1567, 1618, 1896, 114, 1192]"
6902,"[1561, 1006, 1560, 1926, 1557]"
6903,"[4, 1063, 468, 589, 1567]"
6904,"[579, 16, 1567, 595, 593]"
6905,"[1924, 478, 446, 1197, 1515]"
6906,"[1742, 1534, 1564, 1489, 1554]"
6907,"[1592, 233, 234, 235, 238]"
6908,"[1934, 665, 341, 1320, 468]"
6909,"[1923, 314, 1747, 689, 865]"
6910,"[1899, 1701, 114, 1907, 113]"
6911,"[420, 171, 1073, 807, 1885]"
6912,"[1567, 37, 1885, 95, 1063]"
6913,"[1608, 1592, 886, 1590, 1191]"
6914,"[528, 1507, 1434, 538, 1377]"
6915,"[1574, 1193, 905, 426, 1898]"
6916,"[537, 1193, 1567, 1351, 1909]"
6917,"[1680, 1630, 1933, 1038, 1207]"
6918,"[1904, 1869, 425, 1886, 418]"
6919,"[1915, 885, 1054, 632, 66]"
6920,"[265, 34, 211, 965, 1915]"
6921,"[1281, 1099, 402, 1575, 446]"
6922,"[1889, 1717, 480, 499, 1885]"
6923,"[1157, 368, 1193, 501, 1255]"
6924,"[1592, 1666, 55, 1855, 1869]"
6925,"[1567, 1896, 1618, 1907, 114]"
6926,"[1244, 423, 1126, 501, 902]"
6927,"[1915, 885, 1680, 470, 620]"
6928,"[368, 1193, 1896, 1930, 1157]"
6929,"[368, 1607, 372, 114, 1733]"
6930,"[1627, 1902, 1587, 1567, 1905]"
6931,"[1534, 1255, 1066, 824, 1603]"
6932,"[667, 102, 1219, 1197, 1902]"
6933,"[420, 1516, 1902, 1549, 1713]"
6934,"[44, 116, 1516, 16, 1894]"
6935,"[823, 1666, 1321, 731, 114]"
6936,"[1070, 291, 1112, 1904, 1741]"
6937,"[70, 1069, 1567, 748, 844]"
6938,"[343, 1525, 1748, 1524, 1914]"
6939,"[116, 1548, 51, 1032, 407]"
6940,"[1924, 114, 1561, 478, 807]"
6941,"[1457, 552, 1924, 1560, 478]"
6942,"[1467, 1567, 579, 1742, 16]"
6943,"[1588, 1573, 375, 660, 739]"
6944,"[1924, 478, 541, 1515, 132]"
6945,"[667, 1902, 485, 1219, 1588]"
6946,"[413, 1613, 443, 44, 1530]"
6947,"[1902, 927, 1900, 1495, 114]"
6948,"[73, 16, 1772, 1742, 1567]"
6949,"[428, 1197, 1298, 1588, 1250]"
6950,"[1930, 1666, 1030, 1193, 1916]"
6951,"[1516, 1639, 1560, 1733, 1885]"
6952,"[1201, 864, 126, 1893, 1588]"
6953,"[44, 16, 43, 1679, 1567]"
6954,"[446, 1900, 1733, 160, 1666]"
6955,"[1193, 927, 1588, 1916, 1909]"
6956,"[1924, 478, 1937, 1628, 1553]"
6957,"[1666, 934, 174, 176, 931]"
6958,"[1666, 165, 934, 174, 176]"
6959,"[1902, 1197, 1219, 1495, 1552]"
6960,"[113, 1897, 1922, 89, 1534]"
6961,"[443, 269, 1772, 1017, 1045]"
6962,"[43, 1733, 1588, 1587, 1193]"
6963,"[114, 1567, 1191, 1472, 132]"
6964,"[1902, 1567, 18, 1552, 1900]"
6965,"[1193, 927, 43, 1587, 1025]"
6966,"[1438, 531, 1915, 1869, 1772]"
6967,"[1904, 1071, 43, 868, 425]"
6968,"[1251, 1701, 446, 1645, 1646]"
6969,"[114, 16, 478, 1924, 1197]"
6970,"[1071, 1904, 868, 1748, 1890]"
6971,"[43, 1587, 1612, 892, 1558]"
6972,"[1885, 102, 1620, 1197, 1518]"
6973,"[1902, 1900, 1219, 1495, 408]"
6974,"[368, 1627, 1892, 1618, 1905]"
6975,"[1929, 1592, 1608, 886, 544]"
6976,"[1567, 903, 1072, 1896, 1618]"
6977,"[403, 1080, 1263, 1924, 438]"
